Error at 2026-03-28 15:09:39
Message: Table 'pos_inventory_system_db.products' doesn't exist in engine
Stack trace: #0 C:\Users\Asus\Downloads\Website\api\products.php(36): mysqli->query('SELECT p.id, p....')
#1 {main}

Error at 2026-03-28 15:09:39 (transactions.php)
Message: Table 'pos_inventory_system_db.transactions' doesn't exist in engine
Stack trace: #0 C:\Users\Asus\Downloads\Website\api\transactions.php(38): mysqli->query('SELECT t.id, t....')
#1 {main}

Error at 2026-03-28 15:10:39
Message: Table 'pos_inventory_system_db.products' doesn't exist in engine
Stack trace: #0 C:\Users\Asus\Downloads\Website\api\products.php(36): mysqli->query('SELECT p.id, p....')
#1 {main}

Error at 2026-03-28 15:10:39 (transactions.php)
Message: Table 'pos_inventory_system_db.transactions' doesn't exist in engine
Stack trace: #0 C:\Users\Asus\Downloads\Website\api\transactions.php(38): mysqli->query('SELECT t.id, t....')
#1 {main}

Error at 2026-03-28 15:11:39
Message: Table 'pos_inventory_system_db.products' doesn't exist in engine
Stack trace: #0 C:\Users\Asus\Downloads\Website\api\products.php(36): mysqli->query('SELECT p.id, p....')
#1 {main}

Error at 2026-03-28 15:11:39 (transactions.php)
Message: Table 'pos_inventory_system_db.transactions' doesn't exist in engine
Stack trace: #0 C:\Users\Asus\Downloads\Website\api\transactions.php(38): mysqli->query('SELECT t.id, t....')
#1 {main}

Error at 2026-03-28 15:11:43
Message: Table 'pos_inventory_system_db.products' doesn't exist in engine
Stack trace: #0 C:\Users\Asus\Downloads\Website\api\products.php(36): mysqli->query('SELECT p.id, p....')
#1 {main}

Error at 2026-03-28 15:11:43 (transactions.php)
Message: Table 'pos_inventory_system_db.transactions' doesn't exist in engine
Stack trace: #0 C:\Users\Asus\Downloads\Website\api\transactions.php(38): mysqli->query('SELECT t.id, t....')
#1 {main}

Error at 2026-03-28 15:11:43 (transactions.php)
Message: Table 'pos_inventory_system_db.transactions' doesn't exist in engine
Stack trace: #0 C:\Users\Asus\Downloads\Website\api\transactions.php(38): mysqli->query('SELECT t.id, t....')
#1 {main}

Error at 2026-03-28 15:11:43
Message: Table 'pos_inventory_system_db.products' doesn't exist in engine
Stack trace: #0 C:\Users\Asus\Downloads\Website\api\products.php(36): mysqli->query('SELECT p.id, p....')
#1 {main}

Error at 2026-03-28 15:11:44 (transactions.php)
Message: Table 'pos_inventory_system_db.transactions' doesn't exist in engine
Stack trace: #0 C:\Users\Asus\Downloads\Website\api\transactions.php(38): mysqli->query('SELECT t.id, t....')
#1 {main}

Error at 2026-03-28 15:11:45
Message: Table 'pos_inventory_system_db.products' doesn't exist in engine
Stack trace: #0 C:\Users\Asus\Downloads\Website\api\products.php(36): mysqli->query('SELECT p.id, p....')
#1 {main}

Error at 2026-03-28 15:11:45 (transactions.php)
Message: Table 'pos_inventory_system_db.transactions' doesn't exist in engine
Stack trace: #0 C:\Users\Asus\Downloads\Website\api\transactions.php(38): mysqli->query('SELECT t.id, t....')
#1 {main}

Error at 2026-03-28 15:11:45
Message: Table 'pos_inventory_system_db.products' doesn't exist in engine
Stack trace: #0 C:\Users\Asus\Downloads\Website\api\products.php(36): mysqli->query('SELECT p.id, p....')
#1 {main}

Error at 2026-03-28 15:11:46 (transactions.php)
Message: Table 'pos_inventory_system_db.transactions' doesn't exist in engine
Stack trace: #0 C:\Users\Asus\Downloads\Website\api\transactions.php(38): mysqli->query('SELECT t.id, t....')
#1 {main}

Error at 2026-03-28 15:11:47
Message: Table 'pos_inventory_system_db.products' doesn't exist in engine
Stack trace: #0 C:\Users\Asus\Downloads\Website\api\products.php(36): mysqli->query('SELECT p.id, p....')
#1 {main}

Error at 2026-03-28 15:11:47 (transactions.php)
Message: Table 'pos_inventory_system_db.transactions' doesn't exist in engine
Stack trace: #0 C:\Users\Asus\Downloads\Website\api\transactions.php(38): mysqli->query('SELECT t.id, t....')
#1 {main}

Error at 2026-03-28 15:11:48
Message: Table 'pos_inventory_system_db.products' doesn't exist in engine
Stack trace: #0 C:\Users\Asus\Downloads\Website\api\products.php(36): mysqli->query('SELECT p.id, p....')
#1 {main}

Error at 2026-03-28 15:11:48 (transactions.php)
Message: Table 'pos_inventory_system_db.transactions' doesn't exist in engine
Stack trace: #0 C:\Users\Asus\Downloads\Website\api\transactions.php(38): mysqli->query('SELECT t.id, t....')
#1 {main}

Error at 2026-03-28 15:11:49
Message: Table 'pos_inventory_system_db.products' doesn't exist in engine
Stack trace: #0 C:\Users\Asus\Downloads\Website\api\products.php(36): mysqli->query('SELECT p.id, p....')
#1 {main}

Error at 2026-03-28 15:11:49 (transactions.php)
Message: Table 'pos_inventory_system_db.transactions' doesn't exist in engine
Stack trace: #0 C:\Users\Asus\Downloads\Website\api\transactions.php(38): mysqli->query('SELECT t.id, t....')
#1 {main}

Error at 2026-03-28 15:11:50
Message: Table 'pos_inventory_system_db.products' doesn't exist in engine
Stack trace: #0 C:\Users\Asus\Downloads\Website\api\products.php(36): mysqli->query('SELECT p.id, p....')
#1 {main}

Error at 2026-03-28 15:11:50 (transactions.php)
Message: Table 'pos_inventory_system_db.transactions' doesn't exist in engine
Stack trace: #0 C:\Users\Asus\Downloads\Website\api\transactions.php(38): mysqli->query('SELECT t.id, t....')
#1 {main}

Error at 2026-03-28 15:11:51
Message: Table 'pos_inventory_system_db.products' doesn't exist in engine
Stack trace: #0 C:\Users\Asus\Downloads\Website\api\products.php(36): mysqli->query('SELECT p.id, p....')
#1 {main}

Error at 2026-03-28 15:11:51 (transactions.php)
Message: Table 'pos_inventory_system_db.transactions' doesn't exist in engine
Stack trace: #0 C:\Users\Asus\Downloads\Website\api\transactions.php(38): mysqli->query('SELECT t.id, t....')
#1 {main}

Error at 2026-03-28 15:11:52
Message: Table 'pos_inventory_system_db.products' doesn't exist in engine
Stack trace: #0 C:\Users\Asus\Downloads\Website\api\products.php(36): mysqli->query('SELECT p.id, p....')
#1 {main}

Error at 2026-03-28 15:11:52 (transactions.php)
Message: Table 'pos_inventory_system_db.transactions' doesn't exist in engine
Stack trace: #0 C:\Users\Asus\Downloads\Website\api\transactions.php(38): mysqli->query('SELECT t.id, t....')
#1 {main}

Error at 2026-03-28 15:11:53
Message: Table 'pos_inventory_system_db.products' doesn't exist in engine
Stack trace: #0 C:\Users\Asus\Downloads\Website\api\products.php(36): mysqli->query('SELECT p.id, p....')
#1 {main}

Error at 2026-03-28 15:11:53 (transactions.php)
Message: Table 'pos_inventory_system_db.transactions' doesn't exist in engine
Stack trace: #0 C:\Users\Asus\Downloads\Website\api\transactions.php(38): mysqli->query('SELECT t.id, t....')
#1 {main}

Error at 2026-03-28 15:11:54
Message: Table 'pos_inventory_system_db.products' doesn't exist in engine
Stack trace: #0 C:\Users\Asus\Downloads\Website\api\products.php(36): mysqli->query('SELECT p.id, p....')
#1 {main}

Error at 2026-03-28 15:11:54 (transactions.php)
Message: Table 'pos_inventory_system_db.transactions' doesn't exist in engine
Stack trace: #0 C:\Users\Asus\Downloads\Website\api\transactions.php(38): mysqli->query('SELECT t.id, t....')
#1 {main}

Error at 2026-03-28 15:11:55
Message: Table 'pos_inventory_system_db.products' doesn't exist in engine
Stack trace: #0 C:\Users\Asus\Downloads\Website\api\products.php(36): mysqli->query('SELECT p.id, p....')
#1 {main}

Error at 2026-03-28 15:11:55 (transactions.php)
Message: Table 'pos_inventory_system_db.transactions' doesn't exist in engine
Stack trace: #0 C:\Users\Asus\Downloads\Website\api\transactions.php(38): mysqli->query('SELECT t.id, t....')
#1 {main}

Error at 2026-03-28 15:11:56
Message: Table 'pos_inventory_system_db.products' doesn't exist in engine
Stack trace: #0 C:\Users\Asus\Downloads\Website\api\products.php(36): mysqli->query('SELECT p.id, p....')
#1 {main}

Error at 2026-03-28 15:11:56 (transactions.php)
Message: Table 'pos_inventory_system_db.transactions' doesn't exist in engine
Stack trace: #0 C:\Users\Asus\Downloads\Website\api\transactions.php(38): mysqli->query('SELECT t.id, t....')
#1 {main}

Error at 2026-03-28 15:11:57
Message: Table 'pos_inventory_system_db.products' doesn't exist in engine
Stack trace: #0 C:\Users\Asus\Downloads\Website\api\products.php(36): mysqli->query('SELECT p.id, p....')
#1 {main}

Error at 2026-03-28 15:11:57 (transactions.php)
Message: Table 'pos_inventory_system_db.transactions' doesn't exist in engine
Stack trace: #0 C:\Users\Asus\Downloads\Website\api\transactions.php(38): mysqli->query('SELECT t.id, t....')
#1 {main}

Error at 2026-03-28 15:11:58
Message: Table 'pos_inventory_system_db.products' doesn't exist in engine
Stack trace: #0 C:\Users\Asus\Downloads\Website\api\products.php(36): mysqli->query('SELECT p.id, p....')
#1 {main}

Error at 2026-03-28 15:11:58 (transactions.php)
Message: Table 'pos_inventory_system_db.transactions' doesn't exist in engine
Stack trace: #0 C:\Users\Asus\Downloads\Website\api\transactions.php(38): mysqli->query('SELECT t.id, t....')
#1 {main}

Error at 2026-03-28 15:11:59
Message: Table 'pos_inventory_system_db.products' doesn't exist in engine
Stack trace: #0 C:\Users\Asus\Downloads\Website\api\products.php(36): mysqli->query('SELECT p.id, p....')
#1 {main}

Error at 2026-03-28 15:11:59 (transactions.php)
Message: Table 'pos_inventory_system_db.transactions' doesn't exist in engine
Stack trace: #0 C:\Users\Asus\Downloads\Website\api\transactions.php(38): mysqli->query('SELECT t.id, t....')
#1 {main}

Error at 2026-03-28 15:12:00
Message: Table 'pos_inventory_system_db.products' doesn't exist in engine
Stack trace: #0 C:\Users\Asus\Downloads\Website\api\products.php(36): mysqli->query('SELECT p.id, p....')
#1 {main}

Error at 2026-03-28 15:12:00 (transactions.php)
Message: Table 'pos_inventory_system_db.transactions' doesn't exist in engine
Stack trace: #0 C:\Users\Asus\Downloads\Website\api\transactions.php(38): mysqli->query('SELECT t.id, t....')
#1 {main}

Error at 2026-03-28 15:12:01
Message: Table 'pos_inventory_system_db.products' doesn't exist in engine
Stack trace: #0 C:\Users\Asus\Downloads\Website\api\products.php(36): mysqli->query('SELECT p.id, p....')
#1 {main}

Error at 2026-03-28 15:12:01 (transactions.php)
Message: Table 'pos_inventory_system_db.transactions' doesn't exist in engine
Stack trace: #0 C:\Users\Asus\Downloads\Website\api\transactions.php(38): mysqli->query('SELECT t.id, t....')
#1 {main}

Error at 2026-03-28 15:12:02
Message: Table 'pos_inventory_system_db.products' doesn't exist in engine
Stack trace: #0 C:\Users\Asus\Downloads\Website\api\products.php(36): mysqli->query('SELECT p.id, p....')
#1 {main}

Error at 2026-03-28 15:12:02 (transactions.php)
Message: Table 'pos_inventory_system_db.transactions' doesn't exist in engine
Stack trace: #0 C:\Users\Asus\Downloads\Website\api\transactions.php(38): mysqli->query('SELECT t.id, t....')
#1 {main}

Error at 2026-03-28 15:12:03
Message: Table 'pos_inventory_system_db.products' doesn't exist in engine
Stack trace: #0 C:\Users\Asus\Downloads\Website\api\products.php(36): mysqli->query('SELECT p.id, p....')
#1 {main}

Error at 2026-03-28 15:12:03 (transactions.php)
Message: Table 'pos_inventory_system_db.transactions' doesn't exist in engine
Stack trace: #0 C:\Users\Asus\Downloads\Website\api\transactions.php(38): mysqli->query('SELECT t.id, t....')
#1 {main}

Error at 2026-03-28 15:12:04
Message: Table 'pos_inventory_system_db.products' doesn't exist in engine
Stack trace: #0 C:\Users\Asus\Downloads\Website\api\products.php(36): mysqli->query('SELECT p.id, p....')
#1 {main}

Error at 2026-03-28 15:12:04 (transactions.php)
Message: Table 'pos_inventory_system_db.transactions' doesn't exist in engine
Stack trace: #0 C:\Users\Asus\Downloads\Website\api\transactions.php(38): mysqli->query('SELECT t.id, t....')
#1 {main}

Error at 2026-03-28 15:12:05
Message: Table 'pos_inventory_system_db.products' doesn't exist in engine
Stack trace: #0 C:\Users\Asus\Downloads\Website\api\products.php(36): mysqli->query('SELECT p.id, p....')
#1 {main}

Error at 2026-03-28 15:12:05 (transactions.php)
Message: Table 'pos_inventory_system_db.transactions' doesn't exist in engine
Stack trace: #0 C:\Users\Asus\Downloads\Website\api\transactions.php(38): mysqli->query('SELECT t.id, t....')
#1 {main}

Error at 2026-03-28 15:12:06
Message: Table 'pos_inventory_system_db.products' doesn't exist in engine
Stack trace: #0 C:\Users\Asus\Downloads\Website\api\products.php(36): mysqli->query('SELECT p.id, p....')
#1 {main}

Error at 2026-03-28 15:12:06 (transactions.php)
Message: Table 'pos_inventory_system_db.transactions' doesn't exist in engine
Stack trace: #0 C:\Users\Asus\Downloads\Website\api\transactions.php(38): mysqli->query('SELECT t.id, t....')
#1 {main}

Error at 2026-03-28 15:12:07
Message: Table 'pos_inventory_system_db.products' doesn't exist in engine
Stack trace: #0 C:\Users\Asus\Downloads\Website\api\products.php(36): mysqli->query('SELECT p.id, p....')
#1 {main}

Error at 2026-03-28 15:12:07 (transactions.php)
Message: Table 'pos_inventory_system_db.transactions' doesn't exist in engine
Stack trace: #0 C:\Users\Asus\Downloads\Website\api\transactions.php(38): mysqli->query('SELECT t.id, t....')
#1 {main}

Error at 2026-03-28 15:12:08
Message: Table 'pos_inventory_system_db.products' doesn't exist in engine
Stack trace: #0 C:\Users\Asus\Downloads\Website\api\products.php(36): mysqli->query('SELECT p.id, p....')
#1 {main}

Error at 2026-03-28 15:12:08 (transactions.php)
Message: Table 'pos_inventory_system_db.transactions' doesn't exist in engine
Stack trace: #0 C:\Users\Asus\Downloads\Website\api\transactions.php(38): mysqli->query('SELECT t.id, t....')
#1 {main}

Error at 2026-03-28 15:12:09
Message: Table 'pos_inventory_system_db.products' doesn't exist in engine
Stack trace: #0 C:\Users\Asus\Downloads\Website\api\products.php(36): mysqli->query('SELECT p.id, p....')
#1 {main}

Error at 2026-03-28 15:12:09 (transactions.php)
Message: Table 'pos_inventory_system_db.transactions' doesn't exist in engine
Stack trace: #0 C:\Users\Asus\Downloads\Website\api\transactions.php(38): mysqli->query('SELECT t.id, t....')
#1 {main}

Error at 2026-03-28 15:12:09
Message: Table 'pos_inventory_system_db.products' doesn't exist in engine
Stack trace: #0 C:\Users\Asus\Downloads\Website\api\products.php(36): mysqli->query('SELECT p.id, p....')
#1 {main}

Error at 2026-03-28 15:12:10 (transactions.php)
Message: Table 'pos_inventory_system_db.transactions' doesn't exist in engine
Stack trace: #0 C:\Users\Asus\Downloads\Website\api\transactions.php(38): mysqli->query('SELECT t.id, t....')
#1 {main}

Error at 2026-03-28 15:12:11
Message: Table 'pos_inventory_system_db.products' doesn't exist in engine
Stack trace: #0 C:\Users\Asus\Downloads\Website\api\products.php(36): mysqli->query('SELECT p.id, p....')
#1 {main}

Error at 2026-03-28 15:12:11 (transactions.php)
Message: Table 'pos_inventory_system_db.transactions' doesn't exist in engine
Stack trace: #0 C:\Users\Asus\Downloads\Website\api\transactions.php(38): mysqli->query('SELECT t.id, t....')
#1 {main}

Error at 2026-03-28 15:12:11
Message: Table 'pos_inventory_system_db.products' doesn't exist in engine
Stack trace: #0 C:\Users\Asus\Downloads\Website\api\products.php(36): mysqli->query('SELECT p.id, p....')
#1 {main}

Error at 2026-03-28 15:12:12 (transactions.php)
Message: Table 'pos_inventory_system_db.transactions' doesn't exist in engine
Stack trace: #0 C:\Users\Asus\Downloads\Website\api\transactions.php(38): mysqli->query('SELECT t.id, t....')
#1 {main}

Error at 2026-03-28 15:12:13
Message: Table 'pos_inventory_system_db.products' doesn't exist in engine
Stack trace: #0 C:\Users\Asus\Downloads\Website\api\products.php(36): mysqli->query('SELECT p.id, p....')
#1 {main}

Error at 2026-03-28 15:12:13 (transactions.php)
Message: Table 'pos_inventory_system_db.transactions' doesn't exist in engine
Stack trace: #0 C:\Users\Asus\Downloads\Website\api\transactions.php(38): mysqli->query('SELECT t.id, t....')
#1 {main}

Error at 2026-03-28 15:12:13
Message: Table 'pos_inventory_system_db.products' doesn't exist in engine
Stack trace: #0 C:\Users\Asus\Downloads\Website\api\products.php(36): mysqli->query('SELECT p.id, p....')
#1 {main}

Error at 2026-03-28 15:12:14 (transactions.php)
Message: Table 'pos_inventory_system_db.transactions' doesn't exist in engine
Stack trace: #0 C:\Users\Asus\Downloads\Website\api\transactions.php(38): mysqli->query('SELECT t.id, t....')
#1 {main}

Error at 2026-03-28 15:12:15
Message: Table 'pos_inventory_system_db.products' doesn't exist in engine
Stack trace: #0 C:\Users\Asus\Downloads\Website\api\products.php(36): mysqli->query('SELECT p.id, p....')
#1 {main}

Error at 2026-03-28 15:12:15 (transactions.php)
Message: Table 'pos_inventory_system_db.transactions' doesn't exist in engine
Stack trace: #0 C:\Users\Asus\Downloads\Website\api\transactions.php(38): mysqli->query('SELECT t.id, t....')
#1 {main}

Error at 2026-03-28 15:12:15
Message: Table 'pos_inventory_system_db.products' doesn't exist in engine
Stack trace: #0 C:\Users\Asus\Downloads\Website\api\products.php(36): mysqli->query('SELECT p.id, p....')
#1 {main}

Error at 2026-03-28 15:12:16 (transactions.php)
Message: Table 'pos_inventory_system_db.transactions' doesn't exist in engine
Stack trace: #0 C:\Users\Asus\Downloads\Website\api\transactions.php(38): mysqli->query('SELECT t.id, t....')
#1 {main}

Error at 2026-03-28 15:12:17
Message: Table 'pos_inventory_system_db.products' doesn't exist in engine
Stack trace: #0 C:\Users\Asus\Downloads\Website\api\products.php(36): mysqli->query('SELECT p.id, p....')
#1 {main}

Error at 2026-03-28 15:12:17 (transactions.php)
Message: Table 'pos_inventory_system_db.transactions' doesn't exist in engine
Stack trace: #0 C:\Users\Asus\Downloads\Website\api\transactions.php(38): mysqli->query('SELECT t.id, t....')
#1 {main}

Error at 2026-03-28 15:12:18
Message: Table 'pos_inventory_system_db.products' doesn't exist in engine
Stack trace: #0 C:\Users\Asus\Downloads\Website\api\products.php(36): mysqli->query('SELECT p.id, p....')
#1 {main}

Error at 2026-03-28 15:12:18 (transactions.php)
Message: Table 'pos_inventory_system_db.transactions' doesn't exist in engine
Stack trace: #0 C:\Users\Asus\Downloads\Website\api\transactions.php(38): mysqli->query('SELECT t.id, t....')
#1 {main}

Error at 2026-03-28 15:12:19
Message: Table 'pos_inventory_system_db.products' doesn't exist in engine
Stack trace: #0 C:\Users\Asus\Downloads\Website\api\products.php(36): mysqli->query('SELECT p.id, p....')
#1 {main}

Error at 2026-03-28 15:12:19 (transactions.php)
Message: Table 'pos_inventory_system_db.transactions' doesn't exist in engine
Stack trace: #0 C:\Users\Asus\Downloads\Website\api\transactions.php(38): mysqli->query('SELECT t.id, t....')
#1 {main}

Error at 2026-03-28 15:12:20
Message: Table 'pos_inventory_system_db.products' doesn't exist in engine
Stack trace: #0 C:\Users\Asus\Downloads\Website\api\products.php(36): mysqli->query('SELECT p.id, p....')
#1 {main}

Error at 2026-03-28 15:12:20 (transactions.php)
Message: Table 'pos_inventory_system_db.transactions' doesn't exist in engine
Stack trace: #0 C:\Users\Asus\Downloads\Website\api\transactions.php(38): mysqli->query('SELECT t.id, t....')
#1 {main}

Error at 2026-03-28 15:12:21
Message: Table 'pos_inventory_system_db.products' doesn't exist in engine
Stack trace: #0 C:\Users\Asus\Downloads\Website\api\products.php(36): mysqli->query('SELECT p.id, p....')
#1 {main}

Error at 2026-03-28 15:12:21 (transactions.php)
Message: Table 'pos_inventory_system_db.transactions' doesn't exist in engine
Stack trace: #0 C:\Users\Asus\Downloads\Website\api\transactions.php(38): mysqli->query('SELECT t.id, t....')
#1 {main}

Error at 2026-03-28 15:12:22
Message: Table 'pos_inventory_system_db.products' doesn't exist in engine
Stack trace: #0 C:\Users\Asus\Downloads\Website\api\products.php(36): mysqli->query('SELECT p.id, p....')
#1 {main}

Error at 2026-03-28 15:12:22 (transactions.php)
Message: Table 'pos_inventory_system_db.transactions' doesn't exist in engine
Stack trace: #0 C:\Users\Asus\Downloads\Website\api\transactions.php(38): mysqli->query('SELECT t.id, t....')
#1 {main}

Error at 2026-03-28 15:12:23 (transactions.php)
Message: Table 'pos_inventory_system_db.transactions' doesn't exist in engine
Stack trace: #0 C:\Users\Asus\Downloads\Website\api\transactions.php(38): mysqli->query('SELECT t.id, t....')
#1 {main}

Error at 2026-03-28 15:12:23
Message: Table 'pos_inventory_system_db.products' doesn't exist in engine
Stack trace: #0 C:\Users\Asus\Downloads\Website\api\products.php(36): mysqli->query('SELECT p.id, p....')
#1 {main}

Error at 2026-03-28 15:12:24
Message: Table 'pos_inventory_system_db.products' doesn't exist in engine
Stack trace: #0 C:\Users\Asus\Downloads\Website\api\products.php(36): mysqli->query('SELECT p.id, p....')
#1 {main}

Error at 2026-03-28 15:12:24 (transactions.php)
Message: Table 'pos_inventory_system_db.transactions' doesn't exist in engine
Stack trace: #0 C:\Users\Asus\Downloads\Website\api\transactions.php(38): mysqli->query('SELECT t.id, t....')
#1 {main}

Error at 2026-03-28 15:12:25
Message: Table 'pos_inventory_system_db.products' doesn't exist in engine
Stack trace: #0 C:\Users\Asus\Downloads\Website\api\products.php(36): mysqli->query('SELECT p.id, p....')
#1 {main}

Error at 2026-03-28 15:12:25 (transactions.php)
Message: Table 'pos_inventory_system_db.transactions' doesn't exist in engine
Stack trace: #0 C:\Users\Asus\Downloads\Website\api\transactions.php(38): mysqli->query('SELECT t.id, t....')
#1 {main}

Error at 2026-03-28 15:12:26
Message: Table 'pos_inventory_system_db.products' doesn't exist in engine
Stack trace: #0 C:\Users\Asus\Downloads\Website\api\products.php(36): mysqli->query('SELECT p.id, p....')
#1 {main}

Error at 2026-03-28 15:12:26 (transactions.php)
Message: Table 'pos_inventory_system_db.transactions' doesn't exist in engine
Stack trace: #0 C:\Users\Asus\Downloads\Website\api\transactions.php(38): mysqli->query('SELECT t.id, t....')
#1 {main}

Error at 2026-03-28 15:12:27
Message: Table 'pos_inventory_system_db.products' doesn't exist in engine
Stack trace: #0 C:\Users\Asus\Downloads\Website\api\products.php(36): mysqli->query('SELECT p.id, p....')
#1 {main}

Error at 2026-03-28 15:12:27 (transactions.php)
Message: Table 'pos_inventory_system_db.transactions' doesn't exist in engine
Stack trace: #0 C:\Users\Asus\Downloads\Website\api\transactions.php(38): mysqli->query('SELECT t.id, t....')
#1 {main}

Error at 2026-03-28 15:12:28
Message: Table 'pos_inventory_system_db.products' doesn't exist in engine
Stack trace: #0 C:\Users\Asus\Downloads\Website\api\products.php(36): mysqli->query('SELECT p.id, p....')
#1 {main}

Error at 2026-03-28 15:12:28 (transactions.php)
Message: Table 'pos_inventory_system_db.transactions' doesn't exist in engine
Stack trace: #0 C:\Users\Asus\Downloads\Website\api\transactions.php(38): mysqli->query('SELECT t.id, t....')
#1 {main}

Error at 2026-03-28 15:12:29
Message: Table 'pos_inventory_system_db.products' doesn't exist in engine
Stack trace: #0 C:\Users\Asus\Downloads\Website\api\products.php(36): mysqli->query('SELECT p.id, p....')
#1 {main}

Error at 2026-03-28 15:12:29 (transactions.php)
Message: Table 'pos_inventory_system_db.transactions' doesn't exist in engine
Stack trace: #0 C:\Users\Asus\Downloads\Website\api\transactions.php(38): mysqli->query('SELECT t.id, t....')
#1 {main}

Error at 2026-03-28 15:12:30
Message: Table 'pos_inventory_system_db.products' doesn't exist in engine
Stack trace: #0 C:\Users\Asus\Downloads\Website\api\products.php(36): mysqli->query('SELECT p.id, p....')
#1 {main}

Error at 2026-03-28 15:12:30 (transactions.php)
Message: Table 'pos_inventory_system_db.transactions' doesn't exist in engine
Stack trace: #0 C:\Users\Asus\Downloads\Website\api\transactions.php(38): mysqli->query('SELECT t.id, t....')
#1 {main}

Error at 2026-03-28 15:12:31
Message: Table 'pos_inventory_system_db.products' doesn't exist in engine
Stack trace: #0 C:\Users\Asus\Downloads\Website\api\products.php(36): mysqli->query('SELECT p.id, p....')
#1 {main}

Error at 2026-03-28 15:12:31 (transactions.php)
Message: Table 'pos_inventory_system_db.transactions' doesn't exist in engine
Stack trace: #0 C:\Users\Asus\Downloads\Website\api\transactions.php(38): mysqli->query('SELECT t.id, t....')
#1 {main}

Error at 2026-03-28 15:12:32
Message: Table 'pos_inventory_system_db.products' doesn't exist in engine
Stack trace: #0 C:\Users\Asus\Downloads\Website\api\products.php(36): mysqli->query('SELECT p.id, p....')
#1 {main}

Error at 2026-03-28 15:12:32 (transactions.php)
Message: Table 'pos_inventory_system_db.transactions' doesn't exist in engine
Stack trace: #0 C:\Users\Asus\Downloads\Website\api\transactions.php(38): mysqli->query('SELECT t.id, t....')
#1 {main}

Error at 2026-03-28 15:12:33
Message: Table 'pos_inventory_system_db.products' doesn't exist in engine
Stack trace: #0 C:\Users\Asus\Downloads\Website\api\products.php(36): mysqli->query('SELECT p.id, p....')
#1 {main}

Error at 2026-03-28 15:12:33 (transactions.php)
Message: Table 'pos_inventory_system_db.transactions' doesn't exist in engine
Stack trace: #0 C:\Users\Asus\Downloads\Website\api\transactions.php(38): mysqli->query('SELECT t.id, t....')
#1 {main}

Error at 2026-03-28 15:12:34
Message: Table 'pos_inventory_system_db.products' doesn't exist in engine
Stack trace: #0 C:\Users\Asus\Downloads\Website\api\products.php(36): mysqli->query('SELECT p.id, p....')
#1 {main}

Error at 2026-03-28 15:12:34 (transactions.php)
Message: Table 'pos_inventory_system_db.transactions' doesn't exist in engine
Stack trace: #0 C:\Users\Asus\Downloads\Website\api\transactions.php(38): mysqli->query('SELECT t.id, t....')
#1 {main}

Error at 2026-03-28 15:12:35
Message: Table 'pos_inventory_system_db.products' doesn't exist in engine
Stack trace: #0 C:\Users\Asus\Downloads\Website\api\products.php(36): mysqli->query('SELECT p.id, p....')
#1 {main}

Error at 2026-03-28 15:12:35 (transactions.php)
Message: Table 'pos_inventory_system_db.transactions' doesn't exist in engine
Stack trace: #0 C:\Users\Asus\Downloads\Website\api\transactions.php(38): mysqli->query('SELECT t.id, t....')
#1 {main}

Error at 2026-03-28 15:12:36
Message: Table 'pos_inventory_system_db.products' doesn't exist in engine
Stack trace: #0 C:\Users\Asus\Downloads\Website\api\products.php(36): mysqli->query('SELECT p.id, p....')
#1 {main}

Error at 2026-03-28 15:12:36 (transactions.php)
Message: Table 'pos_inventory_system_db.transactions' doesn't exist in engine
Stack trace: #0 C:\Users\Asus\Downloads\Website\api\transactions.php(38): mysqli->query('SELECT t.id, t....')
#1 {main}

Error at 2026-03-28 15:12:37
Message: Table 'pos_inventory_system_db.products' doesn't exist in engine
Stack trace: #0 C:\Users\Asus\Downloads\Website\api\products.php(36): mysqli->query('SELECT p.id, p....')
#1 {main}

Error at 2026-03-28 15:12:37 (transactions.php)
Message: Table 'pos_inventory_system_db.transactions' doesn't exist in engine
Stack trace: #0 C:\Users\Asus\Downloads\Website\api\transactions.php(38): mysqli->query('SELECT t.id, t....')
#1 {main}

Error at 2026-03-28 15:12:38
Message: Table 'pos_inventory_system_db.products' doesn't exist in engine
Stack trace: #0 C:\Users\Asus\Downloads\Website\api\products.php(36): mysqli->query('SELECT p.id, p....')
#1 {main}

Error at 2026-03-28 15:12:38 (transactions.php)
Message: Table 'pos_inventory_system_db.transactions' doesn't exist in engine
Stack trace: #0 C:\Users\Asus\Downloads\Website\api\transactions.php(38): mysqli->query('SELECT t.id, t....')
#1 {main}

Error at 2026-03-28 15:12:39
Message: Table 'pos_inventory_system_db.products' doesn't exist in engine
Stack trace: #0 C:\Users\Asus\Downloads\Website\api\products.php(36): mysqli->query('SELECT p.id, p....')
#1 {main}

Error at 2026-03-28 15:12:39
Message: Table 'pos_inventory_system_db.products' doesn't exist in engine
Stack trace: #0 C:\Users\Asus\Downloads\Website\api\products.php(36): mysqli->query('SELECT p.id, p....')
#1 {main}

Error at 2026-03-28 15:12:39 (transactions.php)
Message: Table 'pos_inventory_system_db.transactions' doesn't exist in engine
Stack trace: #0 C:\Users\Asus\Downloads\Website\api\transactions.php(38): mysqli->query('SELECT t.id, t....')
#1 {main}

Error at 2026-03-28 15:12:39 (transactions.php)
Message: Table 'pos_inventory_system_db.transactions' doesn't exist in engine
Stack trace: #0 C:\Users\Asus\Downloads\Website\api\transactions.php(38): mysqli->query('SELECT t.id, t....')
#1 {main}

Error at 2026-03-28 15:12:40
Message: Table 'pos_inventory_system_db.products' doesn't exist in engine
Stack trace: #0 C:\Users\Asus\Downloads\Website\api\products.php(36): mysqli->query('SELECT p.id, p....')
#1 {main}

Error at 2026-03-28 15:12:40 (transactions.php)
Message: Table 'pos_inventory_system_db.transactions' doesn't exist in engine
Stack trace: #0 C:\Users\Asus\Downloads\Website\api\transactions.php(38): mysqli->query('SELECT t.id, t....')
#1 {main}

Error at 2026-03-28 15:12:41
Message: Table 'pos_inventory_system_db.products' doesn't exist in engine
Stack trace: #0 C:\Users\Asus\Downloads\Website\api\products.php(36): mysqli->query('SELECT p.id, p....')
#1 {main}

Error at 2026-03-28 15:12:41 (transactions.php)
Message: Table 'pos_inventory_system_db.transactions' doesn't exist in engine
Stack trace: #0 C:\Users\Asus\Downloads\Website\api\transactions.php(38): mysqli->query('SELECT t.id, t....')
#1 {main}

Error at 2026-03-28 15:12:42
Message: Table 'pos_inventory_system_db.products' doesn't exist in engine
Stack trace: #0 C:\Users\Asus\Downloads\Website\api\products.php(36): mysqli->query('SELECT p.id, p....')
#1 {main}

Error at 2026-03-28 15:12:42 (transactions.php)
Message: Table 'pos_inventory_system_db.transactions' doesn't exist in engine
Stack trace: #0 C:\Users\Asus\Downloads\Website\api\transactions.php(38): mysqli->query('SELECT t.id, t....')
#1 {main}

Error at 2026-03-28 15:12:43
Message: Table 'pos_inventory_system_db.products' doesn't exist in engine
Stack trace: #0 C:\Users\Asus\Downloads\Website\api\products.php(36): mysqli->query('SELECT p.id, p....')
#1 {main}

Error at 2026-03-28 15:12:43 (transactions.php)
Message: Table 'pos_inventory_system_db.transactions' doesn't exist in engine
Stack trace: #0 C:\Users\Asus\Downloads\Website\api\transactions.php(38): mysqli->query('SELECT t.id, t....')
#1 {main}

Error at 2026-03-28 15:12:44
Message: Table 'pos_inventory_system_db.products' doesn't exist in engine
Stack trace: #0 C:\Users\Asus\Downloads\Website\api\products.php(36): mysqli->query('SELECT p.id, p....')
#1 {main}

Error at 2026-03-28 15:12:44 (transactions.php)
Message: Table 'pos_inventory_system_db.transactions' doesn't exist in engine
Stack trace: #0 C:\Users\Asus\Downloads\Website\api\transactions.php(38): mysqli->query('SELECT t.id, t....')
#1 {main}

Error at 2026-03-28 15:12:45
Message: Table 'pos_inventory_system_db.products' doesn't exist in engine
Stack trace: #0 C:\Users\Asus\Downloads\Website\api\products.php(36): mysqli->query('SELECT p.id, p....')
#1 {main}

Error at 2026-03-28 15:12:45 (transactions.php)
Message: Table 'pos_inventory_system_db.transactions' doesn't exist in engine
Stack trace: #0 C:\Users\Asus\Downloads\Website\api\transactions.php(38): mysqli->query('SELECT t.id, t....')
#1 {main}

Error at 2026-03-28 15:12:46
Message: Table 'pos_inventory_system_db.products' doesn't exist in engine
Stack trace: #0 C:\Users\Asus\Downloads\Website\api\products.php(36): mysqli->query('SELECT p.id, p....')
#1 {main}

Error at 2026-03-28 15:12:46 (transactions.php)
Message: Table 'pos_inventory_system_db.transactions' doesn't exist in engine
Stack trace: #0 C:\Users\Asus\Downloads\Website\api\transactions.php(38): mysqli->query('SELECT t.id, t....')
#1 {main}

Error at 2026-03-28 15:12:47
Message: Table 'pos_inventory_system_db.products' doesn't exist in engine
Stack trace: #0 C:\Users\Asus\Downloads\Website\api\products.php(36): mysqli->query('SELECT p.id, p....')
#1 {main}

Error at 2026-03-28 15:12:47 (transactions.php)
Message: Table 'pos_inventory_system_db.transactions' doesn't exist in engine
Stack trace: #0 C:\Users\Asus\Downloads\Website\api\transactions.php(38): mysqli->query('SELECT t.id, t....')
#1 {main}

Error at 2026-03-28 15:12:48
Message: Table 'pos_inventory_system_db.products' doesn't exist in engine
Stack trace: #0 C:\Users\Asus\Downloads\Website\api\products.php(36): mysqli->query('SELECT p.id, p....')
#1 {main}

Error at 2026-03-28 15:12:48 (transactions.php)
Message: Table 'pos_inventory_system_db.transactions' doesn't exist in engine
Stack trace: #0 C:\Users\Asus\Downloads\Website\api\transactions.php(38): mysqli->query('SELECT t.id, t....')
#1 {main}

Error at 2026-03-28 15:12:49
Message: Table 'pos_inventory_system_db.products' doesn't exist in engine
Stack trace: #0 C:\Users\Asus\Downloads\Website\api\products.php(36): mysqli->query('SELECT p.id, p....')
#1 {main}

Error at 2026-03-28 15:12:49 (transactions.php)
Message: Table 'pos_inventory_system_db.transactions' doesn't exist in engine
Stack trace: #0 C:\Users\Asus\Downloads\Website\api\transactions.php(38): mysqli->query('SELECT t.id, t....')
#1 {main}

Error at 2026-03-28 15:12:50
Message: Table 'pos_inventory_system_db.products' doesn't exist in engine
Stack trace: #0 C:\Users\Asus\Downloads\Website\api\products.php(36): mysqli->query('SELECT p.id, p....')
#1 {main}

Error at 2026-03-28 15:12:50 (transactions.php)
Message: Table 'pos_inventory_system_db.transactions' doesn't exist in engine
Stack trace: #0 C:\Users\Asus\Downloads\Website\api\transactions.php(38): mysqli->query('SELECT t.id, t....')
#1 {main}

Error at 2026-03-28 15:12:51
Message: Table 'pos_inventory_system_db.products' doesn't exist in engine
Stack trace: #0 C:\Users\Asus\Downloads\Website\api\products.php(36): mysqli->query('SELECT p.id, p....')
#1 {main}

Error at 2026-03-28 15:12:51 (transactions.php)
Message: Table 'pos_inventory_system_db.transactions' doesn't exist in engine
Stack trace: #0 C:\Users\Asus\Downloads\Website\api\transactions.php(38): mysqli->query('SELECT t.id, t....')
#1 {main}

Error at 2026-03-28 15:12:52
Message: Table 'pos_inventory_system_db.products' doesn't exist in engine
Stack trace: #0 C:\Users\Asus\Downloads\Website\api\products.php(36): mysqli->query('SELECT p.id, p....')
#1 {main}

Error at 2026-03-28 15:12:52 (transactions.php)
Message: Table 'pos_inventory_system_db.transactions' doesn't exist in engine
Stack trace: #0 C:\Users\Asus\Downloads\Website\api\transactions.php(38): mysqli->query('SELECT t.id, t....')
#1 {main}

Error at 2026-03-28 15:12:53
Message: Table 'pos_inventory_system_db.products' doesn't exist in engine
Stack trace: #0 C:\Users\Asus\Downloads\Website\api\products.php(36): mysqli->query('SELECT p.id, p....')
#1 {main}

Error at 2026-03-28 15:12:53 (transactions.php)
Message: Table 'pos_inventory_system_db.transactions' doesn't exist in engine
Stack trace: #0 C:\Users\Asus\Downloads\Website\api\transactions.php(38): mysqli->query('SELECT t.id, t....')
#1 {main}

Error at 2026-03-28 15:12:54
Message: Table 'pos_inventory_system_db.products' doesn't exist in engine
Stack trace: #0 C:\Users\Asus\Downloads\Website\api\products.php(36): mysqli->query('SELECT p.id, p....')
#1 {main}

Error at 2026-03-28 15:12:54 (transactions.php)
Message: Table 'pos_inventory_system_db.transactions' doesn't exist in engine
Stack trace: #0 C:\Users\Asus\Downloads\Website\api\transactions.php(38): mysqli->query('SELECT t.id, t....')
#1 {main}

Error at 2026-03-28 15:12:55
Message: Table 'pos_inventory_system_db.products' doesn't exist in engine
Stack trace: #0 C:\Users\Asus\Downloads\Website\api\products.php(36): mysqli->query('SELECT p.id, p....')
#1 {main}

Error at 2026-03-28 15:12:55 (transactions.php)
Message: Table 'pos_inventory_system_db.transactions' doesn't exist in engine
Stack trace: #0 C:\Users\Asus\Downloads\Website\api\transactions.php(38): mysqli->query('SELECT t.id, t....')
#1 {main}

Error at 2026-03-28 15:12:56
Message: Table 'pos_inventory_system_db.products' doesn't exist in engine
Stack trace: #0 C:\Users\Asus\Downloads\Website\api\products.php(36): mysqli->query('SELECT p.id, p....')
#1 {main}

Error at 2026-03-28 15:12:56 (transactions.php)
Message: Table 'pos_inventory_system_db.transactions' doesn't exist in engine
Stack trace: #0 C:\Users\Asus\Downloads\Website\api\transactions.php(38): mysqli->query('SELECT t.id, t....')
#1 {main}

Error at 2026-03-28 15:12:57
Message: Table 'pos_inventory_system_db.products' doesn't exist in engine
Stack trace: #0 C:\Users\Asus\Downloads\Website\api\products.php(36): mysqli->query('SELECT p.id, p....')
#1 {main}

Error at 2026-03-28 15:12:57 (transactions.php)
Message: Table 'pos_inventory_system_db.transactions' doesn't exist in engine
Stack trace: #0 C:\Users\Asus\Downloads\Website\api\transactions.php(38): mysqli->query('SELECT t.id, t....')
#1 {main}

Error at 2026-03-28 15:12:58
Message: Table 'pos_inventory_system_db.products' doesn't exist in engine
Stack trace: #0 C:\Users\Asus\Downloads\Website\api\products.php(36): mysqli->query('SELECT p.id, p....')
#1 {main}

Error at 2026-03-28 15:12:58 (transactions.php)
Message: Table 'pos_inventory_system_db.transactions' doesn't exist in engine
Stack trace: #0 C:\Users\Asus\Downloads\Website\api\transactions.php(38): mysqli->query('SELECT t.id, t....')
#1 {main}

Error at 2026-03-28 15:12:59
Message: Table 'pos_inventory_system_db.products' doesn't exist in engine
Stack trace: #0 C:\Users\Asus\Downloads\Website\api\products.php(36): mysqli->query('SELECT p.id, p....')
#1 {main}

Error at 2026-03-28 15:12:59 (transactions.php)
Message: Table 'pos_inventory_system_db.transactions' doesn't exist in engine
Stack trace: #0 C:\Users\Asus\Downloads\Website\api\transactions.php(38): mysqli->query('SELECT t.id, t....')
#1 {main}

Error at 2026-03-28 15:13:00
Message: Table 'pos_inventory_system_db.products' doesn't exist in engine
Stack trace: #0 C:\Users\Asus\Downloads\Website\api\products.php(36): mysqli->query('SELECT p.id, p....')
#1 {main}

Error at 2026-03-28 15:13:00 (transactions.php)
Message: Table 'pos_inventory_system_db.transactions' doesn't exist in engine
Stack trace: #0 C:\Users\Asus\Downloads\Website\api\transactions.php(38): mysqli->query('SELECT t.id, t....')
#1 {main}

Error at 2026-03-28 15:13:01
Message: Table 'pos_inventory_system_db.products' doesn't exist in engine
Stack trace: #0 C:\Users\Asus\Downloads\Website\api\products.php(36): mysqli->query('SELECT p.id, p....')
#1 {main}

Error at 2026-03-28 15:13:01 (transactions.php)
Message: Table 'pos_inventory_system_db.transactions' doesn't exist in engine
Stack trace: #0 C:\Users\Asus\Downloads\Website\api\transactions.php(38): mysqli->query('SELECT t.id, t....')
#1 {main}

Error at 2026-03-28 15:13:02
Message: Table 'pos_inventory_system_db.products' doesn't exist in engine
Stack trace: #0 C:\Users\Asus\Downloads\Website\api\products.php(36): mysqli->query('SELECT p.id, p....')
#1 {main}

Error at 2026-03-28 15:13:02 (transactions.php)
Message: Table 'pos_inventory_system_db.transactions' doesn't exist in engine
Stack trace: #0 C:\Users\Asus\Downloads\Website\api\transactions.php(38): mysqli->query('SELECT t.id, t....')
#1 {main}

Error at 2026-03-28 15:13:03
Message: Table 'pos_inventory_system_db.products' doesn't exist in engine
Stack trace: #0 C:\Users\Asus\Downloads\Website\api\products.php(36): mysqli->query('SELECT p.id, p....')
#1 {main}

Error at 2026-03-28 15:13:03 (transactions.php)
Message: Table 'pos_inventory_system_db.transactions' doesn't exist in engine
Stack trace: #0 C:\Users\Asus\Downloads\Website\api\transactions.php(38): mysqli->query('SELECT t.id, t....')
#1 {main}

Error at 2026-03-28 15:13:04
Message: Table 'pos_inventory_system_db.products' doesn't exist in engine
Stack trace: #0 C:\Users\Asus\Downloads\Website\api\products.php(36): mysqli->query('SELECT p.id, p....')
#1 {main}

Error at 2026-03-28 15:13:04 (transactions.php)
Message: Table 'pos_inventory_system_db.transactions' doesn't exist in engine
Stack trace: #0 C:\Users\Asus\Downloads\Website\api\transactions.php(38): mysqli->query('SELECT t.id, t....')
#1 {main}

Error at 2026-03-28 15:13:05
Message: Table 'pos_inventory_system_db.products' doesn't exist in engine
Stack trace: #0 C:\Users\Asus\Downloads\Website\api\products.php(36): mysqli->query('SELECT p.id, p....')
#1 {main}

Error at 2026-03-28 15:13:05 (transactions.php)
Message: Table 'pos_inventory_system_db.transactions' doesn't exist in engine
Stack trace: #0 C:\Users\Asus\Downloads\Website\api\transactions.php(38): mysqli->query('SELECT t.id, t....')
#1 {main}

Error at 2026-03-28 15:13:06
Message: Table 'pos_inventory_system_db.products' doesn't exist in engine
Stack trace: #0 C:\Users\Asus\Downloads\Website\api\products.php(36): mysqli->query('SELECT p.id, p....')
#1 {main}

Error at 2026-03-28 15:13:06 (transactions.php)
Message: Table 'pos_inventory_system_db.transactions' doesn't exist in engine
Stack trace: #0 C:\Users\Asus\Downloads\Website\api\transactions.php(38): mysqli->query('SELECT t.id, t....')
#1 {main}

Error at 2026-03-28 15:13:07
Message: Table 'pos_inventory_system_db.products' doesn't exist in engine
Stack trace: #0 C:\Users\Asus\Downloads\Website\api\products.php(36): mysqli->query('SELECT p.id, p....')
#1 {main}

Error at 2026-03-28 15:13:07 (transactions.php)
Message: Table 'pos_inventory_system_db.transactions' doesn't exist in engine
Stack trace: #0 C:\Users\Asus\Downloads\Website\api\transactions.php(38): mysqli->query('SELECT t.id, t....')
#1 {main}

Error at 2026-03-28 15:13:08
Message: Table 'pos_inventory_system_db.products' doesn't exist in engine
Stack trace: #0 C:\Users\Asus\Downloads\Website\api\products.php(36): mysqli->query('SELECT p.id, p....')
#1 {main}

Error at 2026-03-28 15:13:08 (transactions.php)
Message: Table 'pos_inventory_system_db.transactions' doesn't exist in engine
Stack trace: #0 C:\Users\Asus\Downloads\Website\api\transactions.php(38): mysqli->query('SELECT t.id, t....')
#1 {main}

Error at 2026-03-28 15:13:09
Message: Table 'pos_inventory_system_db.products' doesn't exist in engine
Stack trace: #0 C:\Users\Asus\Downloads\Website\api\products.php(36): mysqli->query('SELECT p.id, p....')
#1 {main}

Error at 2026-03-28 15:13:09 (transactions.php)
Message: Table 'pos_inventory_system_db.transactions' doesn't exist in engine
Stack trace: #0 C:\Users\Asus\Downloads\Website\api\transactions.php(38): mysqli->query('SELECT t.id, t....')
#1 {main}

Error at 2026-03-28 15:13:10
Message: Table 'pos_inventory_system_db.products' doesn't exist in engine
Stack trace: #0 C:\Users\Asus\Downloads\Website\api\products.php(36): mysqli->query('SELECT p.id, p....')
#1 {main}

Error at 2026-03-28 15:13:10 (transactions.php)
Message: Table 'pos_inventory_system_db.transactions' doesn't exist in engine
Stack trace: #0 C:\Users\Asus\Downloads\Website\api\transactions.php(38): mysqli->query('SELECT t.id, t....')
#1 {main}

Error at 2026-03-28 15:13:11
Message: Table 'pos_inventory_system_db.products' doesn't exist in engine
Stack trace: #0 C:\Users\Asus\Downloads\Website\api\products.php(36): mysqli->query('SELECT p.id, p....')
#1 {main}

Error at 2026-03-28 15:13:11 (transactions.php)
Message: Table 'pos_inventory_system_db.transactions' doesn't exist in engine
Stack trace: #0 C:\Users\Asus\Downloads\Website\api\transactions.php(38): mysqli->query('SELECT t.id, t....')
#1 {main}

Error at 2026-03-28 15:13:12
Message: Table 'pos_inventory_system_db.products' doesn't exist in engine
Stack trace: #0 C:\Users\Asus\Downloads\Website\api\products.php(36): mysqli->query('SELECT p.id, p....')
#1 {main}

Error at 2026-03-28 15:13:12 (transactions.php)
Message: Table 'pos_inventory_system_db.transactions' doesn't exist in engine
Stack trace: #0 C:\Users\Asus\Downloads\Website\api\transactions.php(38): mysqli->query('SELECT t.id, t....')
#1 {main}

Error at 2026-03-28 15:13:13
Message: Table 'pos_inventory_system_db.products' doesn't exist in engine
Stack trace: #0 C:\Users\Asus\Downloads\Website\api\products.php(36): mysqli->query('SELECT p.id, p....')
#1 {main}

Error at 2026-03-28 15:13:13 (transactions.php)
Message: Table 'pos_inventory_system_db.transactions' doesn't exist in engine
Stack trace: #0 C:\Users\Asus\Downloads\Website\api\transactions.php(38): mysqli->query('SELECT t.id, t....')
#1 {main}

Error at 2026-03-28 15:13:14
Message: Table 'pos_inventory_system_db.products' doesn't exist in engine
Stack trace: #0 C:\Users\Asus\Downloads\Website\api\products.php(36): mysqli->query('SELECT p.id, p....')
#1 {main}

Error at 2026-03-28 15:13:14 (transactions.php)
Message: Table 'pos_inventory_system_db.transactions' doesn't exist in engine
Stack trace: #0 C:\Users\Asus\Downloads\Website\api\transactions.php(38): mysqli->query('SELECT t.id, t....')
#1 {main}

Error at 2026-03-28 15:13:15
Message: Table 'pos_inventory_system_db.products' doesn't exist in engine
Stack trace: #0 C:\Users\Asus\Downloads\Website\api\products.php(36): mysqli->query('SELECT p.id, p....')
#1 {main}

Error at 2026-03-28 15:13:15 (transactions.php)
Message: Table 'pos_inventory_system_db.transactions' doesn't exist in engine
Stack trace: #0 C:\Users\Asus\Downloads\Website\api\transactions.php(38): mysqli->query('SELECT t.id, t....')
#1 {main}

Error at 2026-03-28 15:13:16
Message: Table 'pos_inventory_system_db.products' doesn't exist in engine
Stack trace: #0 C:\Users\Asus\Downloads\Website\api\products.php(36): mysqli->query('SELECT p.id, p....')
#1 {main}

Error at 2026-03-28 15:13:16 (transactions.php)
Message: Table 'pos_inventory_system_db.transactions' doesn't exist in engine
Stack trace: #0 C:\Users\Asus\Downloads\Website\api\transactions.php(38): mysqli->query('SELECT t.id, t....')
#1 {main}

Error at 2026-03-28 15:13:17
Message: Table 'pos_inventory_system_db.products' doesn't exist in engine
Stack trace: #0 C:\Users\Asus\Downloads\Website\api\products.php(36): mysqli->query('SELECT p.id, p....')
#1 {main}

Error at 2026-03-28 15:13:17 (transactions.php)
Message: Table 'pos_inventory_system_db.transactions' doesn't exist in engine
Stack trace: #0 C:\Users\Asus\Downloads\Website\api\transactions.php(38): mysqli->query('SELECT t.id, t....')
#1 {main}

Error at 2026-03-28 15:13:39
Message: Table 'pos_inventory_system_db.products' doesn't exist in engine
Stack trace: #0 C:\Users\Asus\Downloads\Website\api\products.php(36): mysqli->query('SELECT p.id, p....')
#1 {main}

Error at 2026-03-28 15:13:39
Message: Table 'pos_inventory_system_db.products' doesn't exist in engine
Stack trace: #0 C:\Users\Asus\Downloads\Website\api\products.php(36): mysqli->query('SELECT p.id, p....')
#1 {main}

Error at 2026-03-28 15:13:39 (transactions.php)
Message: Table 'pos_inventory_system_db.transactions' doesn't exist in engine
Stack trace: #0 C:\Users\Asus\Downloads\Website\api\transactions.php(38): mysqli->query('SELECT t.id, t....')
#1 {main}

Error at 2026-03-28 15:13:39 (transactions.php)
Message: Table 'pos_inventory_system_db.transactions' doesn't exist in engine
Stack trace: #0 C:\Users\Asus\Downloads\Website\api\transactions.php(38): mysqli->query('SELECT t.id, t....')
#1 {main}

Error at 2026-03-28 15:14:03
Message: Table 'pos_inventory_system_db.products' doesn't exist in engine
Stack trace: #0 C:\Users\Asus\Downloads\Website\api\products.php(36): mysqli->query('SELECT p.id, p....')
#1 {main}

Error at 2026-03-28 15:14:03 (transactions.php)
Message: Table 'pos_inventory_system_db.transactions' doesn't exist in engine
Stack trace: #0 C:\Users\Asus\Downloads\Website\api\transactions.php(38): mysqli->query('SELECT t.id, t....')
#1 {main}

Error at 2026-03-28 15:14:04
Message: Table 'pos_inventory_system_db.products' doesn't exist in engine
Stack trace: #0 C:\Users\Asus\Downloads\Website\api\products.php(36): mysqli->query('SELECT p.id, p....')
#1 {main}

Error at 2026-03-28 15:14:04 (transactions.php)
Message: Table 'pos_inventory_system_db.transactions' doesn't exist in engine
Stack trace: #0 C:\Users\Asus\Downloads\Website\api\transactions.php(38): mysqli->query('SELECT t.id, t....')
#1 {main}

Error at 2026-03-28 15:14:04
Message: Table 'pos_inventory_system_db.products' doesn't exist in engine
Stack trace: #0 C:\Users\Asus\Downloads\Website\api\products.php(36): mysqli->query('SELECT p.id, p....')
#1 {main}

Error at 2026-03-28 15:14:05 (transactions.php)
Message: Table 'pos_inventory_system_db.transactions' doesn't exist in engine
Stack trace: #0 C:\Users\Asus\Downloads\Website\api\transactions.php(38): mysqli->query('SELECT t.id, t....')
#1 {main}

Error at 2026-03-28 15:14:06
Message: Table 'pos_inventory_system_db.products' doesn't exist in engine
Stack trace: #0 C:\Users\Asus\Downloads\Website\api\products.php(36): mysqli->query('SELECT p.id, p....')
#1 {main}

Error at 2026-03-28 15:14:06 (transactions.php)
Message: Table 'pos_inventory_system_db.transactions' doesn't exist in engine
Stack trace: #0 C:\Users\Asus\Downloads\Website\api\transactions.php(38): mysqli->query('SELECT t.id, t....')
#1 {main}

Error at 2026-03-28 15:14:07
Message: Table 'pos_inventory_system_db.products' doesn't exist in engine
Stack trace: #0 C:\Users\Asus\Downloads\Website\api\products.php(36): mysqli->query('SELECT p.id, p....')
#1 {main}

Error at 2026-03-28 15:14:07 (transactions.php)
Message: Table 'pos_inventory_system_db.transactions' doesn't exist in engine
Stack trace: #0 C:\Users\Asus\Downloads\Website\api\transactions.php(38): mysqli->query('SELECT t.id, t....')
#1 {main}

Error at 2026-03-28 15:14:08 (transactions.php)
Message: Table 'pos_inventory_system_db.transactions' doesn't exist in engine
Stack trace: #0 C:\Users\Asus\Downloads\Website\api\transactions.php(38): mysqli->query('SELECT t.id, t....')
#1 {main}

Error at 2026-03-28 15:14:08
Message: Table 'pos_inventory_system_db.products' doesn't exist in engine
Stack trace: #0 C:\Users\Asus\Downloads\Website\api\products.php(36): mysqli->query('SELECT p.id, p....')
#1 {main}

Error at 2026-03-28 15:14:09
Message: Table 'pos_inventory_system_db.products' doesn't exist in engine
Stack trace: #0 C:\Users\Asus\Downloads\Website\api\products.php(36): mysqli->query('SELECT p.id, p....')
#1 {main}

Error at 2026-03-28 15:14:09 (transactions.php)
Message: Table 'pos_inventory_system_db.transactions' doesn't exist in engine
Stack trace: #0 C:\Users\Asus\Downloads\Website\api\transactions.php(38): mysqli->query('SELECT t.id, t....')
#1 {main}

Error at 2026-03-28 15:14:10
Message: Table 'pos_inventory_system_db.products' doesn't exist in engine
Stack trace: #0 C:\Users\Asus\Downloads\Website\api\products.php(36): mysqli->query('SELECT p.id, p....')
#1 {main}

Error at 2026-03-28 15:14:10 (transactions.php)
Message: Table 'pos_inventory_system_db.transactions' doesn't exist in engine
Stack trace: #0 C:\Users\Asus\Downloads\Website\api\transactions.php(38): mysqli->query('SELECT t.id, t....')
#1 {main}

Error at 2026-03-28 15:14:11
Message: Table 'pos_inventory_system_db.products' doesn't exist in engine
Stack trace: #0 C:\Users\Asus\Downloads\Website\api\products.php(36): mysqli->query('SELECT p.id, p....')
#1 {main}

Error at 2026-03-28 15:14:11 (transactions.php)
Message: Table 'pos_inventory_system_db.transactions' doesn't exist in engine
Stack trace: #0 C:\Users\Asus\Downloads\Website\api\transactions.php(38): mysqli->query('SELECT t.id, t....')
#1 {main}

Error at 2026-03-28 15:14:12
Message: Table 'pos_inventory_system_db.products' doesn't exist in engine
Stack trace: #0 C:\Users\Asus\Downloads\Website\api\products.php(36): mysqli->query('SELECT p.id, p....')
#1 {main}

Error at 2026-03-28 15:14:12 (transactions.php)
Message: Table 'pos_inventory_system_db.transactions' doesn't exist in engine
Stack trace: #0 C:\Users\Asus\Downloads\Website\api\transactions.php(38): mysqli->query('SELECT t.id, t....')
#1 {main}

Error at 2026-03-28 15:14:12
Message: Table 'pos_inventory_system_db.products' doesn't exist in engine
Stack trace: #0 C:\Users\Asus\Downloads\Website\api\products.php(36): mysqli->query('SELECT p.id, p....')
#1 {main}

Error at 2026-03-28 15:14:13 (transactions.php)
Message: Table 'pos_inventory_system_db.transactions' doesn't exist in engine
Stack trace: #0 C:\Users\Asus\Downloads\Website\api\transactions.php(38): mysqli->query('SELECT t.id, t....')
#1 {main}

Error at 2026-03-28 15:14:14
Message: Table 'pos_inventory_system_db.products' doesn't exist in engine
Stack trace: #0 C:\Users\Asus\Downloads\Website\api\products.php(36): mysqli->query('SELECT p.id, p....')
#1 {main}

Error at 2026-03-28 15:14:14 (transactions.php)
Message: Table 'pos_inventory_system_db.transactions' doesn't exist in engine
Stack trace: #0 C:\Users\Asus\Downloads\Website\api\transactions.php(38): mysqli->query('SELECT t.id, t....')
#1 {main}

Error at 2026-03-28 15:14:15
Message: Table 'pos_inventory_system_db.products' doesn't exist in engine
Stack trace: #0 C:\Users\Asus\Downloads\Website\api\products.php(36): mysqli->query('SELECT p.id, p....')
#1 {main}

Error at 2026-03-28 15:14:15 (transactions.php)
Message: Table 'pos_inventory_system_db.transactions' doesn't exist in engine
Stack trace: #0 C:\Users\Asus\Downloads\Website\api\transactions.php(38): mysqli->query('SELECT t.id, t....')
#1 {main}

Error at 2026-03-28 15:14:16
Message: Table 'pos_inventory_system_db.products' doesn't exist in engine
Stack trace: #0 C:\Users\Asus\Downloads\Website\api\products.php(36): mysqli->query('SELECT p.id, p....')
#1 {main}

Error at 2026-03-28 15:14:16 (transactions.php)
Message: Table 'pos_inventory_system_db.transactions' doesn't exist in engine
Stack trace: #0 C:\Users\Asus\Downloads\Website\api\transactions.php(38): mysqli->query('SELECT t.id, t....')
#1 {main}

Error at 2026-03-28 15:14:17
Message: Table 'pos_inventory_system_db.products' doesn't exist in engine
Stack trace: #0 C:\Users\Asus\Downloads\Website\api\products.php(36): mysqli->query('SELECT p.id, p....')
#1 {main}

Error at 2026-03-28 15:14:17 (transactions.php)
Message: Table 'pos_inventory_system_db.transactions' doesn't exist in engine
Stack trace: #0 C:\Users\Asus\Downloads\Website\api\transactions.php(38): mysqli->query('SELECT t.id, t....')
#1 {main}

Error at 2026-03-28 15:14:18
Message: Table 'pos_inventory_system_db.products' doesn't exist in engine
Stack trace: #0 C:\Users\Asus\Downloads\Website\api\products.php(36): mysqli->query('SELECT p.id, p....')
#1 {main}

Error at 2026-03-28 15:14:18 (transactions.php)
Message: Table 'pos_inventory_system_db.transactions' doesn't exist in engine
Stack trace: #0 C:\Users\Asus\Downloads\Website\api\transactions.php(38): mysqli->query('SELECT t.id, t....')
#1 {main}

Error at 2026-03-28 15:14:19
Message: Table 'pos_inventory_system_db.products' doesn't exist in engine
Stack trace: #0 C:\Users\Asus\Downloads\Website\api\products.php(36): mysqli->query('SELECT p.id, p....')
#1 {main}

Error at 2026-03-28 15:14:19 (transactions.php)
Message: Table 'pos_inventory_system_db.transactions' doesn't exist in engine
Stack trace: #0 C:\Users\Asus\Downloads\Website\api\transactions.php(38): mysqli->query('SELECT t.id, t....')
#1 {main}

Error at 2026-03-28 15:14:20
Message: Table 'pos_inventory_system_db.products' doesn't exist in engine
Stack trace: #0 C:\Users\Asus\Downloads\Website\api\products.php(36): mysqli->query('SELECT p.id, p....')
#1 {main}

Error at 2026-03-28 15:14:20 (transactions.php)
Message: Table 'pos_inventory_system_db.transactions' doesn't exist in engine
Stack trace: #0 C:\Users\Asus\Downloads\Website\api\transactions.php(38): mysqli->query('SELECT t.id, t....')
#1 {main}

Error at 2026-03-28 15:14:21
Message: Table 'pos_inventory_system_db.products' doesn't exist in engine
Stack trace: #0 C:\Users\Asus\Downloads\Website\api\products.php(36): mysqli->query('SELECT p.id, p....')
#1 {main}

Error at 2026-03-28 15:14:21 (transactions.php)
Message: Table 'pos_inventory_system_db.transactions' doesn't exist in engine
Stack trace: #0 C:\Users\Asus\Downloads\Website\api\transactions.php(38): mysqli->query('SELECT t.id, t....')
#1 {main}

Error at 2026-03-28 15:14:22
Message: Table 'pos_inventory_system_db.products' doesn't exist in engine
Stack trace: #0 C:\Users\Asus\Downloads\Website\api\products.php(36): mysqli->query('SELECT p.id, p....')
#1 {main}

Error at 2026-03-28 15:14:22 (transactions.php)
Message: Table 'pos_inventory_system_db.transactions' doesn't exist in engine
Stack trace: #0 C:\Users\Asus\Downloads\Website\api\transactions.php(38): mysqli->query('SELECT t.id, t....')
#1 {main}

Error at 2026-03-28 15:14:23
Message: Table 'pos_inventory_system_db.products' doesn't exist in engine
Stack trace: #0 C:\Users\Asus\Downloads\Website\api\products.php(36): mysqli->query('SELECT p.id, p....')
#1 {main}

Error at 2026-03-28 15:14:23 (transactions.php)
Message: Table 'pos_inventory_system_db.transactions' doesn't exist in engine
Stack trace: #0 C:\Users\Asus\Downloads\Website\api\transactions.php(38): mysqli->query('SELECT t.id, t....')
#1 {main}

Error at 2026-03-28 15:14:24
Message: Table 'pos_inventory_system_db.products' doesn't exist in engine
Stack trace: #0 C:\Users\Asus\Downloads\Website\api\products.php(36): mysqli->query('SELECT p.id, p....')
#1 {main}

Error at 2026-03-28 15:14:24 (transactions.php)
Message: Table 'pos_inventory_system_db.transactions' doesn't exist in engine
Stack trace: #0 C:\Users\Asus\Downloads\Website\api\transactions.php(38): mysqli->query('SELECT t.id, t....')
#1 {main}

Error at 2026-03-28 15:14:25
Message: Table 'pos_inventory_system_db.products' doesn't exist in engine
Stack trace: #0 C:\Users\Asus\Downloads\Website\api\products.php(36): mysqli->query('SELECT p.id, p....')
#1 {main}

Error at 2026-03-28 15:14:25 (transactions.php)
Message: Table 'pos_inventory_system_db.transactions' doesn't exist in engine
Stack trace: #0 C:\Users\Asus\Downloads\Website\api\transactions.php(38): mysqli->query('SELECT t.id, t....')
#1 {main}

Error at 2026-03-28 15:14:26
Message: Table 'pos_inventory_system_db.products' doesn't exist in engine
Stack trace: #0 C:\Users\Asus\Downloads\Website\api\products.php(36): mysqli->query('SELECT p.id, p....')
#1 {main}

Error at 2026-03-28 15:14:26 (transactions.php)
Message: Table 'pos_inventory_system_db.transactions' doesn't exist in engine
Stack trace: #0 C:\Users\Asus\Downloads\Website\api\transactions.php(38): mysqli->query('SELECT t.id, t....')
#1 {main}

Error at 2026-03-28 15:14:27
Message: Table 'pos_inventory_system_db.products' doesn't exist in engine
Stack trace: #0 C:\Users\Asus\Downloads\Website\api\products.php(36): mysqli->query('SELECT p.id, p....')
#1 {main}

Error at 2026-03-28 15:14:27 (transactions.php)
Message: Table 'pos_inventory_system_db.transactions' doesn't exist in engine
Stack trace: #0 C:\Users\Asus\Downloads\Website\api\transactions.php(38): mysqli->query('SELECT t.id, t....')
#1 {main}

Error at 2026-03-28 15:14:28
Message: Table 'pos_inventory_system_db.products' doesn't exist in engine
Stack trace: #0 C:\Users\Asus\Downloads\Website\api\products.php(36): mysqli->query('SELECT p.id, p....')
#1 {main}

Error at 2026-03-28 15:14:28 (transactions.php)
Message: Table 'pos_inventory_system_db.transactions' doesn't exist in engine
Stack trace: #0 C:\Users\Asus\Downloads\Website\api\transactions.php(38): mysqli->query('SELECT t.id, t....')
#1 {main}

Error at 2026-03-28 15:14:29
Message: Table 'pos_inventory_system_db.products' doesn't exist in engine
Stack trace: #0 C:\Users\Asus\Downloads\Website\api\products.php(36): mysqli->query('SELECT p.id, p....')
#1 {main}

Error at 2026-03-28 15:14:29 (transactions.php)
Message: Table 'pos_inventory_system_db.transactions' doesn't exist in engine
Stack trace: #0 C:\Users\Asus\Downloads\Website\api\transactions.php(38): mysqli->query('SELECT t.id, t....')
#1 {main}

Error at 2026-03-28 15:14:30
Message: Table 'pos_inventory_system_db.products' doesn't exist in engine
Stack trace: #0 C:\Users\Asus\Downloads\Website\api\products.php(36): mysqli->query('SELECT p.id, p....')
#1 {main}

Error at 2026-03-28 15:14:30 (transactions.php)
Message: Table 'pos_inventory_system_db.transactions' doesn't exist in engine
Stack trace: #0 C:\Users\Asus\Downloads\Website\api\transactions.php(38): mysqli->query('SELECT t.id, t....')
#1 {main}

Error at 2026-03-28 15:14:31
Message: Table 'pos_inventory_system_db.products' doesn't exist in engine
Stack trace: #0 C:\Users\Asus\Downloads\Website\api\products.php(36): mysqli->query('SELECT p.id, p....')
#1 {main}

Error at 2026-03-28 15:14:31 (transactions.php)
Message: Table 'pos_inventory_system_db.transactions' doesn't exist in engine
Stack trace: #0 C:\Users\Asus\Downloads\Website\api\transactions.php(38): mysqli->query('SELECT t.id, t....')
#1 {main}

Error at 2026-03-28 15:14:32
Message: Table 'pos_inventory_system_db.products' doesn't exist in engine
Stack trace: #0 C:\Users\Asus\Downloads\Website\api\products.php(36): mysqli->query('SELECT p.id, p....')
#1 {main}

Error at 2026-03-28 15:14:32 (transactions.php)
Message: Table 'pos_inventory_system_db.transactions' doesn't exist in engine
Stack trace: #0 C:\Users\Asus\Downloads\Website\api\transactions.php(38): mysqli->query('SELECT t.id, t....')
#1 {main}

Error at 2026-03-28 15:14:33
Message: Table 'pos_inventory_system_db.products' doesn't exist in engine
Stack trace: #0 C:\Users\Asus\Downloads\Website\api\products.php(36): mysqli->query('SELECT p.id, p....')
#1 {main}

Error at 2026-03-28 15:14:33 (transactions.php)
Message: Table 'pos_inventory_system_db.transactions' doesn't exist in engine
Stack trace: #0 C:\Users\Asus\Downloads\Website\api\transactions.php(38): mysqli->query('SELECT t.id, t....')
#1 {main}

Error at 2026-03-28 15:14:34
Message: Table 'pos_inventory_system_db.products' doesn't exist in engine
Stack trace: #0 C:\Users\Asus\Downloads\Website\api\products.php(36): mysqli->query('SELECT p.id, p....')
#1 {main}

Error at 2026-03-28 15:14:34 (transactions.php)
Message: Table 'pos_inventory_system_db.transactions' doesn't exist in engine
Stack trace: #0 C:\Users\Asus\Downloads\Website\api\transactions.php(38): mysqli->query('SELECT t.id, t....')
#1 {main}

Error at 2026-03-28 15:14:35
Message: Table 'pos_inventory_system_db.products' doesn't exist in engine
Stack trace: #0 C:\Users\Asus\Downloads\Website\api\products.php(36): mysqli->query('SELECT p.id, p....')
#1 {main}

Error at 2026-03-28 15:14:35 (transactions.php)
Message: Table 'pos_inventory_system_db.transactions' doesn't exist in engine
Stack trace: #0 C:\Users\Asus\Downloads\Website\api\transactions.php(38): mysqli->query('SELECT t.id, t....')
#1 {main}

Error at 2026-03-28 15:14:36
Message: Table 'pos_inventory_system_db.products' doesn't exist in engine
Stack trace: #0 C:\Users\Asus\Downloads\Website\api\products.php(36): mysqli->query('SELECT p.id, p....')
#1 {main}

Error at 2026-03-28 15:14:36 (transactions.php)
Message: Table 'pos_inventory_system_db.transactions' doesn't exist in engine
Stack trace: #0 C:\Users\Asus\Downloads\Website\api\transactions.php(38): mysqli->query('SELECT t.id, t....')
#1 {main}

Error at 2026-03-28 15:14:37
Message: Table 'pos_inventory_system_db.products' doesn't exist in engine
Stack trace: #0 C:\Users\Asus\Downloads\Website\api\products.php(36): mysqli->query('SELECT p.id, p....')
#1 {main}

Error at 2026-03-28 15:14:37 (transactions.php)
Message: Table 'pos_inventory_system_db.transactions' doesn't exist in engine
Stack trace: #0 C:\Users\Asus\Downloads\Website\api\transactions.php(38): mysqli->query('SELECT t.id, t....')
#1 {main}

Error at 2026-03-28 15:14:38
Message: Table 'pos_inventory_system_db.products' doesn't exist in engine
Stack trace: #0 C:\Users\Asus\Downloads\Website\api\products.php(36): mysqli->query('SELECT p.id, p....')
#1 {main}

Error at 2026-03-28 15:14:38 (transactions.php)
Message: Table 'pos_inventory_system_db.transactions' doesn't exist in engine
Stack trace: #0 C:\Users\Asus\Downloads\Website\api\transactions.php(38): mysqli->query('SELECT t.id, t....')
#1 {main}

Error at 2026-03-28 15:14:39
Message: Table 'pos_inventory_system_db.products' doesn't exist in engine
Stack trace: #0 C:\Users\Asus\Downloads\Website\api\products.php(36): mysqli->query('SELECT p.id, p....')
#1 {main}

Error at 2026-03-28 15:14:39
Message: Table 'pos_inventory_system_db.products' doesn't exist in engine
Stack trace: #0 C:\Users\Asus\Downloads\Website\api\products.php(36): mysqli->query('SELECT p.id, p....')
#1 {main}

Error at 2026-03-28 15:14:39 (transactions.php)
Message: Table 'pos_inventory_system_db.transactions' doesn't exist in engine
Stack trace: #0 C:\Users\Asus\Downloads\Website\api\transactions.php(38): mysqli->query('SELECT t.id, t....')
#1 {main}

Error at 2026-03-28 15:14:39 (transactions.php)
Message: Table 'pos_inventory_system_db.transactions' doesn't exist in engine
Stack trace: #0 C:\Users\Asus\Downloads\Website\api\transactions.php(38): mysqli->query('SELECT t.id, t....')
#1 {main}

Error at 2026-03-28 15:14:40
Message: Table 'pos_inventory_system_db.products' doesn't exist in engine
Stack trace: #0 C:\Users\Asus\Downloads\Website\api\products.php(36): mysqli->query('SELECT p.id, p....')
#1 {main}

Error at 2026-03-28 15:14:40 (transactions.php)
Message: Table 'pos_inventory_system_db.transactions' doesn't exist in engine
Stack trace: #0 C:\Users\Asus\Downloads\Website\api\transactions.php(38): mysqli->query('SELECT t.id, t....')
#1 {main}

Error at 2026-03-28 15:14:41
Message: Table 'pos_inventory_system_db.products' doesn't exist in engine
Stack trace: #0 C:\Users\Asus\Downloads\Website\api\products.php(36): mysqli->query('SELECT p.id, p....')
#1 {main}

Error at 2026-03-28 15:14:41 (transactions.php)
Message: Table 'pos_inventory_system_db.transactions' doesn't exist in engine
Stack trace: #0 C:\Users\Asus\Downloads\Website\api\transactions.php(38): mysqli->query('SELECT t.id, t....')
#1 {main}

Error at 2026-03-28 15:14:42
Message: Table 'pos_inventory_system_db.products' doesn't exist in engine
Stack trace: #0 C:\Users\Asus\Downloads\Website\api\products.php(36): mysqli->query('SELECT p.id, p....')
#1 {main}

Error at 2026-03-28 15:14:42 (transactions.php)
Message: Table 'pos_inventory_system_db.transactions' doesn't exist in engine
Stack trace: #0 C:\Users\Asus\Downloads\Website\api\transactions.php(38): mysqli->query('SELECT t.id, t....')
#1 {main}

Error at 2026-03-28 15:14:43
Message: Table 'pos_inventory_system_db.products' doesn't exist in engine
Stack trace: #0 C:\Users\Asus\Downloads\Website\api\products.php(36): mysqli->query('SELECT p.id, p....')
#1 {main}

Error at 2026-03-28 15:14:43 (transactions.php)
Message: Table 'pos_inventory_system_db.transactions' doesn't exist in engine
Stack trace: #0 C:\Users\Asus\Downloads\Website\api\transactions.php(38): mysqli->query('SELECT t.id, t....')
#1 {main}

Error at 2026-03-28 15:14:44
Message: Table 'pos_inventory_system_db.products' doesn't exist in engine
Stack trace: #0 C:\Users\Asus\Downloads\Website\api\products.php(36): mysqli->query('SELECT p.id, p....')
#1 {main}

Error at 2026-03-28 15:14:44 (transactions.php)
Message: Table 'pos_inventory_system_db.transactions' doesn't exist in engine
Stack trace: #0 C:\Users\Asus\Downloads\Website\api\transactions.php(38): mysqli->query('SELECT t.id, t....')
#1 {main}

Error at 2026-03-28 15:14:45
Message: Table 'pos_inventory_system_db.products' doesn't exist in engine
Stack trace: #0 C:\Users\Asus\Downloads\Website\api\products.php(36): mysqli->query('SELECT p.id, p....')
#1 {main}

Error at 2026-03-28 15:14:45 (transactions.php)
Message: Table 'pos_inventory_system_db.transactions' doesn't exist in engine
Stack trace: #0 C:\Users\Asus\Downloads\Website\api\transactions.php(38): mysqli->query('SELECT t.id, t....')
#1 {main}

Error at 2026-03-28 15:14:46
Message: Table 'pos_inventory_system_db.products' doesn't exist in engine
Stack trace: #0 C:\Users\Asus\Downloads\Website\api\products.php(36): mysqli->query('SELECT p.id, p....')
#1 {main}

Error at 2026-03-28 15:14:46 (transactions.php)
Message: Table 'pos_inventory_system_db.transactions' doesn't exist in engine
Stack trace: #0 C:\Users\Asus\Downloads\Website\api\transactions.php(38): mysqli->query('SELECT t.id, t....')
#1 {main}

Error at 2026-03-28 15:14:47
Message: Table 'pos_inventory_system_db.products' doesn't exist in engine
Stack trace: #0 C:\Users\Asus\Downloads\Website\api\products.php(36): mysqli->query('SELECT p.id, p....')
#1 {main}

Error at 2026-03-28 15:14:47 (transactions.php)
Message: Table 'pos_inventory_system_db.transactions' doesn't exist in engine
Stack trace: #0 C:\Users\Asus\Downloads\Website\api\transactions.php(38): mysqli->query('SELECT t.id, t....')
#1 {main}

Error at 2026-03-28 15:14:48
Message: Table 'pos_inventory_system_db.products' doesn't exist in engine
Stack trace: #0 C:\Users\Asus\Downloads\Website\api\products.php(36): mysqli->query('SELECT p.id, p....')
#1 {main}

Error at 2026-03-28 15:14:48 (transactions.php)
Message: Table 'pos_inventory_system_db.transactions' doesn't exist in engine
Stack trace: #0 C:\Users\Asus\Downloads\Website\api\transactions.php(38): mysqli->query('SELECT t.id, t....')
#1 {main}

Error at 2026-03-28 15:14:49
Message: Table 'pos_inventory_system_db.products' doesn't exist in engine
Stack trace: #0 C:\Users\Asus\Downloads\Website\api\products.php(36): mysqli->query('SELECT p.id, p....')
#1 {main}

Error at 2026-03-28 15:14:49 (transactions.php)
Message: Table 'pos_inventory_system_db.transactions' doesn't exist in engine
Stack trace: #0 C:\Users\Asus\Downloads\Website\api\transactions.php(38): mysqli->query('SELECT t.id, t....')
#1 {main}

Error at 2026-03-28 15:14:50
Message: Table 'pos_inventory_system_db.products' doesn't exist in engine
Stack trace: #0 C:\Users\Asus\Downloads\Website\api\products.php(36): mysqli->query('SELECT p.id, p....')
#1 {main}

Error at 2026-03-28 15:14:50 (transactions.php)
Message: Table 'pos_inventory_system_db.transactions' doesn't exist in engine
Stack trace: #0 C:\Users\Asus\Downloads\Website\api\transactions.php(38): mysqli->query('SELECT t.id, t....')
#1 {main}

Error at 2026-03-28 15:14:51
Message: Table 'pos_inventory_system_db.products' doesn't exist in engine
Stack trace: #0 C:\Users\Asus\Downloads\Website\api\products.php(36): mysqli->query('SELECT p.id, p....')
#1 {main}

Error at 2026-03-28 15:14:51 (transactions.php)
Message: Table 'pos_inventory_system_db.transactions' doesn't exist in engine
Stack trace: #0 C:\Users\Asus\Downloads\Website\api\transactions.php(38): mysqli->query('SELECT t.id, t....')
#1 {main}

Error at 2026-03-28 15:14:52
Message: Table 'pos_inventory_system_db.products' doesn't exist in engine
Stack trace: #0 C:\Users\Asus\Downloads\Website\api\products.php(36): mysqli->query('SELECT p.id, p....')
#1 {main}

Error at 2026-03-28 15:14:52 (transactions.php)
Message: Table 'pos_inventory_system_db.transactions' doesn't exist in engine
Stack trace: #0 C:\Users\Asus\Downloads\Website\api\transactions.php(38): mysqli->query('SELECT t.id, t....')
#1 {main}

Error at 2026-03-28 15:14:53
Message: Table 'pos_inventory_system_db.products' doesn't exist in engine
Stack trace: #0 C:\Users\Asus\Downloads\Website\api\products.php(36): mysqli->query('SELECT p.id, p....')
#1 {main}

Error at 2026-03-28 15:14:53 (transactions.php)
Message: Table 'pos_inventory_system_db.transactions' doesn't exist in engine
Stack trace: #0 C:\Users\Asus\Downloads\Website\api\transactions.php(38): mysqli->query('SELECT t.id, t....')
#1 {main}

Error at 2026-03-28 15:14:54
Message: Table 'pos_inventory_system_db.products' doesn't exist in engine
Stack trace: #0 C:\Users\Asus\Downloads\Website\api\products.php(36): mysqli->query('SELECT p.id, p....')
#1 {main}

Error at 2026-03-28 15:14:54 (transactions.php)
Message: Table 'pos_inventory_system_db.transactions' doesn't exist in engine
Stack trace: #0 C:\Users\Asus\Downloads\Website\api\transactions.php(38): mysqli->query('SELECT t.id, t....')
#1 {main}

Error at 2026-03-28 15:14:55
Message: Table 'pos_inventory_system_db.products' doesn't exist in engine
Stack trace: #0 C:\Users\Asus\Downloads\Website\api\products.php(36): mysqli->query('SELECT p.id, p....')
#1 {main}

Error at 2026-03-28 15:14:55 (transactions.php)
Message: Table 'pos_inventory_system_db.transactions' doesn't exist in engine
Stack trace: #0 C:\Users\Asus\Downloads\Website\api\transactions.php(38): mysqli->query('SELECT t.id, t....')
#1 {main}

Error at 2026-03-28 15:14:56
Message: Table 'pos_inventory_system_db.products' doesn't exist in engine
Stack trace: #0 C:\Users\Asus\Downloads\Website\api\products.php(36): mysqli->query('SELECT p.id, p....')
#1 {main}

Error at 2026-03-28 15:14:56 (transactions.php)
Message: Table 'pos_inventory_system_db.transactions' doesn't exist in engine
Stack trace: #0 C:\Users\Asus\Downloads\Website\api\transactions.php(38): mysqli->query('SELECT t.id, t....')
#1 {main}

Error at 2026-03-28 15:14:57
Message: Table 'pos_inventory_system_db.products' doesn't exist in engine
Stack trace: #0 C:\Users\Asus\Downloads\Website\api\products.php(36): mysqli->query('SELECT p.id, p....')
#1 {main}

Error at 2026-03-28 15:14:57 (transactions.php)
Message: Table 'pos_inventory_system_db.transactions' doesn't exist in engine
Stack trace: #0 C:\Users\Asus\Downloads\Website\api\transactions.php(38): mysqli->query('SELECT t.id, t....')
#1 {main}

Error at 2026-03-28 15:14:58
Message: Table 'pos_inventory_system_db.products' doesn't exist in engine
Stack trace: #0 C:\Users\Asus\Downloads\Website\api\products.php(36): mysqli->query('SELECT p.id, p....')
#1 {main}

Error at 2026-03-28 15:14:58 (transactions.php)
Message: Table 'pos_inventory_system_db.transactions' doesn't exist in engine
Stack trace: #0 C:\Users\Asus\Downloads\Website\api\transactions.php(38): mysqli->query('SELECT t.id, t....')
#1 {main}

Error at 2026-03-28 15:14:59
Message: Table 'pos_inventory_system_db.products' doesn't exist in engine
Stack trace: #0 C:\Users\Asus\Downloads\Website\api\products.php(36): mysqli->query('SELECT p.id, p....')
#1 {main}

Error at 2026-03-28 15:14:59 (transactions.php)
Message: Table 'pos_inventory_system_db.transactions' doesn't exist in engine
Stack trace: #0 C:\Users\Asus\Downloads\Website\api\transactions.php(38): mysqli->query('SELECT t.id, t....')
#1 {main}

Error at 2026-03-28 15:15:00
Message: Table 'pos_inventory_system_db.products' doesn't exist in engine
Stack trace: #0 C:\Users\Asus\Downloads\Website\api\products.php(36): mysqli->query('SELECT p.id, p....')
#1 {main}

Error at 2026-03-28 15:15:00 (transactions.php)
Message: Table 'pos_inventory_system_db.transactions' doesn't exist in engine
Stack trace: #0 C:\Users\Asus\Downloads\Website\api\transactions.php(38): mysqli->query('SELECT t.id, t....')
#1 {main}

Error at 2026-03-28 15:15:01
Message: Table 'pos_inventory_system_db.products' doesn't exist in engine
Stack trace: #0 C:\Users\Asus\Downloads\Website\api\products.php(36): mysqli->query('SELECT p.id, p....')
#1 {main}

Error at 2026-03-28 15:15:01 (transactions.php)
Message: Table 'pos_inventory_system_db.transactions' doesn't exist in engine
Stack trace: #0 C:\Users\Asus\Downloads\Website\api\transactions.php(38): mysqli->query('SELECT t.id, t....')
#1 {main}

Error at 2026-03-28 15:15:02
Message: Table 'pos_inventory_system_db.products' doesn't exist in engine
Stack trace: #0 C:\Users\Asus\Downloads\Website\api\products.php(36): mysqli->query('SELECT p.id, p....')
#1 {main}

Error at 2026-03-28 15:15:02 (transactions.php)
Message: Table 'pos_inventory_system_db.transactions' doesn't exist in engine
Stack trace: #0 C:\Users\Asus\Downloads\Website\api\transactions.php(38): mysqli->query('SELECT t.id, t....')
#1 {main}

Error at 2026-03-28 15:15:03
Message: Table 'pos_inventory_system_db.products' doesn't exist in engine
Stack trace: #0 C:\Users\Asus\Downloads\Website\api\products.php(36): mysqli->query('SELECT p.id, p....')
#1 {main}

Error at 2026-03-28 15:15:03 (transactions.php)
Message: Table 'pos_inventory_system_db.transactions' doesn't exist in engine
Stack trace: #0 C:\Users\Asus\Downloads\Website\api\transactions.php(38): mysqli->query('SELECT t.id, t....')
#1 {main}

Error at 2026-03-28 15:15:04
Message: Table 'pos_inventory_system_db.products' doesn't exist in engine
Stack trace: #0 C:\Users\Asus\Downloads\Website\api\products.php(36): mysqli->query('SELECT p.id, p....')
#1 {main}

Error at 2026-03-28 15:15:04 (transactions.php)
Message: Table 'pos_inventory_system_db.transactions' doesn't exist in engine
Stack trace: #0 C:\Users\Asus\Downloads\Website\api\transactions.php(38): mysqli->query('SELECT t.id, t....')
#1 {main}

Error at 2026-03-28 15:15:05
Message: Table 'pos_inventory_system_db.products' doesn't exist in engine
Stack trace: #0 C:\Users\Asus\Downloads\Website\api\products.php(36): mysqli->query('SELECT p.id, p....')
#1 {main}

Error at 2026-03-28 15:15:05 (transactions.php)
Message: Table 'pos_inventory_system_db.transactions' doesn't exist in engine
Stack trace: #0 C:\Users\Asus\Downloads\Website\api\transactions.php(38): mysqli->query('SELECT t.id, t....')
#1 {main}

Error at 2026-03-28 15:15:06
Message: Table 'pos_inventory_system_db.products' doesn't exist in engine
Stack trace: #0 C:\Users\Asus\Downloads\Website\api\products.php(36): mysqli->query('SELECT p.id, p....')
#1 {main}

Error at 2026-03-28 15:15:06 (transactions.php)
Message: Table 'pos_inventory_system_db.transactions' doesn't exist in engine
Stack trace: #0 C:\Users\Asus\Downloads\Website\api\transactions.php(38): mysqli->query('SELECT t.id, t....')
#1 {main}

Error at 2026-03-28 15:15:07
Message: Table 'pos_inventory_system_db.products' doesn't exist in engine
Stack trace: #0 C:\Users\Asus\Downloads\Website\api\products.php(36): mysqli->query('SELECT p.id, p....')
#1 {main}

Error at 2026-03-28 15:15:07 (transactions.php)
Message: Table 'pos_inventory_system_db.transactions' doesn't exist in engine
Stack trace: #0 C:\Users\Asus\Downloads\Website\api\transactions.php(38): mysqli->query('SELECT t.id, t....')
#1 {main}

Error at 2026-03-28 15:15:08
Message: Table 'pos_inventory_system_db.products' doesn't exist in engine
Stack trace: #0 C:\Users\Asus\Downloads\Website\api\products.php(36): mysqli->query('SELECT p.id, p....')
#1 {main}

Error at 2026-03-28 15:15:08 (transactions.php)
Message: Table 'pos_inventory_system_db.transactions' doesn't exist in engine
Stack trace: #0 C:\Users\Asus\Downloads\Website\api\transactions.php(38): mysqli->query('SELECT t.id, t....')
#1 {main}

Error at 2026-03-28 15:15:09
Message: Table 'pos_inventory_system_db.products' doesn't exist in engine
Stack trace: #0 C:\Users\Asus\Downloads\Website\api\products.php(36): mysqli->query('SELECT p.id, p....')
#1 {main}

Error at 2026-03-28 15:15:09 (transactions.php)
Message: Table 'pos_inventory_system_db.transactions' doesn't exist in engine
Stack trace: #0 C:\Users\Asus\Downloads\Website\api\transactions.php(38): mysqli->query('SELECT t.id, t....')
#1 {main}

Error at 2026-03-28 15:15:10
Message: Table 'pos_inventory_system_db.products' doesn't exist in engine
Stack trace: #0 C:\Users\Asus\Downloads\Website\api\products.php(36): mysqli->query('SELECT p.id, p....')
#1 {main}

Error at 2026-03-28 15:15:10 (transactions.php)
Message: Table 'pos_inventory_system_db.transactions' doesn't exist in engine
Stack trace: #0 C:\Users\Asus\Downloads\Website\api\transactions.php(38): mysqli->query('SELECT t.id, t....')
#1 {main}

Error at 2026-03-28 15:15:11
Message: Table 'pos_inventory_system_db.products' doesn't exist in engine
Stack trace: #0 C:\Users\Asus\Downloads\Website\api\products.php(36): mysqli->query('SELECT p.id, p....')
#1 {main}

Error at 2026-03-28 15:15:11 (transactions.php)
Message: Table 'pos_inventory_system_db.transactions' doesn't exist in engine
Stack trace: #0 C:\Users\Asus\Downloads\Website\api\transactions.php(38): mysqli->query('SELECT t.id, t....')
#1 {main}

Error at 2026-03-28 15:15:12
Message: Table 'pos_inventory_system_db.products' doesn't exist in engine
Stack trace: #0 C:\Users\Asus\Downloads\Website\api\products.php(36): mysqli->query('SELECT p.id, p....')
#1 {main}

Error at 2026-03-28 15:15:12 (transactions.php)
Message: Table 'pos_inventory_system_db.transactions' doesn't exist in engine
Stack trace: #0 C:\Users\Asus\Downloads\Website\api\transactions.php(38): mysqli->query('SELECT t.id, t....')
#1 {main}

Error at 2026-03-28 15:15:13
Message: Table 'pos_inventory_system_db.products' doesn't exist in engine
Stack trace: #0 C:\Users\Asus\Downloads\Website\api\products.php(36): mysqli->query('SELECT p.id, p....')
#1 {main}

Error at 2026-03-28 15:15:13 (transactions.php)
Message: Table 'pos_inventory_system_db.transactions' doesn't exist in engine
Stack trace: #0 C:\Users\Asus\Downloads\Website\api\transactions.php(38): mysqli->query('SELECT t.id, t....')
#1 {main}

Error at 2026-03-28 15:15:19
Message: Table 'pos_inventory_system_db.products' doesn't exist in engine
Stack trace: #0 C:\Users\Asus\Downloads\Website\api\products.php(36): mysqli->query('SELECT p.id, p....')
#1 {main}

Error at 2026-03-28 15:15:19 (transactions.php)
Message: Table 'pos_inventory_system_db.transactions' doesn't exist in engine
Stack trace: #0 C:\Users\Asus\Downloads\Website\api\transactions.php(38): mysqli->query('SELECT t.id, t....')
#1 {main}

Error at 2026-03-28 15:15:19
Message: Table 'pos_inventory_system_db.products' doesn't exist in engine
Stack trace: #0 C:\Users\Asus\Downloads\Website\api\products.php(36): mysqli->query('SELECT p.id, p....')
#1 {main}

Error at 2026-03-28 15:15:19 (transactions.php)
Message: Table 'pos_inventory_system_db.transactions' doesn't exist in engine
Stack trace: #0 C:\Users\Asus\Downloads\Website\api\transactions.php(38): mysqli->query('SELECT t.id, t....')
#1 {main}

Error at 2026-03-28 15:15:19
Message: Table 'pos_inventory_system_db.products' doesn't exist in engine
Stack trace: #0 C:\Users\Asus\Downloads\Website\api\products.php(36): mysqli->query('SELECT p.id, p....')
#1 {main}

Error at 2026-03-28 15:15:39
Message: Table 'pos_inventory_system_db.products' doesn't exist in engine
Stack trace: #0 C:\Users\Asus\Downloads\Website\api\products.php(36): mysqli->query('SELECT p.id, p....')
#1 {main}

Error at 2026-03-28 15:15:39 (transactions.php)
Message: Table 'pos_inventory_system_db.transactions' doesn't exist in engine
Stack trace: #0 C:\Users\Asus\Downloads\Website\api\transactions.php(38): mysqli->query('SELECT t.id, t....')
#1 {main}

Error at 2026-03-28 15:16:39
Message: Table 'pos_inventory_system_db.products' doesn't exist
Stack trace: #0 C:\Users\Asus\Downloads\Website\api\products.php(36): mysqli->query('SELECT p.id, p....')
#1 {main}

Error at 2026-03-28 15:16:39 (transactions.php)
Message: Table 'pos_inventory_system_db.transactions' doesn't exist
Stack trace: #0 C:\Users\Asus\Downloads\Website\api\transactions.php(38): mysqli->query('SELECT t.id, t....')
#1 {main}

Error at 2026-03-28 15:17:39
Message: Table 'pos_inventory_system_db.products' doesn't exist
Stack trace: #0 C:\Users\Asus\Downloads\Website\api\products.php(36): mysqli->query('SELECT p.id, p....')
#1 {main}

Error at 2026-03-28 15:17:39 (transactions.php)
Message: Table 'pos_inventory_system_db.transactions' doesn't exist
Stack trace: #0 C:\Users\Asus\Downloads\Website\api\transactions.php(38): mysqli->query('SELECT t.id, t....')
#1 {main}

Error at 2026-03-28 15:18:39
Message: Table 'pos_inventory_system_db.products' doesn't exist
Stack trace: #0 C:\Users\Asus\Downloads\Website\api\products.php(36): mysqli->query('SELECT p.id, p....')
#1 {main}

Error at 2026-03-28 15:18:39 (transactions.php)
Message: Table 'pos_inventory_system_db.transactions' doesn't exist
Stack trace: #0 C:\Users\Asus\Downloads\Website\api\transactions.php(38): mysqli->query('SELECT t.id, t....')
#1 {main}

Error at 2026-03-28 15:19:39
Message: Table 'pos_inventory_system_db.products' doesn't exist
Stack trace: #0 C:\Users\Asus\Downloads\Website\api\products.php(36): mysqli->query('SELECT p.id, p....')
#1 {main}

Error at 2026-03-28 15:19:39 (transactions.php)
Message: Table 'pos_inventory_system_db.transactions' doesn't exist
Stack trace: #0 C:\Users\Asus\Downloads\Website\api\transactions.php(38): mysqli->query('SELECT t.id, t....')
#1 {main}

Error at 2026-03-28 15:20:02 (transactions.php)
Message: Table 'pos_inventory_system_db.transactions' doesn't exist
Stack trace: #0 C:\Users\Asus\Downloads\Website\api\transactions.php(38): mysqli->query('SELECT t.id, t....')
#1 {main}

Error at 2026-03-28 15:20:02
Message: Table 'pos_inventory_system_db.products' doesn't exist
Stack trace: #0 C:\Users\Asus\Downloads\Website\api\products.php(36): mysqli->query('SELECT p.id, p....')
#1 {main}

Error at 2026-03-28 15:20:02 (transactions.php)
Message: Table 'pos_inventory_system_db.transactions' doesn't exist
Stack trace: #0 C:\Users\Asus\Downloads\Website\api\transactions.php(38): mysqli->query('SELECT t.id, t....')
#1 {main}

Error at 2026-03-28 15:20:03
Message: Table 'pos_inventory_system_db.products' doesn't exist
Stack trace: #0 C:\Users\Asus\Downloads\Website\api\products.php(36): mysqli->query('SELECT p.id, p....')
#1 {main}

Error at 2026-03-28 15:20:03 (transactions.php)
Message: Table 'pos_inventory_system_db.transactions' doesn't exist
Stack trace: #0 C:\Users\Asus\Downloads\Website\api\transactions.php(38): mysqli->query('SELECT t.id, t....')
#1 {main}

Error at 2026-03-28 15:20:04
Message: Table 'pos_inventory_system_db.products' doesn't exist
Stack trace: #0 C:\Users\Asus\Downloads\Website\api\products.php(36): mysqli->query('SELECT p.id, p....')
#1 {main}

Error at 2026-03-28 15:20:04 (transactions.php)
Message: Table 'pos_inventory_system_db.transactions' doesn't exist
Stack trace: #0 C:\Users\Asus\Downloads\Website\api\transactions.php(38): mysqli->query('SELECT t.id, t....')
#1 {main}

Error at 2026-03-28 15:20:05
Message: Table 'pos_inventory_system_db.products' doesn't exist
Stack trace: #0 C:\Users\Asus\Downloads\Website\api\products.php(36): mysqli->query('SELECT p.id, p....')
#1 {main}

Error at 2026-03-28 15:20:05 (transactions.php)
Message: Table 'pos_inventory_system_db.transactions' doesn't exist
Stack trace: #0 C:\Users\Asus\Downloads\Website\api\transactions.php(38): mysqli->query('SELECT t.id, t....')
#1 {main}

Error at 2026-03-28 15:20:06
Message: Table 'pos_inventory_system_db.products' doesn't exist
Stack trace: #0 C:\Users\Asus\Downloads\Website\api\products.php(36): mysqli->query('SELECT p.id, p....')
#1 {main}

Error at 2026-03-28 15:20:06 (transactions.php)
Message: Table 'pos_inventory_system_db.transactions' doesn't exist
Stack trace: #0 C:\Users\Asus\Downloads\Website\api\transactions.php(38): mysqli->query('SELECT t.id, t....')
#1 {main}

Error at 2026-03-28 15:20:07
Message: Table 'pos_inventory_system_db.products' doesn't exist
Stack trace: #0 C:\Users\Asus\Downloads\Website\api\products.php(36): mysqli->query('SELECT p.id, p....')
#1 {main}

Error at 2026-03-28 15:20:07 (transactions.php)
Message: Table 'pos_inventory_system_db.transactions' doesn't exist
Stack trace: #0 C:\Users\Asus\Downloads\Website\api\transactions.php(38): mysqli->query('SELECT t.id, t....')
#1 {main}

Error at 2026-03-28 15:20:08
Message: Table 'pos_inventory_system_db.products' doesn't exist
Stack trace: #0 C:\Users\Asus\Downloads\Website\api\products.php(36): mysqli->query('SELECT p.id, p....')
#1 {main}

Error at 2026-03-28 15:20:08 (transactions.php)
Message: Table 'pos_inventory_system_db.transactions' doesn't exist
Stack trace: #0 C:\Users\Asus\Downloads\Website\api\transactions.php(38): mysqli->query('SELECT t.id, t....')
#1 {main}

Error at 2026-03-28 15:20:08
Message: Table 'pos_inventory_system_db.products' doesn't exist
Stack trace: #0 C:\Users\Asus\Downloads\Website\api\products.php(36): mysqli->query('SELECT p.id, p....')
#1 {main}

Error at 2026-03-28 15:20:08 (transactions.php)
Message: Table 'pos_inventory_system_db.transactions' doesn't exist
Stack trace: #0 C:\Users\Asus\Downloads\Website\api\transactions.php(38): mysqli->query('SELECT t.id, t....')
#1 {main}

Error at 2026-03-28 15:20:09
Message: Table 'pos_inventory_system_db.products' doesn't exist
Stack trace: #0 C:\Users\Asus\Downloads\Website\api\products.php(36): mysqli->query('SELECT p.id, p....')
#1 {main}

Error at 2026-03-28 15:20:09 (transactions.php)
Message: Table 'pos_inventory_system_db.transactions' doesn't exist
Stack trace: #0 C:\Users\Asus\Downloads\Website\api\transactions.php(38): mysqli->query('SELECT t.id, t....')
#1 {main}

Error at 2026-03-28 15:20:09
Message: Table 'pos_inventory_system_db.products' doesn't exist
Stack trace: #0 C:\Users\Asus\Downloads\Website\api\products.php(36): mysqli->query('SELECT p.id, p....')
#1 {main}

Error at 2026-03-28 15:20:09 (transactions.php)
Message: Table 'pos_inventory_system_db.transactions' doesn't exist
Stack trace: #0 C:\Users\Asus\Downloads\Website\api\transactions.php(38): mysqli->query('SELECT t.id, t....')
#1 {main}

Error at 2026-03-28 15:20:10
Message: Table 'pos_inventory_system_db.products' doesn't exist
Stack trace: #0 C:\Users\Asus\Downloads\Website\api\products.php(36): mysqli->query('SELECT p.id, p....')
#1 {main}

Error at 2026-03-28 15:20:10 (transactions.php)
Message: Table 'pos_inventory_system_db.transactions' doesn't exist
Stack trace: #0 C:\Users\Asus\Downloads\Website\api\transactions.php(38): mysqli->query('SELECT t.id, t....')
#1 {main}

Error at 2026-03-28 15:20:10
Message: Table 'pos_inventory_system_db.products' doesn't exist
Stack trace: #0 C:\Users\Asus\Downloads\Website\api\products.php(36): mysqli->query('SELECT p.id, p....')
#1 {main}

Error at 2026-03-28 15:20:10 (transactions.php)
Message: Table 'pos_inventory_system_db.transactions' doesn't exist
Stack trace: #0 C:\Users\Asus\Downloads\Website\api\transactions.php(38): mysqli->query('SELECT t.id, t....')
#1 {main}

Error at 2026-03-28 15:20:11
Message: Table 'pos_inventory_system_db.products' doesn't exist
Stack trace: #0 C:\Users\Asus\Downloads\Website\api\products.php(36): mysqli->query('SELECT p.id, p....')
#1 {main}

Error at 2026-03-28 15:20:11 (transactions.php)
Message: Table 'pos_inventory_system_db.transactions' doesn't exist
Stack trace: #0 C:\Users\Asus\Downloads\Website\api\transactions.php(38): mysqli->query('SELECT t.id, t....')
#1 {main}

Error at 2026-03-28 15:20:11
Message: Table 'pos_inventory_system_db.products' doesn't exist
Stack trace: #0 C:\Users\Asus\Downloads\Website\api\products.php(36): mysqli->query('SELECT p.id, p....')
#1 {main}

Error at 2026-03-28 15:20:11 (transactions.php)
Message: Table 'pos_inventory_system_db.transactions' doesn't exist
Stack trace: #0 C:\Users\Asus\Downloads\Website\api\transactions.php(38): mysqli->query('SELECT t.id, t....')
#1 {main}

Error at 2026-03-28 15:20:12
Message: Table 'pos_inventory_system_db.products' doesn't exist
Stack trace: #0 C:\Users\Asus\Downloads\Website\api\products.php(36): mysqli->query('SELECT p.id, p....')
#1 {main}

Error at 2026-03-28 15:20:12 (transactions.php)
Message: Table 'pos_inventory_system_db.transactions' doesn't exist
Stack trace: #0 C:\Users\Asus\Downloads\Website\api\transactions.php(38): mysqli->query('SELECT t.id, t....')
#1 {main}

Error at 2026-03-28 15:20:12
Message: Table 'pos_inventory_system_db.products' doesn't exist
Stack trace: #0 C:\Users\Asus\Downloads\Website\api\products.php(36): mysqli->query('SELECT p.id, p....')
#1 {main}

Error at 2026-03-28 15:20:12 (transactions.php)
Message: Table 'pos_inventory_system_db.transactions' doesn't exist
Stack trace: #0 C:\Users\Asus\Downloads\Website\api\transactions.php(38): mysqli->query('SELECT t.id, t....')
#1 {main}

Error at 2026-03-28 15:20:13
Message: Table 'pos_inventory_system_db.products' doesn't exist
Stack trace: #0 C:\Users\Asus\Downloads\Website\api\products.php(36): mysqli->query('SELECT p.id, p....')
#1 {main}

Error at 2026-03-28 15:20:13 (transactions.php)
Message: Table 'pos_inventory_system_db.transactions' doesn't exist
Stack trace: #0 C:\Users\Asus\Downloads\Website\api\transactions.php(38): mysqli->query('SELECT t.id, t....')
#1 {main}

Error at 2026-03-28 15:20:13
Message: Table 'pos_inventory_system_db.products' doesn't exist
Stack trace: #0 C:\Users\Asus\Downloads\Website\api\products.php(36): mysqli->query('SELECT p.id, p....')
#1 {main}

Error at 2026-03-28 15:20:13 (transactions.php)
Message: Table 'pos_inventory_system_db.transactions' doesn't exist
Stack trace: #0 C:\Users\Asus\Downloads\Website\api\transactions.php(38): mysqli->query('SELECT t.id, t....')
#1 {main}

Error at 2026-03-28 15:20:13 (transactions.php)
Message: Table 'pos_inventory_system_db.transactions' doesn't exist
Stack trace: #0 C:\Users\Asus\Downloads\Website\api\transactions.php(38): mysqli->query('SELECT t.id, t....')
#1 {main}

Error at 2026-03-28 15:20:14
Message: Table 'pos_inventory_system_db.products' doesn't exist
Stack trace: #0 C:\Users\Asus\Downloads\Website\api\products.php(36): mysqli->query('SELECT p.id, p....')
#1 {main}

Error at 2026-03-28 15:20:14 (transactions.php)
Message: Table 'pos_inventory_system_db.transactions' doesn't exist
Stack trace: #0 C:\Users\Asus\Downloads\Website\api\transactions.php(38): mysqli->query('SELECT t.id, t....')
#1 {main}

Error at 2026-03-28 15:20:14
Message: Table 'pos_inventory_system_db.products' doesn't exist
Stack trace: #0 C:\Users\Asus\Downloads\Website\api\products.php(36): mysqli->query('SELECT p.id, p....')
#1 {main}

Error at 2026-03-28 15:20:14 (transactions.php)
Message: Table 'pos_inventory_system_db.transactions' doesn't exist
Stack trace: #0 C:\Users\Asus\Downloads\Website\api\transactions.php(38): mysqli->query('SELECT t.id, t....')
#1 {main}

Error at 2026-03-28 15:20:15
Message: Table 'pos_inventory_system_db.products' doesn't exist
Stack trace: #0 C:\Users\Asus\Downloads\Website\api\products.php(36): mysqli->query('SELECT p.id, p....')
#1 {main}

Error at 2026-03-28 15:20:15 (transactions.php)
Message: Table 'pos_inventory_system_db.transactions' doesn't exist
Stack trace: #0 C:\Users\Asus\Downloads\Website\api\transactions.php(38): mysqli->query('SELECT t.id, t....')
#1 {main}

Error at 2026-03-28 15:20:15
Message: Table 'pos_inventory_system_db.products' doesn't exist
Stack trace: #0 C:\Users\Asus\Downloads\Website\api\products.php(36): mysqli->query('SELECT p.id, p....')
#1 {main}

Error at 2026-03-28 15:20:15 (transactions.php)
Message: Table 'pos_inventory_system_db.transactions' doesn't exist
Stack trace: #0 C:\Users\Asus\Downloads\Website\api\transactions.php(38): mysqli->query('SELECT t.id, t....')
#1 {main}

Error at 2026-03-28 15:20:16
Message: Table 'pos_inventory_system_db.products' doesn't exist
Stack trace: #0 C:\Users\Asus\Downloads\Website\api\products.php(36): mysqli->query('SELECT p.id, p....')
#1 {main}

Error at 2026-03-28 15:20:16 (transactions.php)
Message: Table 'pos_inventory_system_db.transactions' doesn't exist
Stack trace: #0 C:\Users\Asus\Downloads\Website\api\transactions.php(38): mysqli->query('SELECT t.id, t....')
#1 {main}

Error at 2026-03-28 15:20:16
Message: Table 'pos_inventory_system_db.products' doesn't exist
Stack trace: #0 C:\Users\Asus\Downloads\Website\api\products.php(36): mysqli->query('SELECT p.id, p....')
#1 {main}

Error at 2026-03-28 15:20:17 (transactions.php)
Message: Table 'pos_inventory_system_db.transactions' doesn't exist
Stack trace: #0 C:\Users\Asus\Downloads\Website\api\transactions.php(38): mysqli->query('SELECT t.id, t....')
#1 {main}

Error at 2026-03-28 15:20:17
Message: Table 'pos_inventory_system_db.products' doesn't exist
Stack trace: #0 C:\Users\Asus\Downloads\Website\api\products.php(36): mysqli->query('SELECT p.id, p....')
#1 {main}

Error at 2026-03-28 15:20:17 (transactions.php)
Message: Table 'pos_inventory_system_db.transactions' doesn't exist
Stack trace: #0 C:\Users\Asus\Downloads\Website\api\transactions.php(38): mysqli->query('SELECT t.id, t....')
#1 {main}

Error at 2026-03-28 15:20:17
Message: Table 'pos_inventory_system_db.products' doesn't exist
Stack trace: #0 C:\Users\Asus\Downloads\Website\api\products.php(36): mysqli->query('SELECT p.id, p....')
#1 {main}

Error at 2026-03-28 15:20:17 (transactions.php)
Message: Table 'pos_inventory_system_db.transactions' doesn't exist
Stack trace: #0 C:\Users\Asus\Downloads\Website\api\transactions.php(38): mysqli->query('SELECT t.id, t....')
#1 {main}

Error at 2026-03-28 15:20:18
Message: Table 'pos_inventory_system_db.products' doesn't exist
Stack trace: #0 C:\Users\Asus\Downloads\Website\api\products.php(36): mysqli->query('SELECT p.id, p....')
#1 {main}

Error at 2026-03-28 15:20:18 (transactions.php)
Message: Table 'pos_inventory_system_db.transactions' doesn't exist
Stack trace: #0 C:\Users\Asus\Downloads\Website\api\transactions.php(38): mysqli->query('SELECT t.id, t....')
#1 {main}

Error at 2026-03-28 15:20:18
Message: Table 'pos_inventory_system_db.products' doesn't exist
Stack trace: #0 C:\Users\Asus\Downloads\Website\api\products.php(36): mysqli->query('SELECT p.id, p....')
#1 {main}

Error at 2026-03-28 15:20:18 (transactions.php)
Message: Table 'pos_inventory_system_db.transactions' doesn't exist
Stack trace: #0 C:\Users\Asus\Downloads\Website\api\transactions.php(38): mysqli->query('SELECT t.id, t....')
#1 {main}

Error at 2026-03-28 15:20:19
Message: Table 'pos_inventory_system_db.products' doesn't exist
Stack trace: #0 C:\Users\Asus\Downloads\Website\api\products.php(36): mysqli->query('SELECT p.id, p....')
#1 {main}

Error at 2026-03-28 15:20:19 (transactions.php)
Message: Table 'pos_inventory_system_db.transactions' doesn't exist
Stack trace: #0 C:\Users\Asus\Downloads\Website\api\transactions.php(38): mysqli->query('SELECT t.id, t....')
#1 {main}

Error at 2026-03-28 15:20:19
Message: Table 'pos_inventory_system_db.products' doesn't exist
Stack trace: #0 C:\Users\Asus\Downloads\Website\api\products.php(36): mysqli->query('SELECT p.id, p....')
#1 {main}

Error at 2026-03-28 15:20:19 (transactions.php)
Message: Table 'pos_inventory_system_db.transactions' doesn't exist
Stack trace: #0 C:\Users\Asus\Downloads\Website\api\transactions.php(38): mysqli->query('SELECT t.id, t....')
#1 {main}

Error at 2026-03-28 15:20:20
Message: Table 'pos_inventory_system_db.products' doesn't exist
Stack trace: #0 C:\Users\Asus\Downloads\Website\api\products.php(36): mysqli->query('SELECT p.id, p....')
#1 {main}

Error at 2026-03-28 15:20:20 (transactions.php)
Message: Table 'pos_inventory_system_db.transactions' doesn't exist
Stack trace: #0 C:\Users\Asus\Downloads\Website\api\transactions.php(38): mysqli->query('SELECT t.id, t....')
#1 {main}

Error at 2026-03-28 15:20:20
Message: Table 'pos_inventory_system_db.products' doesn't exist
Stack trace: #0 C:\Users\Asus\Downloads\Website\api\products.php(36): mysqli->query('SELECT p.id, p....')
#1 {main}

Error at 2026-03-28 15:20:21 (transactions.php)
Message: Table 'pos_inventory_system_db.transactions' doesn't exist
Stack trace: #0 C:\Users\Asus\Downloads\Website\api\transactions.php(38): mysqli->query('SELECT t.id, t....')
#1 {main}

Error at 2026-03-28 15:20:21
Message: Table 'pos_inventory_system_db.products' doesn't exist
Stack trace: #0 C:\Users\Asus\Downloads\Website\api\products.php(36): mysqli->query('SELECT p.id, p....')
#1 {main}

Error at 2026-03-28 15:20:21 (transactions.php)
Message: Table 'pos_inventory_system_db.transactions' doesn't exist
Stack trace: #0 C:\Users\Asus\Downloads\Website\api\transactions.php(38): mysqli->query('SELECT t.id, t....')
#1 {main}

Error at 2026-03-28 15:20:21
Message: Table 'pos_inventory_system_db.products' doesn't exist
Stack trace: #0 C:\Users\Asus\Downloads\Website\api\products.php(36): mysqli->query('SELECT p.id, p....')
#1 {main}

Error at 2026-03-28 15:20:22 (transactions.php)
Message: Table 'pos_inventory_system_db.transactions' doesn't exist
Stack trace: #0 C:\Users\Asus\Downloads\Website\api\transactions.php(38): mysqli->query('SELECT t.id, t....')
#1 {main}

Error at 2026-03-28 15:20:22
Message: Table 'pos_inventory_system_db.products' doesn't exist
Stack trace: #0 C:\Users\Asus\Downloads\Website\api\products.php(36): mysqli->query('SELECT p.id, p....')
#1 {main}

Error at 2026-03-28 15:20:22 (transactions.php)
Message: Table 'pos_inventory_system_db.transactions' doesn't exist
Stack trace: #0 C:\Users\Asus\Downloads\Website\api\transactions.php(38): mysqli->query('SELECT t.id, t....')
#1 {main}

Error at 2026-03-28 15:20:22
Message: Table 'pos_inventory_system_db.products' doesn't exist
Stack trace: #0 C:\Users\Asus\Downloads\Website\api\products.php(36): mysqli->query('SELECT p.id, p....')
#1 {main}

Error at 2026-03-28 15:20:22 (transactions.php)
Message: Table 'pos_inventory_system_db.transactions' doesn't exist
Stack trace: #0 C:\Users\Asus\Downloads\Website\api\transactions.php(38): mysqli->query('SELECT t.id, t....')
#1 {main}

Error at 2026-03-28 15:20:23
Message: Table 'pos_inventory_system_db.products' doesn't exist
Stack trace: #0 C:\Users\Asus\Downloads\Website\api\products.php(36): mysqli->query('SELECT p.id, p....')
#1 {main}

Error at 2026-03-28 15:20:23 (transactions.php)
Message: Table 'pos_inventory_system_db.transactions' doesn't exist
Stack trace: #0 C:\Users\Asus\Downloads\Website\api\transactions.php(38): mysqli->query('SELECT t.id, t....')
#1 {main}

Error at 2026-03-28 15:20:23
Message: Table 'pos_inventory_system_db.products' doesn't exist
Stack trace: #0 C:\Users\Asus\Downloads\Website\api\products.php(36): mysqli->query('SELECT p.id, p....')
#1 {main}

Error at 2026-03-28 15:20:23 (transactions.php)
Message: Table 'pos_inventory_system_db.transactions' doesn't exist
Stack trace: #0 C:\Users\Asus\Downloads\Website\api\transactions.php(38): mysqli->query('SELECT t.id, t....')
#1 {main}

Error at 2026-03-28 15:20:24
Message: Table 'pos_inventory_system_db.products' doesn't exist
Stack trace: #0 C:\Users\Asus\Downloads\Website\api\products.php(36): mysqli->query('SELECT p.id, p....')
#1 {main}

Error at 2026-03-28 15:20:24 (transactions.php)
Message: Table 'pos_inventory_system_db.transactions' doesn't exist
Stack trace: #0 C:\Users\Asus\Downloads\Website\api\transactions.php(38): mysqli->query('SELECT t.id, t....')
#1 {main}

Error at 2026-03-28 15:20:24
Message: Table 'pos_inventory_system_db.products' doesn't exist
Stack trace: #0 C:\Users\Asus\Downloads\Website\api\products.php(36): mysqli->query('SELECT p.id, p....')
#1 {main}

Error at 2026-03-28 15:20:25 (transactions.php)
Message: Table 'pos_inventory_system_db.transactions' doesn't exist
Stack trace: #0 C:\Users\Asus\Downloads\Website\api\transactions.php(38): mysqli->query('SELECT t.id, t....')
#1 {main}

Error at 2026-03-28 15:20:25
Message: Table 'pos_inventory_system_db.products' doesn't exist
Stack trace: #0 C:\Users\Asus\Downloads\Website\api\products.php(36): mysqli->query('SELECT p.id, p....')
#1 {main}

Error at 2026-03-28 15:20:25 (transactions.php)
Message: Table 'pos_inventory_system_db.transactions' doesn't exist
Stack trace: #0 C:\Users\Asus\Downloads\Website\api\transactions.php(38): mysqli->query('SELECT t.id, t....')
#1 {main}

Error at 2026-03-28 15:20:25
Message: Table 'pos_inventory_system_db.products' doesn't exist
Stack trace: #0 C:\Users\Asus\Downloads\Website\api\products.php(36): mysqli->query('SELECT p.id, p....')
#1 {main}

Error at 2026-03-28 15:20:25 (transactions.php)
Message: Table 'pos_inventory_system_db.transactions' doesn't exist
Stack trace: #0 C:\Users\Asus\Downloads\Website\api\transactions.php(38): mysqli->query('SELECT t.id, t....')
#1 {main}

Error at 2026-03-28 15:20:26
Message: Table 'pos_inventory_system_db.products' doesn't exist
Stack trace: #0 C:\Users\Asus\Downloads\Website\api\products.php(36): mysqli->query('SELECT p.id, p....')
#1 {main}

Error at 2026-03-28 15:20:26 (transactions.php)
Message: Table 'pos_inventory_system_db.transactions' doesn't exist
Stack trace: #0 C:\Users\Asus\Downloads\Website\api\transactions.php(38): mysqli->query('SELECT t.id, t....')
#1 {main}

Error at 2026-03-28 15:20:26
Message: Table 'pos_inventory_system_db.products' doesn't exist
Stack trace: #0 C:\Users\Asus\Downloads\Website\api\products.php(36): mysqli->query('SELECT p.id, p....')
#1 {main}

Error at 2026-03-28 15:20:27 (transactions.php)
Message: Table 'pos_inventory_system_db.transactions' doesn't exist
Stack trace: #0 C:\Users\Asus\Downloads\Website\api\transactions.php(38): mysqli->query('SELECT t.id, t....')
#1 {main}

Error at 2026-03-28 15:20:27
Message: Table 'pos_inventory_system_db.products' doesn't exist
Stack trace: #0 C:\Users\Asus\Downloads\Website\api\products.php(36): mysqli->query('SELECT p.id, p....')
#1 {main}

Error at 2026-03-28 15:20:27 (transactions.php)
Message: Table 'pos_inventory_system_db.transactions' doesn't exist
Stack trace: #0 C:\Users\Asus\Downloads\Website\api\transactions.php(38): mysqli->query('SELECT t.id, t....')
#1 {main}

Error at 2026-03-28 15:20:27
Message: Table 'pos_inventory_system_db.products' doesn't exist
Stack trace: #0 C:\Users\Asus\Downloads\Website\api\products.php(36): mysqli->query('SELECT p.id, p....')
#1 {main}

Error at 2026-03-28 15:20:27 (transactions.php)
Message: Table 'pos_inventory_system_db.transactions' doesn't exist
Stack trace: #0 C:\Users\Asus\Downloads\Website\api\transactions.php(38): mysqli->query('SELECT t.id, t....')
#1 {main}

Error at 2026-03-28 15:20:28
Message: Table 'pos_inventory_system_db.products' doesn't exist
Stack trace: #0 C:\Users\Asus\Downloads\Website\api\products.php(36): mysqli->query('SELECT p.id, p....')
#1 {main}

Error at 2026-03-28 15:20:28 (transactions.php)
Message: Table 'pos_inventory_system_db.transactions' doesn't exist
Stack trace: #0 C:\Users\Asus\Downloads\Website\api\transactions.php(38): mysqli->query('SELECT t.id, t....')
#1 {main}

Error at 2026-03-28 15:20:28
Message: Table 'pos_inventory_system_db.products' doesn't exist
Stack trace: #0 C:\Users\Asus\Downloads\Website\api\products.php(36): mysqli->query('SELECT p.id, p....')
#1 {main}

Error at 2026-03-28 15:20:29 (transactions.php)
Message: Table 'pos_inventory_system_db.transactions' doesn't exist
Stack trace: #0 C:\Users\Asus\Downloads\Website\api\transactions.php(38): mysqli->query('SELECT t.id, t....')
#1 {main}

Error at 2026-03-28 15:20:29
Message: Table 'pos_inventory_system_db.products' doesn't exist
Stack trace: #0 C:\Users\Asus\Downloads\Website\api\products.php(36): mysqli->query('SELECT p.id, p....')
#1 {main}

Error at 2026-03-28 15:20:29 (transactions.php)
Message: Table 'pos_inventory_system_db.transactions' doesn't exist
Stack trace: #0 C:\Users\Asus\Downloads\Website\api\transactions.php(38): mysqli->query('SELECT t.id, t....')
#1 {main}

Error at 2026-03-28 15:20:29
Message: Table 'pos_inventory_system_db.products' doesn't exist
Stack trace: #0 C:\Users\Asus\Downloads\Website\api\products.php(36): mysqli->query('SELECT p.id, p....')
#1 {main}

Error at 2026-03-28 15:20:29 (transactions.php)
Message: Table 'pos_inventory_system_db.transactions' doesn't exist
Stack trace: #0 C:\Users\Asus\Downloads\Website\api\transactions.php(38): mysqli->query('SELECT t.id, t....')
#1 {main}

Error at 2026-03-28 15:20:30
Message: Table 'pos_inventory_system_db.products' doesn't exist
Stack trace: #0 C:\Users\Asus\Downloads\Website\api\products.php(36): mysqli->query('SELECT p.id, p....')
#1 {main}

Error at 2026-03-28 15:20:30 (transactions.php)
Message: Table 'pos_inventory_system_db.transactions' doesn't exist
Stack trace: #0 C:\Users\Asus\Downloads\Website\api\transactions.php(38): mysqli->query('SELECT t.id, t....')
#1 {main}

Error at 2026-03-28 15:20:30
Message: Table 'pos_inventory_system_db.products' doesn't exist
Stack trace: #0 C:\Users\Asus\Downloads\Website\api\products.php(36): mysqli->query('SELECT p.id, p....')
#1 {main}

Error at 2026-03-28 15:20:31 (transactions.php)
Message: Table 'pos_inventory_system_db.transactions' doesn't exist
Stack trace: #0 C:\Users\Asus\Downloads\Website\api\transactions.php(38): mysqli->query('SELECT t.id, t....')
#1 {main}

Error at 2026-03-28 15:20:31
Message: Table 'pos_inventory_system_db.products' doesn't exist
Stack trace: #0 C:\Users\Asus\Downloads\Website\api\products.php(36): mysqli->query('SELECT p.id, p....')
#1 {main}

Error at 2026-03-28 15:20:31 (transactions.php)
Message: Table 'pos_inventory_system_db.transactions' doesn't exist
Stack trace: #0 C:\Users\Asus\Downloads\Website\api\transactions.php(38): mysqli->query('SELECT t.id, t....')
#1 {main}

Error at 2026-03-28 15:20:31
Message: Table 'pos_inventory_system_db.products' doesn't exist
Stack trace: #0 C:\Users\Asus\Downloads\Website\api\products.php(36): mysqli->query('SELECT p.id, p....')
#1 {main}

Error at 2026-03-28 15:20:31 (transactions.php)
Message: Table 'pos_inventory_system_db.transactions' doesn't exist
Stack trace: #0 C:\Users\Asus\Downloads\Website\api\transactions.php(38): mysqli->query('SELECT t.id, t....')
#1 {main}

Error at 2026-03-28 15:20:32
Message: Table 'pos_inventory_system_db.products' doesn't exist
Stack trace: #0 C:\Users\Asus\Downloads\Website\api\products.php(36): mysqli->query('SELECT p.id, p....')
#1 {main}

Error at 2026-03-28 15:20:32 (transactions.php)
Message: Table 'pos_inventory_system_db.transactions' doesn't exist
Stack trace: #0 C:\Users\Asus\Downloads\Website\api\transactions.php(38): mysqli->query('SELECT t.id, t....')
#1 {main}

Error at 2026-03-28 15:20:32
Message: Table 'pos_inventory_system_db.products' doesn't exist
Stack trace: #0 C:\Users\Asus\Downloads\Website\api\products.php(36): mysqli->query('SELECT p.id, p....')
#1 {main}

Error at 2026-03-28 15:20:33 (transactions.php)
Message: Table 'pos_inventory_system_db.transactions' doesn't exist
Stack trace: #0 C:\Users\Asus\Downloads\Website\api\transactions.php(38): mysqli->query('SELECT t.id, t....')
#1 {main}

Error at 2026-03-28 15:20:33
Message: Table 'pos_inventory_system_db.products' doesn't exist
Stack trace: #0 C:\Users\Asus\Downloads\Website\api\products.php(36): mysqli->query('SELECT p.id, p....')
#1 {main}

Error at 2026-03-28 15:20:33 (transactions.php)
Message: Table 'pos_inventory_system_db.transactions' doesn't exist
Stack trace: #0 C:\Users\Asus\Downloads\Website\api\transactions.php(38): mysqli->query('SELECT t.id, t....')
#1 {main}

Error at 2026-03-28 15:20:33
Message: Table 'pos_inventory_system_db.products' doesn't exist
Stack trace: #0 C:\Users\Asus\Downloads\Website\api\products.php(36): mysqli->query('SELECT p.id, p....')
#1 {main}

Error at 2026-03-28 15:20:33 (transactions.php)
Message: Table 'pos_inventory_system_db.transactions' doesn't exist
Stack trace: #0 C:\Users\Asus\Downloads\Website\api\transactions.php(38): mysqli->query('SELECT t.id, t....')
#1 {main}

Error at 2026-03-28 15:20:34
Message: Table 'pos_inventory_system_db.products' doesn't exist
Stack trace: #0 C:\Users\Asus\Downloads\Website\api\products.php(36): mysqli->query('SELECT p.id, p....')
#1 {main}

Error at 2026-03-28 15:20:34 (transactions.php)
Message: Table 'pos_inventory_system_db.transactions' doesn't exist
Stack trace: #0 C:\Users\Asus\Downloads\Website\api\transactions.php(38): mysqli->query('SELECT t.id, t....')
#1 {main}

Error at 2026-03-28 15:20:34
Message: Table 'pos_inventory_system_db.products' doesn't exist
Stack trace: #0 C:\Users\Asus\Downloads\Website\api\products.php(36): mysqli->query('SELECT p.id, p....')
#1 {main}

Error at 2026-03-28 15:20:35 (transactions.php)
Message: Table 'pos_inventory_system_db.transactions' doesn't exist
Stack trace: #0 C:\Users\Asus\Downloads\Website\api\transactions.php(38): mysqli->query('SELECT t.id, t....')
#1 {main}

Error at 2026-03-28 15:20:35
Message: Table 'pos_inventory_system_db.products' doesn't exist
Stack trace: #0 C:\Users\Asus\Downloads\Website\api\products.php(36): mysqli->query('SELECT p.id, p....')
#1 {main}

Error at 2026-03-28 15:20:35 (transactions.php)
Message: Table 'pos_inventory_system_db.transactions' doesn't exist
Stack trace: #0 C:\Users\Asus\Downloads\Website\api\transactions.php(38): mysqli->query('SELECT t.id, t....')
#1 {main}

Error at 2026-03-28 15:20:35
Message: Table 'pos_inventory_system_db.products' doesn't exist
Stack trace: #0 C:\Users\Asus\Downloads\Website\api\products.php(36): mysqli->query('SELECT p.id, p....')
#1 {main}

Error at 2026-03-28 15:20:35 (transactions.php)
Message: Table 'pos_inventory_system_db.transactions' doesn't exist
Stack trace: #0 C:\Users\Asus\Downloads\Website\api\transactions.php(38): mysqli->query('SELECT t.id, t....')
#1 {main}

Error at 2026-03-28 15:20:36
Message: Table 'pos_inventory_system_db.products' doesn't exist
Stack trace: #0 C:\Users\Asus\Downloads\Website\api\products.php(36): mysqli->query('SELECT p.id, p....')
#1 {main}

Error at 2026-03-28 15:20:36 (transactions.php)
Message: Table 'pos_inventory_system_db.transactions' doesn't exist
Stack trace: #0 C:\Users\Asus\Downloads\Website\api\transactions.php(38): mysqli->query('SELECT t.id, t....')
#1 {main}

Error at 2026-03-28 15:20:36
Message: Table 'pos_inventory_system_db.products' doesn't exist
Stack trace: #0 C:\Users\Asus\Downloads\Website\api\products.php(36): mysqli->query('SELECT p.id, p....')
#1 {main}

Error at 2026-03-28 15:20:37 (transactions.php)
Message: Table 'pos_inventory_system_db.transactions' doesn't exist
Stack trace: #0 C:\Users\Asus\Downloads\Website\api\transactions.php(38): mysqli->query('SELECT t.id, t....')
#1 {main}

Error at 2026-03-28 15:20:37
Message: Table 'pos_inventory_system_db.products' doesn't exist
Stack trace: #0 C:\Users\Asus\Downloads\Website\api\products.php(36): mysqli->query('SELECT p.id, p....')
#1 {main}

Error at 2026-03-28 15:20:37 (transactions.php)
Message: Table 'pos_inventory_system_db.transactions' doesn't exist
Stack trace: #0 C:\Users\Asus\Downloads\Website\api\transactions.php(38): mysqli->query('SELECT t.id, t....')
#1 {main}

Error at 2026-03-28 15:20:37
Message: Table 'pos_inventory_system_db.products' doesn't exist
Stack trace: #0 C:\Users\Asus\Downloads\Website\api\products.php(36): mysqli->query('SELECT p.id, p....')
#1 {main}

Error at 2026-03-28 15:20:37 (transactions.php)
Message: Table 'pos_inventory_system_db.transactions' doesn't exist
Stack trace: #0 C:\Users\Asus\Downloads\Website\api\transactions.php(38): mysqli->query('SELECT t.id, t....')
#1 {main}

Error at 2026-03-28 15:20:38
Message: Table 'pos_inventory_system_db.products' doesn't exist
Stack trace: #0 C:\Users\Asus\Downloads\Website\api\products.php(36): mysqli->query('SELECT p.id, p....')
#1 {main}

Error at 2026-03-28 15:20:38 (transactions.php)
Message: Table 'pos_inventory_system_db.transactions' doesn't exist
Stack trace: #0 C:\Users\Asus\Downloads\Website\api\transactions.php(38): mysqli->query('SELECT t.id, t....')
#1 {main}

Error at 2026-03-28 15:20:38
Message: Table 'pos_inventory_system_db.products' doesn't exist
Stack trace: #0 C:\Users\Asus\Downloads\Website\api\products.php(36): mysqli->query('SELECT p.id, p....')
#1 {main}

Error at 2026-03-28 15:20:39 (transactions.php)
Message: Table 'pos_inventory_system_db.transactions' doesn't exist
Stack trace: #0 C:\Users\Asus\Downloads\Website\api\transactions.php(38): mysqli->query('SELECT t.id, t....')
#1 {main}

Error at 2026-03-28 15:20:39
Message: Table 'pos_inventory_system_db.products' doesn't exist
Stack trace: #0 C:\Users\Asus\Downloads\Website\api\products.php(36): mysqli->query('SELECT p.id, p....')
#1 {main}

Error at 2026-03-28 15:20:39
Message: Table 'pos_inventory_system_db.products' doesn't exist
Stack trace: #0 C:\Users\Asus\Downloads\Website\api\products.php(36): mysqli->query('SELECT p.id, p....')
#1 {main}

Error at 2026-03-28 15:20:39 (transactions.php)
Message: Table 'pos_inventory_system_db.transactions' doesn't exist
Stack trace: #0 C:\Users\Asus\Downloads\Website\api\transactions.php(38): mysqli->query('SELECT t.id, t....')
#1 {main}

Error at 2026-03-28 15:20:39 (transactions.php)
Message: Table 'pos_inventory_system_db.transactions' doesn't exist
Stack trace: #0 C:\Users\Asus\Downloads\Website\api\transactions.php(38): mysqli->query('SELECT t.id, t....')
#1 {main}

Error at 2026-03-28 15:20:39
Message: Table 'pos_inventory_system_db.products' doesn't exist
Stack trace: #0 C:\Users\Asus\Downloads\Website\api\products.php(36): mysqli->query('SELECT p.id, p....')
#1 {main}

Error at 2026-03-28 15:20:39 (transactions.php)
Message: Table 'pos_inventory_system_db.transactions' doesn't exist
Stack trace: #0 C:\Users\Asus\Downloads\Website\api\transactions.php(38): mysqli->query('SELECT t.id, t....')
#1 {main}

Error at 2026-03-28 15:20:40
Message: Table 'pos_inventory_system_db.products' doesn't exist
Stack trace: #0 C:\Users\Asus\Downloads\Website\api\products.php(36): mysqli->query('SELECT p.id, p....')
#1 {main}

Error at 2026-03-28 15:20:40 (transactions.php)
Message: Table 'pos_inventory_system_db.transactions' doesn't exist
Stack trace: #0 C:\Users\Asus\Downloads\Website\api\transactions.php(38): mysqli->query('SELECT t.id, t....')
#1 {main}

Error at 2026-03-28 15:20:40
Message: Table 'pos_inventory_system_db.products' doesn't exist
Stack trace: #0 C:\Users\Asus\Downloads\Website\api\products.php(36): mysqli->query('SELECT p.id, p....')
#1 {main}

Error at 2026-03-28 15:20:40 (transactions.php)
Message: Table 'pos_inventory_system_db.transactions' doesn't exist
Stack trace: #0 C:\Users\Asus\Downloads\Website\api\transactions.php(38): mysqli->query('SELECT t.id, t....')
#1 {main}

Error at 2026-03-28 15:20:41
Message: Table 'pos_inventory_system_db.products' doesn't exist
Stack trace: #0 C:\Users\Asus\Downloads\Website\api\products.php(36): mysqli->query('SELECT p.id, p....')
#1 {main}

Error at 2026-03-28 15:20:41 (transactions.php)
Message: Table 'pos_inventory_system_db.transactions' doesn't exist
Stack trace: #0 C:\Users\Asus\Downloads\Website\api\transactions.php(38): mysqli->query('SELECT t.id, t....')
#1 {main}

Error at 2026-03-28 15:20:41
Message: Table 'pos_inventory_system_db.products' doesn't exist
Stack trace: #0 C:\Users\Asus\Downloads\Website\api\products.php(36): mysqli->query('SELECT p.id, p....')
#1 {main}

Error at 2026-03-28 15:20:41 (transactions.php)
Message: Table 'pos_inventory_system_db.transactions' doesn't exist
Stack trace: #0 C:\Users\Asus\Downloads\Website\api\transactions.php(38): mysqli->query('SELECT t.id, t....')
#1 {main}

Error at 2026-03-28 15:20:42
Message: Table 'pos_inventory_system_db.products' doesn't exist
Stack trace: #0 C:\Users\Asus\Downloads\Website\api\products.php(36): mysqli->query('SELECT p.id, p....')
#1 {main}

Error at 2026-03-28 15:20:42 (transactions.php)
Message: Table 'pos_inventory_system_db.transactions' doesn't exist
Stack trace: #0 C:\Users\Asus\Downloads\Website\api\transactions.php(38): mysqli->query('SELECT t.id, t....')
#1 {main}

Error at 2026-03-28 15:20:42
Message: Table 'pos_inventory_system_db.products' doesn't exist
Stack trace: #0 C:\Users\Asus\Downloads\Website\api\products.php(36): mysqli->query('SELECT p.id, p....')
#1 {main}

Error at 2026-03-28 15:20:42 (transactions.php)
Message: Table 'pos_inventory_system_db.transactions' doesn't exist
Stack trace: #0 C:\Users\Asus\Downloads\Website\api\transactions.php(38): mysqli->query('SELECT t.id, t....')
#1 {main}

Error at 2026-03-28 15:20:43
Message: Table 'pos_inventory_system_db.products' doesn't exist
Stack trace: #0 C:\Users\Asus\Downloads\Website\api\products.php(36): mysqli->query('SELECT p.id, p....')
#1 {main}

Error at 2026-03-28 15:20:43 (transactions.php)
Message: Table 'pos_inventory_system_db.transactions' doesn't exist
Stack trace: #0 C:\Users\Asus\Downloads\Website\api\transactions.php(38): mysqli->query('SELECT t.id, t....')
#1 {main}

Error at 2026-03-28 15:20:43
Message: Table 'pos_inventory_system_db.products' doesn't exist
Stack trace: #0 C:\Users\Asus\Downloads\Website\api\products.php(36): mysqli->query('SELECT p.id, p....')
#1 {main}

Error at 2026-03-28 15:20:43 (transactions.php)
Message: Table 'pos_inventory_system_db.transactions' doesn't exist
Stack trace: #0 C:\Users\Asus\Downloads\Website\api\transactions.php(38): mysqli->query('SELECT t.id, t....')
#1 {main}

Error at 2026-03-28 15:20:44
Message: Table 'pos_inventory_system_db.products' doesn't exist
Stack trace: #0 C:\Users\Asus\Downloads\Website\api\products.php(36): mysqli->query('SELECT p.id, p....')
#1 {main}

Error at 2026-03-28 15:20:44 (transactions.php)
Message: Table 'pos_inventory_system_db.transactions' doesn't exist
Stack trace: #0 C:\Users\Asus\Downloads\Website\api\transactions.php(38): mysqli->query('SELECT t.id, t....')
#1 {main}

Error at 2026-03-28 15:20:44
Message: Table 'pos_inventory_system_db.products' doesn't exist
Stack trace: #0 C:\Users\Asus\Downloads\Website\api\products.php(36): mysqli->query('SELECT p.id, p....')
#1 {main}

Error at 2026-03-28 15:20:45 (transactions.php)
Message: Table 'pos_inventory_system_db.transactions' doesn't exist
Stack trace: #0 C:\Users\Asus\Downloads\Website\api\transactions.php(38): mysqli->query('SELECT t.id, t....')
#1 {main}

Error at 2026-03-28 15:20:45
Message: Table 'pos_inventory_system_db.products' doesn't exist
Stack trace: #0 C:\Users\Asus\Downloads\Website\api\products.php(36): mysqli->query('SELECT p.id, p....')
#1 {main}

Error at 2026-03-28 15:20:45 (transactions.php)
Message: Table 'pos_inventory_system_db.transactions' doesn't exist
Stack trace: #0 C:\Users\Asus\Downloads\Website\api\transactions.php(38): mysqli->query('SELECT t.id, t....')
#1 {main}

Error at 2026-03-28 15:20:45
Message: Table 'pos_inventory_system_db.products' doesn't exist
Stack trace: #0 C:\Users\Asus\Downloads\Website\api\products.php(36): mysqli->query('SELECT p.id, p....')
#1 {main}

Error at 2026-03-28 15:20:45 (transactions.php)
Message: Table 'pos_inventory_system_db.transactions' doesn't exist
Stack trace: #0 C:\Users\Asus\Downloads\Website\api\transactions.php(38): mysqli->query('SELECT t.id, t....')
#1 {main}

Error at 2026-03-28 15:20:46
Message: Table 'pos_inventory_system_db.products' doesn't exist
Stack trace: #0 C:\Users\Asus\Downloads\Website\api\products.php(36): mysqli->query('SELECT p.id, p....')
#1 {main}

Error at 2026-03-28 15:20:46 (transactions.php)
Message: Table 'pos_inventory_system_db.transactions' doesn't exist
Stack trace: #0 C:\Users\Asus\Downloads\Website\api\transactions.php(38): mysqli->query('SELECT t.id, t....')
#1 {main}

Error at 2026-03-28 15:20:46
Message: Table 'pos_inventory_system_db.products' doesn't exist
Stack trace: #0 C:\Users\Asus\Downloads\Website\api\products.php(36): mysqli->query('SELECT p.id, p....')
#1 {main}

Error at 2026-03-28 15:20:47 (transactions.php)
Message: Table 'pos_inventory_system_db.transactions' doesn't exist
Stack trace: #0 C:\Users\Asus\Downloads\Website\api\transactions.php(38): mysqli->query('SELECT t.id, t....')
#1 {main}

Error at 2026-03-28 15:20:47
Message: Table 'pos_inventory_system_db.products' doesn't exist
Stack trace: #0 C:\Users\Asus\Downloads\Website\api\products.php(36): mysqli->query('SELECT p.id, p....')
#1 {main}

Error at 2026-03-28 15:20:47 (transactions.php)
Message: Table 'pos_inventory_system_db.transactions' doesn't exist
Stack trace: #0 C:\Users\Asus\Downloads\Website\api\transactions.php(38): mysqli->query('SELECT t.id, t....')
#1 {main}

Error at 2026-03-28 15:20:47
Message: Table 'pos_inventory_system_db.products' doesn't exist
Stack trace: #0 C:\Users\Asus\Downloads\Website\api\products.php(36): mysqli->query('SELECT p.id, p....')
#1 {main}

Error at 2026-03-28 15:20:47 (transactions.php)
Message: Table 'pos_inventory_system_db.transactions' doesn't exist
Stack trace: #0 C:\Users\Asus\Downloads\Website\api\transactions.php(38): mysqli->query('SELECT t.id, t....')
#1 {main}

Error at 2026-03-28 15:20:48
Message: Table 'pos_inventory_system_db.products' doesn't exist
Stack trace: #0 C:\Users\Asus\Downloads\Website\api\products.php(36): mysqli->query('SELECT p.id, p....')
#1 {main}

Error at 2026-03-28 15:20:48 (transactions.php)
Message: Table 'pos_inventory_system_db.transactions' doesn't exist
Stack trace: #0 C:\Users\Asus\Downloads\Website\api\transactions.php(38): mysqli->query('SELECT t.id, t....')
#1 {main}

Error at 2026-03-28 15:20:48
Message: Table 'pos_inventory_system_db.products' doesn't exist
Stack trace: #0 C:\Users\Asus\Downloads\Website\api\products.php(36): mysqli->query('SELECT p.id, p....')
#1 {main}

Error at 2026-03-28 15:20:48 (transactions.php)
Message: Table 'pos_inventory_system_db.transactions' doesn't exist
Stack trace: #0 C:\Users\Asus\Downloads\Website\api\transactions.php(38): mysqli->query('SELECT t.id, t....')
#1 {main}

Error at 2026-03-28 15:20:49
Message: Table 'pos_inventory_system_db.products' doesn't exist
Stack trace: #0 C:\Users\Asus\Downloads\Website\api\products.php(36): mysqli->query('SELECT p.id, p....')
#1 {main}

Error at 2026-03-28 15:20:49 (transactions.php)
Message: Table 'pos_inventory_system_db.transactions' doesn't exist
Stack trace: #0 C:\Users\Asus\Downloads\Website\api\transactions.php(38): mysqli->query('SELECT t.id, t....')
#1 {main}

Error at 2026-03-28 15:20:49
Message: Table 'pos_inventory_system_db.products' doesn't exist
Stack trace: #0 C:\Users\Asus\Downloads\Website\api\products.php(36): mysqli->query('SELECT p.id, p....')
#1 {main}

Error at 2026-03-28 15:20:49 (transactions.php)
Message: Table 'pos_inventory_system_db.transactions' doesn't exist
Stack trace: #0 C:\Users\Asus\Downloads\Website\api\transactions.php(38): mysqli->query('SELECT t.id, t....')
#1 {main}

Error at 2026-03-28 15:20:50
Message: Table 'pos_inventory_system_db.products' doesn't exist
Stack trace: #0 C:\Users\Asus\Downloads\Website\api\products.php(36): mysqli->query('SELECT p.id, p....')
#1 {main}

Error at 2026-03-28 15:20:50 (transactions.php)
Message: Table 'pos_inventory_system_db.transactions' doesn't exist
Stack trace: #0 C:\Users\Asus\Downloads\Website\api\transactions.php(38): mysqli->query('SELECT t.id, t....')
#1 {main}

Error at 2026-03-28 15:20:50
Message: Table 'pos_inventory_system_db.products' doesn't exist
Stack trace: #0 C:\Users\Asus\Downloads\Website\api\products.php(36): mysqli->query('SELECT p.id, p....')
#1 {main}

Error at 2026-03-28 15:20:50 (transactions.php)
Message: Table 'pos_inventory_system_db.transactions' doesn't exist
Stack trace: #0 C:\Users\Asus\Downloads\Website\api\transactions.php(38): mysqli->query('SELECT t.id, t....')
#1 {main}

Error at 2026-03-28 15:20:51
Message: Table 'pos_inventory_system_db.products' doesn't exist
Stack trace: #0 C:\Users\Asus\Downloads\Website\api\products.php(36): mysqli->query('SELECT p.id, p....')
#1 {main}

Error at 2026-03-28 15:20:51 (transactions.php)
Message: Table 'pos_inventory_system_db.transactions' doesn't exist
Stack trace: #0 C:\Users\Asus\Downloads\Website\api\transactions.php(38): mysqli->query('SELECT t.id, t....')
#1 {main}

Error at 2026-03-28 15:20:51
Message: Table 'pos_inventory_system_db.products' doesn't exist
Stack trace: #0 C:\Users\Asus\Downloads\Website\api\products.php(36): mysqli->query('SELECT p.id, p....')
#1 {main}

Error at 2026-03-28 15:20:51 (transactions.php)
Message: Table 'pos_inventory_system_db.transactions' doesn't exist
Stack trace: #0 C:\Users\Asus\Downloads\Website\api\transactions.php(38): mysqli->query('SELECT t.id, t....')
#1 {main}

Error at 2026-03-28 15:20:52
Message: Table 'pos_inventory_system_db.products' doesn't exist
Stack trace: #0 C:\Users\Asus\Downloads\Website\api\products.php(36): mysqli->query('SELECT p.id, p....')
#1 {main}

Error at 2026-03-28 15:20:52 (transactions.php)
Message: Table 'pos_inventory_system_db.transactions' doesn't exist
Stack trace: #0 C:\Users\Asus\Downloads\Website\api\transactions.php(38): mysqli->query('SELECT t.id, t....')
#1 {main}

Error at 2026-03-28 15:20:52
Message: Table 'pos_inventory_system_db.products' doesn't exist
Stack trace: #0 C:\Users\Asus\Downloads\Website\api\products.php(36): mysqli->query('SELECT p.id, p....')
#1 {main}

Error at 2026-03-28 15:20:53 (transactions.php)
Message: Table 'pos_inventory_system_db.transactions' doesn't exist
Stack trace: #0 C:\Users\Asus\Downloads\Website\api\transactions.php(38): mysqli->query('SELECT t.id, t....')
#1 {main}

Error at 2026-03-28 15:20:53
Message: Table 'pos_inventory_system_db.products' doesn't exist
Stack trace: #0 C:\Users\Asus\Downloads\Website\api\products.php(36): mysqli->query('SELECT p.id, p....')
#1 {main}

Error at 2026-03-28 15:20:53 (transactions.php)
Message: Table 'pos_inventory_system_db.transactions' doesn't exist
Stack trace: #0 C:\Users\Asus\Downloads\Website\api\transactions.php(38): mysqli->query('SELECT t.id, t....')
#1 {main}

Error at 2026-03-28 15:20:53
Message: Table 'pos_inventory_system_db.products' doesn't exist
Stack trace: #0 C:\Users\Asus\Downloads\Website\api\products.php(36): mysqli->query('SELECT p.id, p....')
#1 {main}

Error at 2026-03-28 15:20:53 (transactions.php)
Message: Table 'pos_inventory_system_db.transactions' doesn't exist
Stack trace: #0 C:\Users\Asus\Downloads\Website\api\transactions.php(38): mysqli->query('SELECT t.id, t....')
#1 {main}

Error at 2026-03-28 15:20:54
Message: Table 'pos_inventory_system_db.products' doesn't exist
Stack trace: #0 C:\Users\Asus\Downloads\Website\api\products.php(36): mysqli->query('SELECT p.id, p....')
#1 {main}

Error at 2026-03-28 15:20:54 (transactions.php)
Message: Table 'pos_inventory_system_db.transactions' doesn't exist
Stack trace: #0 C:\Users\Asus\Downloads\Website\api\transactions.php(38): mysqli->query('SELECT t.id, t....')
#1 {main}

Error at 2026-03-28 15:20:54
Message: Table 'pos_inventory_system_db.products' doesn't exist
Stack trace: #0 C:\Users\Asus\Downloads\Website\api\products.php(36): mysqli->query('SELECT p.id, p....')
#1 {main}

Error at 2026-03-28 15:20:55 (transactions.php)
Message: Table 'pos_inventory_system_db.transactions' doesn't exist
Stack trace: #0 C:\Users\Asus\Downloads\Website\api\transactions.php(38): mysqli->query('SELECT t.id, t....')
#1 {main}

Error at 2026-03-28 15:20:55
Message: Table 'pos_inventory_system_db.products' doesn't exist
Stack trace: #0 C:\Users\Asus\Downloads\Website\api\products.php(36): mysqli->query('SELECT p.id, p....')
#1 {main}

Error at 2026-03-28 15:20:55 (transactions.php)
Message: Table 'pos_inventory_system_db.transactions' doesn't exist
Stack trace: #0 C:\Users\Asus\Downloads\Website\api\transactions.php(38): mysqli->query('SELECT t.id, t....')
#1 {main}

Error at 2026-03-28 15:20:55
Message: Table 'pos_inventory_system_db.products' doesn't exist
Stack trace: #0 C:\Users\Asus\Downloads\Website\api\products.php(36): mysqli->query('SELECT p.id, p....')
#1 {main}

Error at 2026-03-28 15:20:55 (transactions.php)
Message: Table 'pos_inventory_system_db.transactions' doesn't exist
Stack trace: #0 C:\Users\Asus\Downloads\Website\api\transactions.php(38): mysqli->query('SELECT t.id, t....')
#1 {main}

Error at 2026-03-28 15:20:56
Message: Table 'pos_inventory_system_db.products' doesn't exist
Stack trace: #0 C:\Users\Asus\Downloads\Website\api\products.php(36): mysqli->query('SELECT p.id, p....')
#1 {main}

Error at 2026-03-28 15:20:56 (transactions.php)
Message: Table 'pos_inventory_system_db.transactions' doesn't exist
Stack trace: #0 C:\Users\Asus\Downloads\Website\api\transactions.php(38): mysqli->query('SELECT t.id, t....')
#1 {main}

Error at 2026-03-28 15:20:56
Message: Table 'pos_inventory_system_db.products' doesn't exist
Stack trace: #0 C:\Users\Asus\Downloads\Website\api\products.php(36): mysqli->query('SELECT p.id, p....')
#1 {main}

Error at 2026-03-28 15:20:56 (transactions.php)
Message: Table 'pos_inventory_system_db.transactions' doesn't exist
Stack trace: #0 C:\Users\Asus\Downloads\Website\api\transactions.php(38): mysqli->query('SELECT t.id, t....')
#1 {main}

Error at 2026-03-28 15:20:57
Message: Table 'pos_inventory_system_db.products' doesn't exist
Stack trace: #0 C:\Users\Asus\Downloads\Website\api\products.php(36): mysqli->query('SELECT p.id, p....')
#1 {main}

Error at 2026-03-28 15:20:57 (transactions.php)
Message: Table 'pos_inventory_system_db.transactions' doesn't exist
Stack trace: #0 C:\Users\Asus\Downloads\Website\api\transactions.php(38): mysqli->query('SELECT t.id, t....')
#1 {main}

Error at 2026-03-28 15:20:57
Message: Table 'pos_inventory_system_db.products' doesn't exist
Stack trace: #0 C:\Users\Asus\Downloads\Website\api\products.php(36): mysqli->query('SELECT p.id, p....')
#1 {main}

Error at 2026-03-28 15:20:57 (transactions.php)
Message: Table 'pos_inventory_system_db.transactions' doesn't exist
Stack trace: #0 C:\Users\Asus\Downloads\Website\api\transactions.php(38): mysqli->query('SELECT t.id, t....')
#1 {main}

Error at 2026-03-28 15:20:58
Message: Table 'pos_inventory_system_db.products' doesn't exist
Stack trace: #0 C:\Users\Asus\Downloads\Website\api\products.php(36): mysqli->query('SELECT p.id, p....')
#1 {main}

Error at 2026-03-28 15:20:58 (transactions.php)
Message: Table 'pos_inventory_system_db.transactions' doesn't exist
Stack trace: #0 C:\Users\Asus\Downloads\Website\api\transactions.php(38): mysqli->query('SELECT t.id, t....')
#1 {main}

Error at 2026-03-28 15:20:58
Message: Table 'pos_inventory_system_db.products' doesn't exist
Stack trace: #0 C:\Users\Asus\Downloads\Website\api\products.php(36): mysqli->query('SELECT p.id, p....')
#1 {main}

Error at 2026-03-28 15:20:59 (transactions.php)
Message: Table 'pos_inventory_system_db.transactions' doesn't exist
Stack trace: #0 C:\Users\Asus\Downloads\Website\api\transactions.php(38): mysqli->query('SELECT t.id, t....')
#1 {main}

Error at 2026-03-28 15:20:59
Message: Table 'pos_inventory_system_db.products' doesn't exist
Stack trace: #0 C:\Users\Asus\Downloads\Website\api\products.php(36): mysqli->query('SELECT p.id, p....')
#1 {main}

Error at 2026-03-28 15:20:59 (transactions.php)
Message: Table 'pos_inventory_system_db.transactions' doesn't exist
Stack trace: #0 C:\Users\Asus\Downloads\Website\api\transactions.php(38): mysqli->query('SELECT t.id, t....')
#1 {main}

Error at 2026-03-28 15:20:59
Message: Table 'pos_inventory_system_db.products' doesn't exist
Stack trace: #0 C:\Users\Asus\Downloads\Website\api\products.php(36): mysqli->query('SELECT p.id, p....')
#1 {main}

Error at 2026-03-28 15:20:59 (transactions.php)
Message: Table 'pos_inventory_system_db.transactions' doesn't exist
Stack trace: #0 C:\Users\Asus\Downloads\Website\api\transactions.php(38): mysqli->query('SELECT t.id, t....')
#1 {main}

Error at 2026-03-28 15:21:00
Message: Table 'pos_inventory_system_db.products' doesn't exist
Stack trace: #0 C:\Users\Asus\Downloads\Website\api\products.php(36): mysqli->query('SELECT p.id, p....')
#1 {main}

Error at 2026-03-28 15:21:00 (transactions.php)
Message: Table 'pos_inventory_system_db.transactions' doesn't exist
Stack trace: #0 C:\Users\Asus\Downloads\Website\api\transactions.php(38): mysqli->query('SELECT t.id, t....')
#1 {main}

Error at 2026-03-28 15:21:00
Message: Table 'pos_inventory_system_db.products' doesn't exist
Stack trace: #0 C:\Users\Asus\Downloads\Website\api\products.php(36): mysqli->query('SELECT p.id, p....')
#1 {main}

Error at 2026-03-28 15:21:00 (transactions.php)
Message: Table 'pos_inventory_system_db.transactions' doesn't exist
Stack trace: #0 C:\Users\Asus\Downloads\Website\api\transactions.php(38): mysqli->query('SELECT t.id, t....')
#1 {main}

Error at 2026-03-28 15:21:01
Message: Table 'pos_inventory_system_db.products' doesn't exist
Stack trace: #0 C:\Users\Asus\Downloads\Website\api\products.php(36): mysqli->query('SELECT p.id, p....')
#1 {main}

Error at 2026-03-28 15:21:01 (transactions.php)
Message: Table 'pos_inventory_system_db.transactions' doesn't exist
Stack trace: #0 C:\Users\Asus\Downloads\Website\api\transactions.php(38): mysqli->query('SELECT t.id, t....')
#1 {main}

Error at 2026-03-28 15:21:01
Message: Table 'pos_inventory_system_db.products' doesn't exist
Stack trace: #0 C:\Users\Asus\Downloads\Website\api\products.php(36): mysqli->query('SELECT p.id, p....')
#1 {main}

Error at 2026-03-28 15:21:01 (transactions.php)
Message: Table 'pos_inventory_system_db.transactions' doesn't exist
Stack trace: #0 C:\Users\Asus\Downloads\Website\api\transactions.php(38): mysqli->query('SELECT t.id, t....')
#1 {main}

Error at 2026-03-28 15:21:02
Message: Table 'pos_inventory_system_db.products' doesn't exist
Stack trace: #0 C:\Users\Asus\Downloads\Website\api\products.php(36): mysqli->query('SELECT p.id, p....')
#1 {main}

Error at 2026-03-28 15:21:02 (transactions.php)
Message: Table 'pos_inventory_system_db.transactions' doesn't exist
Stack trace: #0 C:\Users\Asus\Downloads\Website\api\transactions.php(38): mysqli->query('SELECT t.id, t....')
#1 {main}

Error at 2026-03-28 15:21:02
Message: Table 'pos_inventory_system_db.products' doesn't exist
Stack trace: #0 C:\Users\Asus\Downloads\Website\api\products.php(36): mysqli->query('SELECT p.id, p....')
#1 {main}

Error at 2026-03-28 15:21:02 (transactions.php)
Message: Table 'pos_inventory_system_db.transactions' doesn't exist
Stack trace: #0 C:\Users\Asus\Downloads\Website\api\transactions.php(38): mysqli->query('SELECT t.id, t....')
#1 {main}

Error at 2026-03-28 15:21:03
Message: Table 'pos_inventory_system_db.products' doesn't exist
Stack trace: #0 C:\Users\Asus\Downloads\Website\api\products.php(36): mysqli->query('SELECT p.id, p....')
#1 {main}

Error at 2026-03-28 15:21:03 (transactions.php)
Message: Table 'pos_inventory_system_db.transactions' doesn't exist
Stack trace: #0 C:\Users\Asus\Downloads\Website\api\transactions.php(38): mysqli->query('SELECT t.id, t....')
#1 {main}

Error at 2026-03-28 15:21:03
Message: Table 'pos_inventory_system_db.products' doesn't exist
Stack trace: #0 C:\Users\Asus\Downloads\Website\api\products.php(36): mysqli->query('SELECT p.id, p....')
#1 {main}

Error at 2026-03-28 15:21:03 (transactions.php)
Message: Table 'pos_inventory_system_db.transactions' doesn't exist
Stack trace: #0 C:\Users\Asus\Downloads\Website\api\transactions.php(38): mysqli->query('SELECT t.id, t....')
#1 {main}

Error at 2026-03-28 15:21:04
Message: Table 'pos_inventory_system_db.products' doesn't exist
Stack trace: #0 C:\Users\Asus\Downloads\Website\api\products.php(36): mysqli->query('SELECT p.id, p....')
#1 {main}

Error at 2026-03-28 15:21:04 (transactions.php)
Message: Table 'pos_inventory_system_db.transactions' doesn't exist
Stack trace: #0 C:\Users\Asus\Downloads\Website\api\transactions.php(38): mysqli->query('SELECT t.id, t....')
#1 {main}

Error at 2026-03-28 15:21:04
Message: Table 'pos_inventory_system_db.products' doesn't exist
Stack trace: #0 C:\Users\Asus\Downloads\Website\api\products.php(36): mysqli->query('SELECT p.id, p....')
#1 {main}

Error at 2026-03-28 15:21:05 (transactions.php)
Message: Table 'pos_inventory_system_db.transactions' doesn't exist
Stack trace: #0 C:\Users\Asus\Downloads\Website\api\transactions.php(38): mysqli->query('SELECT t.id, t....')
#1 {main}

Error at 2026-03-28 15:21:05
Message: Table 'pos_inventory_system_db.products' doesn't exist
Stack trace: #0 C:\Users\Asus\Downloads\Website\api\products.php(36): mysqli->query('SELECT p.id, p....')
#1 {main}

Error at 2026-03-28 15:21:05 (transactions.php)
Message: Table 'pos_inventory_system_db.transactions' doesn't exist
Stack trace: #0 C:\Users\Asus\Downloads\Website\api\transactions.php(38): mysqli->query('SELECT t.id, t....')
#1 {main}

Error at 2026-03-28 15:21:05
Message: Table 'pos_inventory_system_db.products' doesn't exist
Stack trace: #0 C:\Users\Asus\Downloads\Website\api\products.php(36): mysqli->query('SELECT p.id, p....')
#1 {main}

Error at 2026-03-28 15:21:05 (transactions.php)
Message: Table 'pos_inventory_system_db.transactions' doesn't exist
Stack trace: #0 C:\Users\Asus\Downloads\Website\api\transactions.php(38): mysqli->query('SELECT t.id, t....')
#1 {main}

Error at 2026-03-28 15:21:06
Message: Table 'pos_inventory_system_db.products' doesn't exist
Stack trace: #0 C:\Users\Asus\Downloads\Website\api\products.php(36): mysqli->query('SELECT p.id, p....')
#1 {main}

Error at 2026-03-28 15:21:06 (transactions.php)
Message: Table 'pos_inventory_system_db.transactions' doesn't exist
Stack trace: #0 C:\Users\Asus\Downloads\Website\api\transactions.php(38): mysqli->query('SELECT t.id, t....')
#1 {main}

Error at 2026-03-28 15:21:06
Message: Table 'pos_inventory_system_db.products' doesn't exist
Stack trace: #0 C:\Users\Asus\Downloads\Website\api\products.php(36): mysqli->query('SELECT p.id, p....')
#1 {main}

Error at 2026-03-28 15:21:06 (transactions.php)
Message: Table 'pos_inventory_system_db.transactions' doesn't exist
Stack trace: #0 C:\Users\Asus\Downloads\Website\api\transactions.php(38): mysqli->query('SELECT t.id, t....')
#1 {main}

Error at 2026-03-28 15:21:07
Message: Table 'pos_inventory_system_db.products' doesn't exist
Stack trace: #0 C:\Users\Asus\Downloads\Website\api\products.php(36): mysqli->query('SELECT p.id, p....')
#1 {main}

Error at 2026-03-28 15:21:07 (transactions.php)
Message: Table 'pos_inventory_system_db.transactions' doesn't exist
Stack trace: #0 C:\Users\Asus\Downloads\Website\api\transactions.php(38): mysqli->query('SELECT t.id, t....')
#1 {main}

Error at 2026-03-28 15:21:07
Message: Table 'pos_inventory_system_db.products' doesn't exist
Stack trace: #0 C:\Users\Asus\Downloads\Website\api\products.php(36): mysqli->query('SELECT p.id, p....')
#1 {main}

Error at 2026-03-28 15:21:07 (transactions.php)
Message: Table 'pos_inventory_system_db.transactions' doesn't exist
Stack trace: #0 C:\Users\Asus\Downloads\Website\api\transactions.php(38): mysqli->query('SELECT t.id, t....')
#1 {main}

Error at 2026-03-28 15:21:08
Message: Table 'pos_inventory_system_db.products' doesn't exist
Stack trace: #0 C:\Users\Asus\Downloads\Website\api\products.php(36): mysqli->query('SELECT p.id, p....')
#1 {main}

Error at 2026-03-28 15:21:08 (transactions.php)
Message: Table 'pos_inventory_system_db.transactions' doesn't exist
Stack trace: #0 C:\Users\Asus\Downloads\Website\api\transactions.php(38): mysqli->query('SELECT t.id, t....')
#1 {main}

Error at 2026-03-28 15:21:08
Message: Table 'pos_inventory_system_db.products' doesn't exist
Stack trace: #0 C:\Users\Asus\Downloads\Website\api\products.php(36): mysqli->query('SELECT p.id, p....')
#1 {main}

Error at 2026-03-28 15:21:08 (transactions.php)
Message: Table 'pos_inventory_system_db.transactions' doesn't exist
Stack trace: #0 C:\Users\Asus\Downloads\Website\api\transactions.php(38): mysqli->query('SELECT t.id, t....')
#1 {main}

Error at 2026-03-28 15:21:09
Message: Table 'pos_inventory_system_db.products' doesn't exist
Stack trace: #0 C:\Users\Asus\Downloads\Website\api\products.php(36): mysqli->query('SELECT p.id, p....')
#1 {main}

Error at 2026-03-28 15:21:09 (transactions.php)
Message: Table 'pos_inventory_system_db.transactions' doesn't exist
Stack trace: #0 C:\Users\Asus\Downloads\Website\api\transactions.php(38): mysqli->query('SELECT t.id, t....')
#1 {main}

Error at 2026-03-28 15:21:09
Message: Table 'pos_inventory_system_db.products' doesn't exist
Stack trace: #0 C:\Users\Asus\Downloads\Website\api\products.php(36): mysqli->query('SELECT p.id, p....')
#1 {main}

Error at 2026-03-28 15:21:09 (transactions.php)
Message: Table 'pos_inventory_system_db.transactions' doesn't exist
Stack trace: #0 C:\Users\Asus\Downloads\Website\api\transactions.php(38): mysqli->query('SELECT t.id, t....')
#1 {main}

Error at 2026-03-28 15:21:10
Message: Table 'pos_inventory_system_db.products' doesn't exist
Stack trace: #0 C:\Users\Asus\Downloads\Website\api\products.php(36): mysqli->query('SELECT p.id, p....')
#1 {main}

Error at 2026-03-28 15:21:10 (transactions.php)
Message: Table 'pos_inventory_system_db.transactions' doesn't exist
Stack trace: #0 C:\Users\Asus\Downloads\Website\api\transactions.php(38): mysqli->query('SELECT t.id, t....')
#1 {main}

Error at 2026-03-28 15:21:10
Message: Table 'pos_inventory_system_db.products' doesn't exist
Stack trace: #0 C:\Users\Asus\Downloads\Website\api\products.php(36): mysqli->query('SELECT p.id, p....')
#1 {main}

Error at 2026-03-28 15:21:10 (transactions.php)
Message: Table 'pos_inventory_system_db.transactions' doesn't exist
Stack trace: #0 C:\Users\Asus\Downloads\Website\api\transactions.php(38): mysqli->query('SELECT t.id, t....')
#1 {main}

Error at 2026-03-28 15:21:11
Message: Table 'pos_inventory_system_db.products' doesn't exist
Stack trace: #0 C:\Users\Asus\Downloads\Website\api\products.php(36): mysqli->query('SELECT p.id, p....')
#1 {main}

Error at 2026-03-28 15:21:11 (transactions.php)
Message: Table 'pos_inventory_system_db.transactions' doesn't exist
Stack trace: #0 C:\Users\Asus\Downloads\Website\api\transactions.php(38): mysqli->query('SELECT t.id, t....')
#1 {main}

Error at 2026-03-28 15:21:11
Message: Table 'pos_inventory_system_db.products' doesn't exist
Stack trace: #0 C:\Users\Asus\Downloads\Website\api\products.php(36): mysqli->query('SELECT p.id, p....')
#1 {main}

Error at 2026-03-28 15:21:11 (transactions.php)
Message: Table 'pos_inventory_system_db.transactions' doesn't exist
Stack trace: #0 C:\Users\Asus\Downloads\Website\api\transactions.php(38): mysqli->query('SELECT t.id, t....')
#1 {main}

Error at 2026-03-28 15:21:12
Message: Table 'pos_inventory_system_db.products' doesn't exist
Stack trace: #0 C:\Users\Asus\Downloads\Website\api\products.php(36): mysqli->query('SELECT p.id, p....')
#1 {main}

Error at 2026-03-28 15:21:12 (transactions.php)
Message: Table 'pos_inventory_system_db.transactions' doesn't exist
Stack trace: #0 C:\Users\Asus\Downloads\Website\api\transactions.php(38): mysqli->query('SELECT t.id, t....')
#1 {main}

Error at 2026-03-28 15:21:12
Message: Table 'pos_inventory_system_db.products' doesn't exist
Stack trace: #0 C:\Users\Asus\Downloads\Website\api\products.php(36): mysqli->query('SELECT p.id, p....')
#1 {main}

Error at 2026-03-28 15:21:12 (transactions.php)
Message: Table 'pos_inventory_system_db.transactions' doesn't exist
Stack trace: #0 C:\Users\Asus\Downloads\Website\api\transactions.php(38): mysqli->query('SELECT t.id, t....')
#1 {main}

Error at 2026-03-28 15:21:13
Message: Table 'pos_inventory_system_db.products' doesn't exist
Stack trace: #0 C:\Users\Asus\Downloads\Website\api\products.php(36): mysqli->query('SELECT p.id, p....')
#1 {main}

Error at 2026-03-28 15:21:13 (transactions.php)
Message: Table 'pos_inventory_system_db.transactions' doesn't exist
Stack trace: #0 C:\Users\Asus\Downloads\Website\api\transactions.php(38): mysqli->query('SELECT t.id, t....')
#1 {main}

Error at 2026-03-28 15:21:13
Message: Table 'pos_inventory_system_db.products' doesn't exist
Stack trace: #0 C:\Users\Asus\Downloads\Website\api\products.php(36): mysqli->query('SELECT p.id, p....')
#1 {main}

Error at 2026-03-28 15:21:13 (transactions.php)
Message: Table 'pos_inventory_system_db.transactions' doesn't exist
Stack trace: #0 C:\Users\Asus\Downloads\Website\api\transactions.php(38): mysqli->query('SELECT t.id, t....')
#1 {main}

Error at 2026-03-28 15:21:14
Message: Table 'pos_inventory_system_db.products' doesn't exist
Stack trace: #0 C:\Users\Asus\Downloads\Website\api\products.php(36): mysqli->query('SELECT p.id, p....')
#1 {main}

Error at 2026-03-28 15:21:14 (transactions.php)
Message: Table 'pos_inventory_system_db.transactions' doesn't exist
Stack trace: #0 C:\Users\Asus\Downloads\Website\api\transactions.php(38): mysqli->query('SELECT t.id, t....')
#1 {main}

Error at 2026-03-28 15:21:14
Message: Table 'pos_inventory_system_db.products' doesn't exist
Stack trace: #0 C:\Users\Asus\Downloads\Website\api\products.php(36): mysqli->query('SELECT p.id, p....')
#1 {main}

Error at 2026-03-28 15:21:14 (transactions.php)
Message: Table 'pos_inventory_system_db.transactions' doesn't exist
Stack trace: #0 C:\Users\Asus\Downloads\Website\api\transactions.php(38): mysqli->query('SELECT t.id, t....')
#1 {main}

Error at 2026-03-28 15:21:15
Message: Table 'pos_inventory_system_db.products' doesn't exist
Stack trace: #0 C:\Users\Asus\Downloads\Website\api\products.php(36): mysqli->query('SELECT p.id, p....')
#1 {main}

Error at 2026-03-28 15:21:15 (transactions.php)
Message: Table 'pos_inventory_system_db.transactions' doesn't exist
Stack trace: #0 C:\Users\Asus\Downloads\Website\api\transactions.php(38): mysqli->query('SELECT t.id, t....')
#1 {main}

Error at 2026-03-28 15:21:15
Message: Table 'pos_inventory_system_db.products' doesn't exist
Stack trace: #0 C:\Users\Asus\Downloads\Website\api\products.php(36): mysqli->query('SELECT p.id, p....')
#1 {main}

Error at 2026-03-28 15:21:15 (transactions.php)
Message: Table 'pos_inventory_system_db.transactions' doesn't exist
Stack trace: #0 C:\Users\Asus\Downloads\Website\api\transactions.php(38): mysqli->query('SELECT t.id, t....')
#1 {main}

Error at 2026-03-28 15:21:16
Message: Table 'pos_inventory_system_db.products' doesn't exist
Stack trace: #0 C:\Users\Asus\Downloads\Website\api\products.php(36): mysqli->query('SELECT p.id, p....')
#1 {main}

Error at 2026-03-28 15:21:16 (transactions.php)
Message: Table 'pos_inventory_system_db.transactions' doesn't exist
Stack trace: #0 C:\Users\Asus\Downloads\Website\api\transactions.php(38): mysqli->query('SELECT t.id, t....')
#1 {main}

Error at 2026-03-28 15:21:16
Message: Table 'pos_inventory_system_db.products' doesn't exist
Stack trace: #0 C:\Users\Asus\Downloads\Website\api\products.php(36): mysqli->query('SELECT p.id, p....')
#1 {main}

Error at 2026-03-28 15:21:16 (transactions.php)
Message: Table 'pos_inventory_system_db.transactions' doesn't exist
Stack trace: #0 C:\Users\Asus\Downloads\Website\api\transactions.php(38): mysqli->query('SELECT t.id, t....')
#1 {main}

Error at 2026-03-28 15:21:17
Message: Table 'pos_inventory_system_db.products' doesn't exist
Stack trace: #0 C:\Users\Asus\Downloads\Website\api\products.php(36): mysqli->query('SELECT p.id, p....')
#1 {main}

Error at 2026-03-28 15:21:17 (transactions.php)
Message: Table 'pos_inventory_system_db.transactions' doesn't exist
Stack trace: #0 C:\Users\Asus\Downloads\Website\api\transactions.php(38): mysqli->query('SELECT t.id, t....')
#1 {main}

Error at 2026-03-28 15:21:17
Message: Table 'pos_inventory_system_db.products' doesn't exist
Stack trace: #0 C:\Users\Asus\Downloads\Website\api\products.php(36): mysqli->query('SELECT p.id, p....')
#1 {main}

Error at 2026-03-28 15:21:17 (transactions.php)
Message: Table 'pos_inventory_system_db.transactions' doesn't exist
Stack trace: #0 C:\Users\Asus\Downloads\Website\api\transactions.php(38): mysqli->query('SELECT t.id, t....')
#1 {main}

Error at 2026-03-28 15:21:18
Message: Table 'pos_inventory_system_db.products' doesn't exist
Stack trace: #0 C:\Users\Asus\Downloads\Website\api\products.php(36): mysqli->query('SELECT p.id, p....')
#1 {main}

Error at 2026-03-28 15:21:18 (transactions.php)
Message: Table 'pos_inventory_system_db.transactions' doesn't exist
Stack trace: #0 C:\Users\Asus\Downloads\Website\api\transactions.php(38): mysqli->query('SELECT t.id, t....')
#1 {main}

Error at 2026-03-28 15:21:18
Message: Table 'pos_inventory_system_db.products' doesn't exist
Stack trace: #0 C:\Users\Asus\Downloads\Website\api\products.php(36): mysqli->query('SELECT p.id, p....')
#1 {main}

Error at 2026-03-28 15:21:18 (transactions.php)
Message: Table 'pos_inventory_system_db.transactions' doesn't exist
Stack trace: #0 C:\Users\Asus\Downloads\Website\api\transactions.php(38): mysqli->query('SELECT t.id, t....')
#1 {main}

Error at 2026-03-28 15:21:19
Message: Table 'pos_inventory_system_db.products' doesn't exist
Stack trace: #0 C:\Users\Asus\Downloads\Website\api\products.php(36): mysqli->query('SELECT p.id, p....')
#1 {main}

Error at 2026-03-28 15:21:19 (transactions.php)
Message: Table 'pos_inventory_system_db.transactions' doesn't exist
Stack trace: #0 C:\Users\Asus\Downloads\Website\api\transactions.php(38): mysqli->query('SELECT t.id, t....')
#1 {main}

Error at 2026-03-28 15:21:19
Message: Table 'pos_inventory_system_db.products' doesn't exist
Stack trace: #0 C:\Users\Asus\Downloads\Website\api\products.php(36): mysqli->query('SELECT p.id, p....')
#1 {main}

Error at 2026-03-28 15:21:19 (transactions.php)
Message: Table 'pos_inventory_system_db.transactions' doesn't exist
Stack trace: #0 C:\Users\Asus\Downloads\Website\api\transactions.php(38): mysqli->query('SELECT t.id, t....')
#1 {main}

Error at 2026-03-28 15:21:20
Message: Table 'pos_inventory_system_db.products' doesn't exist
Stack trace: #0 C:\Users\Asus\Downloads\Website\api\products.php(36): mysqli->query('SELECT p.id, p....')
#1 {main}

Error at 2026-03-28 15:21:20 (transactions.php)
Message: Table 'pos_inventory_system_db.transactions' doesn't exist
Stack trace: #0 C:\Users\Asus\Downloads\Website\api\transactions.php(38): mysqli->query('SELECT t.id, t....')
#1 {main}

Error at 2026-03-28 15:21:20
Message: Table 'pos_inventory_system_db.products' doesn't exist
Stack trace: #0 C:\Users\Asus\Downloads\Website\api\products.php(36): mysqli->query('SELECT p.id, p....')
#1 {main}

Error at 2026-03-28 15:21:20 (transactions.php)
Message: Table 'pos_inventory_system_db.transactions' doesn't exist
Stack trace: #0 C:\Users\Asus\Downloads\Website\api\transactions.php(38): mysqli->query('SELECT t.id, t....')
#1 {main}

Error at 2026-03-28 15:21:21
Message: Table 'pos_inventory_system_db.products' doesn't exist
Stack trace: #0 C:\Users\Asus\Downloads\Website\api\products.php(36): mysqli->query('SELECT p.id, p....')
#1 {main}

Error at 2026-03-28 15:21:21 (transactions.php)
Message: Table 'pos_inventory_system_db.transactions' doesn't exist
Stack trace: #0 C:\Users\Asus\Downloads\Website\api\transactions.php(38): mysqli->query('SELECT t.id, t....')
#1 {main}

Error at 2026-03-28 15:21:21
Message: Table 'pos_inventory_system_db.products' doesn't exist
Stack trace: #0 C:\Users\Asus\Downloads\Website\api\products.php(36): mysqli->query('SELECT p.id, p....')
#1 {main}

Error at 2026-03-28 15:21:21 (transactions.php)
Message: Table 'pos_inventory_system_db.transactions' doesn't exist
Stack trace: #0 C:\Users\Asus\Downloads\Website\api\transactions.php(38): mysqli->query('SELECT t.id, t....')
#1 {main}

Error at 2026-03-28 15:21:22
Message: Table 'pos_inventory_system_db.products' doesn't exist
Stack trace: #0 C:\Users\Asus\Downloads\Website\api\products.php(36): mysqli->query('SELECT p.id, p....')
#1 {main}

Error at 2026-03-28 15:21:22 (transactions.php)
Message: Table 'pos_inventory_system_db.transactions' doesn't exist
Stack trace: #0 C:\Users\Asus\Downloads\Website\api\transactions.php(38): mysqli->query('SELECT t.id, t....')
#1 {main}

Error at 2026-03-28 15:21:22
Message: Table 'pos_inventory_system_db.products' doesn't exist
Stack trace: #0 C:\Users\Asus\Downloads\Website\api\products.php(36): mysqli->query('SELECT p.id, p....')
#1 {main}

Error at 2026-03-28 15:21:22 (transactions.php)
Message: Table 'pos_inventory_system_db.transactions' doesn't exist
Stack trace: #0 C:\Users\Asus\Downloads\Website\api\transactions.php(38): mysqli->query('SELECT t.id, t....')
#1 {main}

Error at 2026-03-28 15:21:23
Message: Table 'pos_inventory_system_db.products' doesn't exist
Stack trace: #0 C:\Users\Asus\Downloads\Website\api\products.php(36): mysqli->query('SELECT p.id, p....')
#1 {main}

Error at 2026-03-28 15:21:23 (transactions.php)
Message: Table 'pos_inventory_system_db.transactions' doesn't exist
Stack trace: #0 C:\Users\Asus\Downloads\Website\api\transactions.php(38): mysqli->query('SELECT t.id, t....')
#1 {main}

Error at 2026-03-28 15:21:23
Message: Table 'pos_inventory_system_db.products' doesn't exist
Stack trace: #0 C:\Users\Asus\Downloads\Website\api\products.php(36): mysqli->query('SELECT p.id, p....')
#1 {main}

Error at 2026-03-28 15:21:23 (transactions.php)
Message: Table 'pos_inventory_system_db.transactions' doesn't exist
Stack trace: #0 C:\Users\Asus\Downloads\Website\api\transactions.php(38): mysqli->query('SELECT t.id, t....')
#1 {main}

Error at 2026-03-28 15:21:24
Message: Table 'pos_inventory_system_db.products' doesn't exist
Stack trace: #0 C:\Users\Asus\Downloads\Website\api\products.php(36): mysqli->query('SELECT p.id, p....')
#1 {main}

Error at 2026-03-28 15:21:24 (transactions.php)
Message: Table 'pos_inventory_system_db.transactions' doesn't exist
Stack trace: #0 C:\Users\Asus\Downloads\Website\api\transactions.php(38): mysqli->query('SELECT t.id, t....')
#1 {main}

Error at 2026-03-28 15:21:24
Message: Table 'pos_inventory_system_db.products' doesn't exist
Stack trace: #0 C:\Users\Asus\Downloads\Website\api\products.php(36): mysqli->query('SELECT p.id, p....')
#1 {main}

Error at 2026-03-28 15:21:24 (transactions.php)
Message: Table 'pos_inventory_system_db.transactions' doesn't exist
Stack trace: #0 C:\Users\Asus\Downloads\Website\api\transactions.php(38): mysqli->query('SELECT t.id, t....')
#1 {main}

Error at 2026-03-28 15:21:25
Message: Table 'pos_inventory_system_db.products' doesn't exist
Stack trace: #0 C:\Users\Asus\Downloads\Website\api\products.php(36): mysqli->query('SELECT p.id, p....')
#1 {main}

Error at 2026-03-28 15:21:25 (transactions.php)
Message: Table 'pos_inventory_system_db.transactions' doesn't exist
Stack trace: #0 C:\Users\Asus\Downloads\Website\api\transactions.php(38): mysqli->query('SELECT t.id, t....')
#1 {main}

Error at 2026-03-28 15:21:25
Message: Table 'pos_inventory_system_db.products' doesn't exist
Stack trace: #0 C:\Users\Asus\Downloads\Website\api\products.php(36): mysqli->query('SELECT p.id, p....')
#1 {main}

Error at 2026-03-28 15:21:25 (transactions.php)
Message: Table 'pos_inventory_system_db.transactions' doesn't exist
Stack trace: #0 C:\Users\Asus\Downloads\Website\api\transactions.php(38): mysqli->query('SELECT t.id, t....')
#1 {main}

Error at 2026-03-28 15:21:26
Message: Table 'pos_inventory_system_db.products' doesn't exist
Stack trace: #0 C:\Users\Asus\Downloads\Website\api\products.php(36): mysqli->query('SELECT p.id, p....')
#1 {main}

Error at 2026-03-28 15:21:26 (transactions.php)
Message: Table 'pos_inventory_system_db.transactions' doesn't exist
Stack trace: #0 C:\Users\Asus\Downloads\Website\api\transactions.php(38): mysqli->query('SELECT t.id, t....')
#1 {main}

Error at 2026-03-28 15:21:26
Message: Table 'pos_inventory_system_db.products' doesn't exist
Stack trace: #0 C:\Users\Asus\Downloads\Website\api\products.php(36): mysqli->query('SELECT p.id, p....')
#1 {main}

Error at 2026-03-28 15:21:26 (transactions.php)
Message: Table 'pos_inventory_system_db.transactions' doesn't exist
Stack trace: #0 C:\Users\Asus\Downloads\Website\api\transactions.php(38): mysqli->query('SELECT t.id, t....')
#1 {main}

Error at 2026-03-28 15:21:27
Message: Table 'pos_inventory_system_db.products' doesn't exist
Stack trace: #0 C:\Users\Asus\Downloads\Website\api\products.php(36): mysqli->query('SELECT p.id, p....')
#1 {main}

Error at 2026-03-28 15:21:27 (transactions.php)
Message: Table 'pos_inventory_system_db.transactions' doesn't exist
Stack trace: #0 C:\Users\Asus\Downloads\Website\api\transactions.php(38): mysqli->query('SELECT t.id, t....')
#1 {main}

Error at 2026-03-28 15:21:27
Message: Table 'pos_inventory_system_db.products' doesn't exist
Stack trace: #0 C:\Users\Asus\Downloads\Website\api\products.php(36): mysqli->query('SELECT p.id, p....')
#1 {main}

Error at 2026-03-28 15:21:27 (transactions.php)
Message: Table 'pos_inventory_system_db.transactions' doesn't exist
Stack trace: #0 C:\Users\Asus\Downloads\Website\api\transactions.php(38): mysqli->query('SELECT t.id, t....')
#1 {main}

Error at 2026-03-28 15:21:28
Message: Table 'pos_inventory_system_db.products' doesn't exist
Stack trace: #0 C:\Users\Asus\Downloads\Website\api\products.php(36): mysqli->query('SELECT p.id, p....')
#1 {main}

Error at 2026-03-28 15:21:28 (transactions.php)
Message: Table 'pos_inventory_system_db.transactions' doesn't exist
Stack trace: #0 C:\Users\Asus\Downloads\Website\api\transactions.php(38): mysqli->query('SELECT t.id, t....')
#1 {main}

Error at 2026-03-28 15:21:28
Message: Table 'pos_inventory_system_db.products' doesn't exist
Stack trace: #0 C:\Users\Asus\Downloads\Website\api\products.php(36): mysqli->query('SELECT p.id, p....')
#1 {main}

Error at 2026-03-28 15:21:28 (transactions.php)
Message: Table 'pos_inventory_system_db.transactions' doesn't exist
Stack trace: #0 C:\Users\Asus\Downloads\Website\api\transactions.php(38): mysqli->query('SELECT t.id, t....')
#1 {main}

Error at 2026-03-28 15:21:29
Message: Table 'pos_inventory_system_db.products' doesn't exist
Stack trace: #0 C:\Users\Asus\Downloads\Website\api\products.php(36): mysqli->query('SELECT p.id, p....')
#1 {main}

Error at 2026-03-28 15:21:29 (transactions.php)
Message: Table 'pos_inventory_system_db.transactions' doesn't exist
Stack trace: #0 C:\Users\Asus\Downloads\Website\api\transactions.php(38): mysqli->query('SELECT t.id, t....')
#1 {main}

Error at 2026-03-28 15:21:29
Message: Table 'pos_inventory_system_db.products' doesn't exist
Stack trace: #0 C:\Users\Asus\Downloads\Website\api\products.php(36): mysqli->query('SELECT p.id, p....')
#1 {main}

Error at 2026-03-28 15:21:29 (transactions.php)
Message: Table 'pos_inventory_system_db.transactions' doesn't exist
Stack trace: #0 C:\Users\Asus\Downloads\Website\api\transactions.php(38): mysqli->query('SELECT t.id, t....')
#1 {main}

Error at 2026-03-28 15:21:30
Message: Table 'pos_inventory_system_db.products' doesn't exist
Stack trace: #0 C:\Users\Asus\Downloads\Website\api\products.php(36): mysqli->query('SELECT p.id, p....')
#1 {main}

Error at 2026-03-28 15:21:30 (transactions.php)
Message: Table 'pos_inventory_system_db.transactions' doesn't exist
Stack trace: #0 C:\Users\Asus\Downloads\Website\api\transactions.php(38): mysqli->query('SELECT t.id, t....')
#1 {main}

Error at 2026-03-28 15:21:30
Message: Table 'pos_inventory_system_db.products' doesn't exist
Stack trace: #0 C:\Users\Asus\Downloads\Website\api\products.php(36): mysqli->query('SELECT p.id, p....')
#1 {main}

Error at 2026-03-28 15:21:30 (transactions.php)
Message: Table 'pos_inventory_system_db.transactions' doesn't exist
Stack trace: #0 C:\Users\Asus\Downloads\Website\api\transactions.php(38): mysqli->query('SELECT t.id, t....')
#1 {main}

Error at 2026-03-28 15:21:31
Message: Table 'pos_inventory_system_db.products' doesn't exist
Stack trace: #0 C:\Users\Asus\Downloads\Website\api\products.php(36): mysqli->query('SELECT p.id, p....')
#1 {main}

Error at 2026-03-28 15:21:31 (transactions.php)
Message: Table 'pos_inventory_system_db.transactions' doesn't exist
Stack trace: #0 C:\Users\Asus\Downloads\Website\api\transactions.php(38): mysqli->query('SELECT t.id, t....')
#1 {main}

Error at 2026-03-28 15:21:31
Message: Table 'pos_inventory_system_db.products' doesn't exist
Stack trace: #0 C:\Users\Asus\Downloads\Website\api\products.php(36): mysqli->query('SELECT p.id, p....')
#1 {main}

Error at 2026-03-28 15:21:31 (transactions.php)
Message: Table 'pos_inventory_system_db.transactions' doesn't exist
Stack trace: #0 C:\Users\Asus\Downloads\Website\api\transactions.php(38): mysqli->query('SELECT t.id, t....')
#1 {main}

Error at 2026-03-28 15:21:32
Message: Table 'pos_inventory_system_db.products' doesn't exist
Stack trace: #0 C:\Users\Asus\Downloads\Website\api\products.php(36): mysqli->query('SELECT p.id, p....')
#1 {main}

Error at 2026-03-28 15:21:32 (transactions.php)
Message: Table 'pos_inventory_system_db.transactions' doesn't exist
Stack trace: #0 C:\Users\Asus\Downloads\Website\api\transactions.php(38): mysqli->query('SELECT t.id, t....')
#1 {main}

Error at 2026-03-28 15:21:32
Message: Table 'pos_inventory_system_db.products' doesn't exist
Stack trace: #0 C:\Users\Asus\Downloads\Website\api\products.php(36): mysqli->query('SELECT p.id, p....')
#1 {main}

Error at 2026-03-28 15:21:32 (transactions.php)
Message: Table 'pos_inventory_system_db.transactions' doesn't exist
Stack trace: #0 C:\Users\Asus\Downloads\Website\api\transactions.php(38): mysqli->query('SELECT t.id, t....')
#1 {main}

Error at 2026-03-28 15:21:33
Message: Table 'pos_inventory_system_db.products' doesn't exist
Stack trace: #0 C:\Users\Asus\Downloads\Website\api\products.php(36): mysqli->query('SELECT p.id, p....')
#1 {main}

Error at 2026-03-28 15:21:33 (transactions.php)
Message: Table 'pos_inventory_system_db.transactions' doesn't exist
Stack trace: #0 C:\Users\Asus\Downloads\Website\api\transactions.php(38): mysqli->query('SELECT t.id, t....')
#1 {main}

Error at 2026-03-28 15:21:33
Message: Table 'pos_inventory_system_db.products' doesn't exist
Stack trace: #0 C:\Users\Asus\Downloads\Website\api\products.php(36): mysqli->query('SELECT p.id, p....')
#1 {main}

Error at 2026-03-28 15:21:33 (transactions.php)
Message: Table 'pos_inventory_system_db.transactions' doesn't exist
Stack trace: #0 C:\Users\Asus\Downloads\Website\api\transactions.php(38): mysqli->query('SELECT t.id, t....')
#1 {main}

Error at 2026-03-28 15:21:34
Message: Table 'pos_inventory_system_db.products' doesn't exist
Stack trace: #0 C:\Users\Asus\Downloads\Website\api\products.php(36): mysqli->query('SELECT p.id, p....')
#1 {main}

Error at 2026-03-28 15:21:34 (transactions.php)
Message: Table 'pos_inventory_system_db.transactions' doesn't exist
Stack trace: #0 C:\Users\Asus\Downloads\Website\api\transactions.php(38): mysqli->query('SELECT t.id, t....')
#1 {main}

Error at 2026-03-28 15:21:34
Message: Table 'pos_inventory_system_db.products' doesn't exist
Stack trace: #0 C:\Users\Asus\Downloads\Website\api\products.php(36): mysqli->query('SELECT p.id, p....')
#1 {main}

Error at 2026-03-28 15:21:34 (transactions.php)
Message: Table 'pos_inventory_system_db.transactions' doesn't exist
Stack trace: #0 C:\Users\Asus\Downloads\Website\api\transactions.php(38): mysqli->query('SELECT t.id, t....')
#1 {main}

Error at 2026-03-28 15:21:35
Message: Table 'pos_inventory_system_db.products' doesn't exist
Stack trace: #0 C:\Users\Asus\Downloads\Website\api\products.php(36): mysqli->query('SELECT p.id, p....')
#1 {main}

Error at 2026-03-28 15:21:35 (transactions.php)
Message: Table 'pos_inventory_system_db.transactions' doesn't exist
Stack trace: #0 C:\Users\Asus\Downloads\Website\api\transactions.php(38): mysqli->query('SELECT t.id, t....')
#1 {main}

Error at 2026-03-28 15:21:35
Message: Table 'pos_inventory_system_db.products' doesn't exist
Stack trace: #0 C:\Users\Asus\Downloads\Website\api\products.php(36): mysqli->query('SELECT p.id, p....')
#1 {main}

Error at 2026-03-28 15:21:35 (transactions.php)
Message: Table 'pos_inventory_system_db.transactions' doesn't exist
Stack trace: #0 C:\Users\Asus\Downloads\Website\api\transactions.php(38): mysqli->query('SELECT t.id, t....')
#1 {main}

Error at 2026-03-28 15:21:36
Message: Table 'pos_inventory_system_db.products' doesn't exist
Stack trace: #0 C:\Users\Asus\Downloads\Website\api\products.php(36): mysqli->query('SELECT p.id, p....')
#1 {main}

Error at 2026-03-28 15:21:36 (transactions.php)
Message: Table 'pos_inventory_system_db.transactions' doesn't exist
Stack trace: #0 C:\Users\Asus\Downloads\Website\api\transactions.php(38): mysqli->query('SELECT t.id, t....')
#1 {main}

Error at 2026-03-28 15:21:36
Message: Table 'pos_inventory_system_db.products' doesn't exist
Stack trace: #0 C:\Users\Asus\Downloads\Website\api\products.php(36): mysqli->query('SELECT p.id, p....')
#1 {main}

Error at 2026-03-28 15:21:36 (transactions.php)
Message: Table 'pos_inventory_system_db.transactions' doesn't exist
Stack trace: #0 C:\Users\Asus\Downloads\Website\api\transactions.php(38): mysqli->query('SELECT t.id, t....')
#1 {main}

Error at 2026-03-28 15:21:37
Message: Table 'pos_inventory_system_db.products' doesn't exist
Stack trace: #0 C:\Users\Asus\Downloads\Website\api\products.php(36): mysqli->query('SELECT p.id, p....')
#1 {main}

Error at 2026-03-28 15:21:37 (transactions.php)
Message: Table 'pos_inventory_system_db.transactions' doesn't exist
Stack trace: #0 C:\Users\Asus\Downloads\Website\api\transactions.php(38): mysqli->query('SELECT t.id, t....')
#1 {main}

Error at 2026-03-28 15:21:37
Message: Table 'pos_inventory_system_db.products' doesn't exist
Stack trace: #0 C:\Users\Asus\Downloads\Website\api\products.php(36): mysqli->query('SELECT p.id, p....')
#1 {main}

Error at 2026-03-28 15:21:37 (transactions.php)
Message: Table 'pos_inventory_system_db.transactions' doesn't exist
Stack trace: #0 C:\Users\Asus\Downloads\Website\api\transactions.php(38): mysqli->query('SELECT t.id, t....')
#1 {main}

Error at 2026-03-28 15:21:38
Message: Table 'pos_inventory_system_db.products' doesn't exist
Stack trace: #0 C:\Users\Asus\Downloads\Website\api\products.php(36): mysqli->query('SELECT p.id, p....')
#1 {main}

Error at 2026-03-28 15:21:38 (transactions.php)
Message: Table 'pos_inventory_system_db.transactions' doesn't exist
Stack trace: #0 C:\Users\Asus\Downloads\Website\api\transactions.php(38): mysqli->query('SELECT t.id, t....')
#1 {main}

Error at 2026-03-28 15:21:39
Message: Table 'pos_inventory_system_db.products' doesn't exist
Stack trace: #0 C:\Users\Asus\Downloads\Website\api\products.php(36): mysqli->query('SELECT p.id, p....')
#1 {main}

Error at 2026-03-28 15:21:39 (transactions.php)
Message: Table 'pos_inventory_system_db.transactions' doesn't exist
Stack trace: #0 C:\Users\Asus\Downloads\Website\api\transactions.php(38): mysqli->query('SELECT t.id, t....')
#1 {main}

Error at 2026-03-28 15:21:39
Message: Table 'pos_inventory_system_db.products' doesn't exist
Stack trace: #0 C:\Users\Asus\Downloads\Website\api\products.php(36): mysqli->query('SELECT p.id, p....')
#1 {main}

Error at 2026-03-28 15:21:39
Message: Table 'pos_inventory_system_db.products' doesn't exist
Stack trace: #0 C:\Users\Asus\Downloads\Website\api\products.php(36): mysqli->query('SELECT p.id, p....')
#1 {main}

Error at 2026-03-28 15:21:39 (transactions.php)
Message: Table 'pos_inventory_system_db.transactions' doesn't exist
Stack trace: #0 C:\Users\Asus\Downloads\Website\api\transactions.php(38): mysqli->query('SELECT t.id, t....')
#1 {main}

Error at 2026-03-28 15:21:39 (transactions.php)
Message: Table 'pos_inventory_system_db.transactions' doesn't exist
Stack trace: #0 C:\Users\Asus\Downloads\Website\api\transactions.php(38): mysqli->query('SELECT t.id, t....')
#1 {main}

Error at 2026-03-28 15:21:39
Message: Table 'pos_inventory_system_db.products' doesn't exist
Stack trace: #0 C:\Users\Asus\Downloads\Website\api\products.php(36): mysqli->query('SELECT p.id, p....')
#1 {main}

Error at 2026-03-28 15:21:39 (transactions.php)
Message: Table 'pos_inventory_system_db.transactions' doesn't exist
Stack trace: #0 C:\Users\Asus\Downloads\Website\api\transactions.php(38): mysqli->query('SELECT t.id, t....')
#1 {main}

Error at 2026-03-28 15:21:40
Message: Table 'pos_inventory_system_db.products' doesn't exist
Stack trace: #0 C:\Users\Asus\Downloads\Website\api\products.php(36): mysqli->query('SELECT p.id, p....')
#1 {main}

Error at 2026-03-28 15:21:40 (transactions.php)
Message: Table 'pos_inventory_system_db.transactions' doesn't exist
Stack trace: #0 C:\Users\Asus\Downloads\Website\api\transactions.php(38): mysqli->query('SELECT t.id, t....')
#1 {main}

Error at 2026-03-28 15:21:40
Message: Table 'pos_inventory_system_db.products' doesn't exist
Stack trace: #0 C:\Users\Asus\Downloads\Website\api\products.php(36): mysqli->query('SELECT p.id, p....')
#1 {main}

Error at 2026-03-28 15:21:40 (transactions.php)
Message: Table 'pos_inventory_system_db.transactions' doesn't exist
Stack trace: #0 C:\Users\Asus\Downloads\Website\api\transactions.php(38): mysqli->query('SELECT t.id, t....')
#1 {main}

Error at 2026-03-28 15:21:41
Message: Table 'pos_inventory_system_db.products' doesn't exist
Stack trace: #0 C:\Users\Asus\Downloads\Website\api\products.php(36): mysqli->query('SELECT p.id, p....')
#1 {main}

Error at 2026-03-28 15:21:41 (transactions.php)
Message: Table 'pos_inventory_system_db.transactions' doesn't exist
Stack trace: #0 C:\Users\Asus\Downloads\Website\api\transactions.php(38): mysqli->query('SELECT t.id, t....')
#1 {main}

Error at 2026-03-28 15:21:41
Message: Table 'pos_inventory_system_db.products' doesn't exist
Stack trace: #0 C:\Users\Asus\Downloads\Website\api\products.php(36): mysqli->query('SELECT p.id, p....')
#1 {main}

Error at 2026-03-28 15:21:41 (transactions.php)
Message: Table 'pos_inventory_system_db.transactions' doesn't exist
Stack trace: #0 C:\Users\Asus\Downloads\Website\api\transactions.php(38): mysqli->query('SELECT t.id, t....')
#1 {main}

Error at 2026-03-28 15:21:42
Message: Table 'pos_inventory_system_db.products' doesn't exist
Stack trace: #0 C:\Users\Asus\Downloads\Website\api\products.php(36): mysqli->query('SELECT p.id, p....')
#1 {main}

Error at 2026-03-28 15:21:42 (transactions.php)
Message: Table 'pos_inventory_system_db.transactions' doesn't exist
Stack trace: #0 C:\Users\Asus\Downloads\Website\api\transactions.php(38): mysqli->query('SELECT t.id, t....')
#1 {main}

Error at 2026-03-28 15:21:42
Message: Table 'pos_inventory_system_db.products' doesn't exist
Stack trace: #0 C:\Users\Asus\Downloads\Website\api\products.php(36): mysqli->query('SELECT p.id, p....')
#1 {main}

Error at 2026-03-28 15:21:42 (transactions.php)
Message: Table 'pos_inventory_system_db.transactions' doesn't exist
Stack trace: #0 C:\Users\Asus\Downloads\Website\api\transactions.php(38): mysqli->query('SELECT t.id, t....')
#1 {main}

Error at 2026-03-28 15:21:43
Message: Table 'pos_inventory_system_db.products' doesn't exist
Stack trace: #0 C:\Users\Asus\Downloads\Website\api\products.php(36): mysqli->query('SELECT p.id, p....')
#1 {main}

Error at 2026-03-28 15:21:43 (transactions.php)
Message: Table 'pos_inventory_system_db.transactions' doesn't exist
Stack trace: #0 C:\Users\Asus\Downloads\Website\api\transactions.php(38): mysqli->query('SELECT t.id, t....')
#1 {main}

Error at 2026-03-28 15:21:43
Message: Table 'pos_inventory_system_db.products' doesn't exist
Stack trace: #0 C:\Users\Asus\Downloads\Website\api\products.php(36): mysqli->query('SELECT p.id, p....')
#1 {main}

Error at 2026-03-28 15:21:43 (transactions.php)
Message: Table 'pos_inventory_system_db.transactions' doesn't exist
Stack trace: #0 C:\Users\Asus\Downloads\Website\api\transactions.php(38): mysqli->query('SELECT t.id, t....')
#1 {main}

Error at 2026-03-28 15:21:44
Message: Table 'pos_inventory_system_db.products' doesn't exist
Stack trace: #0 C:\Users\Asus\Downloads\Website\api\products.php(36): mysqli->query('SELECT p.id, p....')
#1 {main}

Error at 2026-03-28 15:21:44 (transactions.php)
Message: Table 'pos_inventory_system_db.transactions' doesn't exist
Stack trace: #0 C:\Users\Asus\Downloads\Website\api\transactions.php(38): mysqli->query('SELECT t.id, t....')
#1 {main}

Error at 2026-03-28 15:21:44
Message: Table 'pos_inventory_system_db.products' doesn't exist
Stack trace: #0 C:\Users\Asus\Downloads\Website\api\products.php(36): mysqli->query('SELECT p.id, p....')
#1 {main}

Error at 2026-03-28 15:21:44 (transactions.php)
Message: Table 'pos_inventory_system_db.transactions' doesn't exist
Stack trace: #0 C:\Users\Asus\Downloads\Website\api\transactions.php(38): mysqli->query('SELECT t.id, t....')
#1 {main}

Error at 2026-03-28 15:21:45
Message: Table 'pos_inventory_system_db.products' doesn't exist
Stack trace: #0 C:\Users\Asus\Downloads\Website\api\products.php(36): mysqli->query('SELECT p.id, p....')
#1 {main}

Error at 2026-03-28 15:21:45 (transactions.php)
Message: Table 'pos_inventory_system_db.transactions' doesn't exist
Stack trace: #0 C:\Users\Asus\Downloads\Website\api\transactions.php(38): mysqli->query('SELECT t.id, t....')
#1 {main}

Error at 2026-03-28 15:21:45
Message: Table 'pos_inventory_system_db.products' doesn't exist
Stack trace: #0 C:\Users\Asus\Downloads\Website\api\products.php(36): mysqli->query('SELECT p.id, p....')
#1 {main}

Error at 2026-03-28 15:21:45 (transactions.php)
Message: Table 'pos_inventory_system_db.transactions' doesn't exist
Stack trace: #0 C:\Users\Asus\Downloads\Website\api\transactions.php(38): mysqli->query('SELECT t.id, t....')
#1 {main}

Error at 2026-03-28 15:21:46
Message: Table 'pos_inventory_system_db.products' doesn't exist
Stack trace: #0 C:\Users\Asus\Downloads\Website\api\products.php(36): mysqli->query('SELECT p.id, p....')
#1 {main}

Error at 2026-03-28 15:21:46 (transactions.php)
Message: Table 'pos_inventory_system_db.transactions' doesn't exist
Stack trace: #0 C:\Users\Asus\Downloads\Website\api\transactions.php(38): mysqli->query('SELECT t.id, t....')
#1 {main}

Error at 2026-03-28 15:21:46
Message: Table 'pos_inventory_system_db.products' doesn't exist
Stack trace: #0 C:\Users\Asus\Downloads\Website\api\products.php(36): mysqli->query('SELECT p.id, p....')
#1 {main}

Error at 2026-03-28 15:21:47 (transactions.php)
Message: Table 'pos_inventory_system_db.transactions' doesn't exist
Stack trace: #0 C:\Users\Asus\Downloads\Website\api\transactions.php(38): mysqli->query('SELECT t.id, t....')
#1 {main}

Error at 2026-03-28 15:21:47
Message: Table 'pos_inventory_system_db.products' doesn't exist
Stack trace: #0 C:\Users\Asus\Downloads\Website\api\products.php(36): mysqli->query('SELECT p.id, p....')
#1 {main}

Error at 2026-03-28 15:21:47 (transactions.php)
Message: Table 'pos_inventory_system_db.transactions' doesn't exist
Stack trace: #0 C:\Users\Asus\Downloads\Website\api\transactions.php(38): mysqli->query('SELECT t.id, t....')
#1 {main}

Error at 2026-03-28 15:21:47
Message: Table 'pos_inventory_system_db.products' doesn't exist
Stack trace: #0 C:\Users\Asus\Downloads\Website\api\products.php(36): mysqli->query('SELECT p.id, p....')
#1 {main}

Error at 2026-03-28 15:21:47 (transactions.php)
Message: Table 'pos_inventory_system_db.transactions' doesn't exist
Stack trace: #0 C:\Users\Asus\Downloads\Website\api\transactions.php(38): mysqli->query('SELECT t.id, t....')
#1 {main}

Error at 2026-03-28 15:21:48
Message: Table 'pos_inventory_system_db.products' doesn't exist
Stack trace: #0 C:\Users\Asus\Downloads\Website\api\products.php(36): mysqli->query('SELECT p.id, p....')
#1 {main}

Error at 2026-03-28 15:21:48 (transactions.php)
Message: Table 'pos_inventory_system_db.transactions' doesn't exist
Stack trace: #0 C:\Users\Asus\Downloads\Website\api\transactions.php(38): mysqli->query('SELECT t.id, t....')
#1 {main}

Error at 2026-03-28 15:21:48
Message: Table 'pos_inventory_system_db.products' doesn't exist
Stack trace: #0 C:\Users\Asus\Downloads\Website\api\products.php(36): mysqli->query('SELECT p.id, p....')
#1 {main}

Error at 2026-03-28 15:21:48 (transactions.php)
Message: Table 'pos_inventory_system_db.transactions' doesn't exist
Stack trace: #0 C:\Users\Asus\Downloads\Website\api\transactions.php(38): mysqli->query('SELECT t.id, t....')
#1 {main}

Error at 2026-03-28 15:21:49
Message: Table 'pos_inventory_system_db.products' doesn't exist
Stack trace: #0 C:\Users\Asus\Downloads\Website\api\products.php(36): mysqli->query('SELECT p.id, p....')
#1 {main}

Error at 2026-03-28 15:21:49 (transactions.php)
Message: Table 'pos_inventory_system_db.transactions' doesn't exist
Stack trace: #0 C:\Users\Asus\Downloads\Website\api\transactions.php(38): mysqli->query('SELECT t.id, t....')
#1 {main}

Error at 2026-03-28 15:21:49
Message: Table 'pos_inventory_system_db.products' doesn't exist
Stack trace: #0 C:\Users\Asus\Downloads\Website\api\products.php(36): mysqli->query('SELECT p.id, p....')
#1 {main}

Error at 2026-03-28 15:21:49 (transactions.php)
Message: Table 'pos_inventory_system_db.transactions' doesn't exist
Stack trace: #0 C:\Users\Asus\Downloads\Website\api\transactions.php(38): mysqli->query('SELECT t.id, t....')
#1 {main}

Error at 2026-03-28 15:21:50
Message: Table 'pos_inventory_system_db.products' doesn't exist
Stack trace: #0 C:\Users\Asus\Downloads\Website\api\products.php(36): mysqli->query('SELECT p.id, p....')
#1 {main}

Error at 2026-03-28 15:21:50 (transactions.php)
Message: Table 'pos_inventory_system_db.transactions' doesn't exist
Stack trace: #0 C:\Users\Asus\Downloads\Website\api\transactions.php(38): mysqli->query('SELECT t.id, t....')
#1 {main}

Error at 2026-03-28 15:21:50
Message: Table 'pos_inventory_system_db.products' doesn't exist
Stack trace: #0 C:\Users\Asus\Downloads\Website\api\products.php(36): mysqli->query('SELECT p.id, p....')
#1 {main}

Error at 2026-03-28 15:21:50 (transactions.php)
Message: Table 'pos_inventory_system_db.transactions' doesn't exist
Stack trace: #0 C:\Users\Asus\Downloads\Website\api\transactions.php(38): mysqli->query('SELECT t.id, t....')
#1 {main}

Error at 2026-03-28 15:21:51
Message: Table 'pos_inventory_system_db.products' doesn't exist
Stack trace: #0 C:\Users\Asus\Downloads\Website\api\products.php(36): mysqli->query('SELECT p.id, p....')
#1 {main}

Error at 2026-03-28 15:21:51 (transactions.php)
Message: Table 'pos_inventory_system_db.transactions' doesn't exist
Stack trace: #0 C:\Users\Asus\Downloads\Website\api\transactions.php(38): mysqli->query('SELECT t.id, t....')
#1 {main}

Error at 2026-03-28 15:21:51
Message: Table 'pos_inventory_system_db.products' doesn't exist
Stack trace: #0 C:\Users\Asus\Downloads\Website\api\products.php(36): mysqli->query('SELECT p.id, p....')
#1 {main}

Error at 2026-03-28 15:21:51 (transactions.php)
Message: Table 'pos_inventory_system_db.transactions' doesn't exist
Stack trace: #0 C:\Users\Asus\Downloads\Website\api\transactions.php(38): mysqli->query('SELECT t.id, t....')
#1 {main}

Error at 2026-03-28 15:21:52
Message: Table 'pos_inventory_system_db.products' doesn't exist
Stack trace: #0 C:\Users\Asus\Downloads\Website\api\products.php(36): mysqli->query('SELECT p.id, p....')
#1 {main}

Error at 2026-03-28 15:21:52 (transactions.php)
Message: Table 'pos_inventory_system_db.transactions' doesn't exist
Stack trace: #0 C:\Users\Asus\Downloads\Website\api\transactions.php(38): mysqli->query('SELECT t.id, t....')
#1 {main}

Error at 2026-03-28 15:21:52
Message: Table 'pos_inventory_system_db.products' doesn't exist
Stack trace: #0 C:\Users\Asus\Downloads\Website\api\products.php(36): mysqli->query('SELECT p.id, p....')
#1 {main}

Error at 2026-03-28 15:21:52 (transactions.php)
Message: Table 'pos_inventory_system_db.transactions' doesn't exist
Stack trace: #0 C:\Users\Asus\Downloads\Website\api\transactions.php(38): mysqli->query('SELECT t.id, t....')
#1 {main}

Error at 2026-03-28 15:21:53
Message: Table 'pos_inventory_system_db.products' doesn't exist
Stack trace: #0 C:\Users\Asus\Downloads\Website\api\products.php(36): mysqli->query('SELECT p.id, p....')
#1 {main}

Error at 2026-03-28 15:21:53 (transactions.php)
Message: Table 'pos_inventory_system_db.transactions' doesn't exist
Stack trace: #0 C:\Users\Asus\Downloads\Website\api\transactions.php(38): mysqli->query('SELECT t.id, t....')
#1 {main}

Error at 2026-03-28 15:21:53
Message: Table 'pos_inventory_system_db.products' doesn't exist
Stack trace: #0 C:\Users\Asus\Downloads\Website\api\products.php(36): mysqli->query('SELECT p.id, p....')
#1 {main}

Error at 2026-03-28 15:21:53 (transactions.php)
Message: Table 'pos_inventory_system_db.transactions' doesn't exist
Stack trace: #0 C:\Users\Asus\Downloads\Website\api\transactions.php(38): mysqli->query('SELECT t.id, t....')
#1 {main}

Error at 2026-03-28 15:21:54
Message: Table 'pos_inventory_system_db.products' doesn't exist
Stack trace: #0 C:\Users\Asus\Downloads\Website\api\products.php(36): mysqli->query('SELECT p.id, p....')
#1 {main}

Error at 2026-03-28 15:21:54 (transactions.php)
Message: Table 'pos_inventory_system_db.transactions' doesn't exist
Stack trace: #0 C:\Users\Asus\Downloads\Website\api\transactions.php(38): mysqli->query('SELECT t.id, t....')
#1 {main}

Error at 2026-03-28 15:21:54
Message: Table 'pos_inventory_system_db.products' doesn't exist
Stack trace: #0 C:\Users\Asus\Downloads\Website\api\products.php(36): mysqli->query('SELECT p.id, p....')
#1 {main}

Error at 2026-03-28 15:21:54 (transactions.php)
Message: Table 'pos_inventory_system_db.transactions' doesn't exist
Stack trace: #0 C:\Users\Asus\Downloads\Website\api\transactions.php(38): mysqli->query('SELECT t.id, t....')
#1 {main}

Error at 2026-03-28 15:21:55
Message: Table 'pos_inventory_system_db.products' doesn't exist
Stack trace: #0 C:\Users\Asus\Downloads\Website\api\products.php(36): mysqli->query('SELECT p.id, p....')
#1 {main}

Error at 2026-03-28 15:21:55 (transactions.php)
Message: Table 'pos_inventory_system_db.transactions' doesn't exist
Stack trace: #0 C:\Users\Asus\Downloads\Website\api\transactions.php(38): mysqli->query('SELECT t.id, t....')
#1 {main}

Error at 2026-03-28 15:21:55
Message: Table 'pos_inventory_system_db.products' doesn't exist
Stack trace: #0 C:\Users\Asus\Downloads\Website\api\products.php(36): mysqli->query('SELECT p.id, p....')
#1 {main}

Error at 2026-03-28 15:21:55 (transactions.php)
Message: Table 'pos_inventory_system_db.transactions' doesn't exist
Stack trace: #0 C:\Users\Asus\Downloads\Website\api\transactions.php(38): mysqli->query('SELECT t.id, t....')
#1 {main}

Error at 2026-03-28 15:21:56
Message: Table 'pos_inventory_system_db.products' doesn't exist
Stack trace: #0 C:\Users\Asus\Downloads\Website\api\products.php(36): mysqli->query('SELECT p.id, p....')
#1 {main}

Error at 2026-03-28 15:21:56 (transactions.php)
Message: Table 'pos_inventory_system_db.transactions' doesn't exist
Stack trace: #0 C:\Users\Asus\Downloads\Website\api\transactions.php(38): mysqli->query('SELECT t.id, t....')
#1 {main}

Error at 2026-03-28 15:21:56
Message: Table 'pos_inventory_system_db.products' doesn't exist
Stack trace: #0 C:\Users\Asus\Downloads\Website\api\products.php(36): mysqli->query('SELECT p.id, p....')
#1 {main}

Error at 2026-03-28 15:21:56 (transactions.php)
Message: Table 'pos_inventory_system_db.transactions' doesn't exist
Stack trace: #0 C:\Users\Asus\Downloads\Website\api\transactions.php(38): mysqli->query('SELECT t.id, t....')
#1 {main}

Error at 2026-03-28 15:21:57
Message: Table 'pos_inventory_system_db.products' doesn't exist
Stack trace: #0 C:\Users\Asus\Downloads\Website\api\products.php(36): mysqli->query('SELECT p.id, p....')
#1 {main}

Error at 2026-03-28 15:21:57 (transactions.php)
Message: Table 'pos_inventory_system_db.transactions' doesn't exist
Stack trace: #0 C:\Users\Asus\Downloads\Website\api\transactions.php(38): mysqli->query('SELECT t.id, t....')
#1 {main}

Error at 2026-03-28 15:21:57
Message: Table 'pos_inventory_system_db.products' doesn't exist
Stack trace: #0 C:\Users\Asus\Downloads\Website\api\products.php(36): mysqli->query('SELECT p.id, p....')
#1 {main}

Error at 2026-03-28 15:21:57 (transactions.php)
Message: Table 'pos_inventory_system_db.transactions' doesn't exist
Stack trace: #0 C:\Users\Asus\Downloads\Website\api\transactions.php(38): mysqli->query('SELECT t.id, t....')
#1 {main}

Error at 2026-03-28 15:21:58
Message: Table 'pos_inventory_system_db.products' doesn't exist
Stack trace: #0 C:\Users\Asus\Downloads\Website\api\products.php(36): mysqli->query('SELECT p.id, p....')
#1 {main}

Error at 2026-03-28 15:21:58 (transactions.php)
Message: Table 'pos_inventory_system_db.transactions' doesn't exist
Stack trace: #0 C:\Users\Asus\Downloads\Website\api\transactions.php(38): mysqli->query('SELECT t.id, t....')
#1 {main}

Error at 2026-03-28 15:21:58
Message: Table 'pos_inventory_system_db.products' doesn't exist
Stack trace: #0 C:\Users\Asus\Downloads\Website\api\products.php(36): mysqli->query('SELECT p.id, p....')
#1 {main}

Error at 2026-03-28 15:21:58 (transactions.php)
Message: Table 'pos_inventory_system_db.transactions' doesn't exist
Stack trace: #0 C:\Users\Asus\Downloads\Website\api\transactions.php(38): mysqli->query('SELECT t.id, t....')
#1 {main}

Error at 2026-03-28 15:21:59
Message: Table 'pos_inventory_system_db.products' doesn't exist
Stack trace: #0 C:\Users\Asus\Downloads\Website\api\products.php(36): mysqli->query('SELECT p.id, p....')
#1 {main}

Error at 2026-03-28 15:21:59 (transactions.php)
Message: Table 'pos_inventory_system_db.transactions' doesn't exist
Stack trace: #0 C:\Users\Asus\Downloads\Website\api\transactions.php(38): mysqli->query('SELECT t.id, t....')
#1 {main}

Error at 2026-03-28 15:21:59
Message: Table 'pos_inventory_system_db.products' doesn't exist
Stack trace: #0 C:\Users\Asus\Downloads\Website\api\products.php(36): mysqli->query('SELECT p.id, p....')
#1 {main}

Error at 2026-03-28 15:21:59 (transactions.php)
Message: Table 'pos_inventory_system_db.transactions' doesn't exist
Stack trace: #0 C:\Users\Asus\Downloads\Website\api\transactions.php(38): mysqli->query('SELECT t.id, t....')
#1 {main}

Error at 2026-03-28 15:22:00
Message: Table 'pos_inventory_system_db.products' doesn't exist
Stack trace: #0 C:\Users\Asus\Downloads\Website\api\products.php(36): mysqli->query('SELECT p.id, p....')
#1 {main}

Error at 2026-03-28 15:22:00 (transactions.php)
Message: Table 'pos_inventory_system_db.transactions' doesn't exist
Stack trace: #0 C:\Users\Asus\Downloads\Website\api\transactions.php(38): mysqli->query('SELECT t.id, t....')
#1 {main}

Error at 2026-03-28 15:22:00
Message: Table 'pos_inventory_system_db.products' doesn't exist
Stack trace: #0 C:\Users\Asus\Downloads\Website\api\products.php(36): mysqli->query('SELECT p.id, p....')
#1 {main}

Error at 2026-03-28 15:22:00 (transactions.php)
Message: Table 'pos_inventory_system_db.transactions' doesn't exist
Stack trace: #0 C:\Users\Asus\Downloads\Website\api\transactions.php(38): mysqli->query('SELECT t.id, t....')
#1 {main}

Error at 2026-03-28 15:22:01
Message: Table 'pos_inventory_system_db.products' doesn't exist
Stack trace: #0 C:\Users\Asus\Downloads\Website\api\products.php(36): mysqli->query('SELECT p.id, p....')
#1 {main}

Error at 2026-03-28 15:22:01 (transactions.php)
Message: Table 'pos_inventory_system_db.transactions' doesn't exist
Stack trace: #0 C:\Users\Asus\Downloads\Website\api\transactions.php(38): mysqli->query('SELECT t.id, t....')
#1 {main}

Error at 2026-03-28 15:22:01
Message: Table 'pos_inventory_system_db.products' doesn't exist
Stack trace: #0 C:\Users\Asus\Downloads\Website\api\products.php(36): mysqli->query('SELECT p.id, p....')
#1 {main}

Error at 2026-03-28 15:22:01 (transactions.php)
Message: Table 'pos_inventory_system_db.transactions' doesn't exist
Stack trace: #0 C:\Users\Asus\Downloads\Website\api\transactions.php(38): mysqli->query('SELECT t.id, t....')
#1 {main}

Error at 2026-03-28 15:22:02
Message: Table 'pos_inventory_system_db.products' doesn't exist
Stack trace: #0 C:\Users\Asus\Downloads\Website\api\products.php(36): mysqli->query('SELECT p.id, p....')
#1 {main}

Error at 2026-03-28 15:22:02 (transactions.php)
Message: Table 'pos_inventory_system_db.transactions' doesn't exist
Stack trace: #0 C:\Users\Asus\Downloads\Website\api\transactions.php(38): mysqli->query('SELECT t.id, t....')
#1 {main}

Error at 2026-03-28 15:22:02
Message: Table 'pos_inventory_system_db.products' doesn't exist
Stack trace: #0 C:\Users\Asus\Downloads\Website\api\products.php(36): mysqli->query('SELECT p.id, p....')
#1 {main}

Error at 2026-03-28 15:22:02 (transactions.php)
Message: Table 'pos_inventory_system_db.transactions' doesn't exist
Stack trace: #0 C:\Users\Asus\Downloads\Website\api\transactions.php(38): mysqli->query('SELECT t.id, t....')
#1 {main}

Error at 2026-03-28 15:22:03
Message: Table 'pos_inventory_system_db.products' doesn't exist
Stack trace: #0 C:\Users\Asus\Downloads\Website\api\products.php(36): mysqli->query('SELECT p.id, p....')
#1 {main}

Error at 2026-03-28 15:22:03 (transactions.php)
Message: Table 'pos_inventory_system_db.transactions' doesn't exist
Stack trace: #0 C:\Users\Asus\Downloads\Website\api\transactions.php(38): mysqli->query('SELECT t.id, t....')
#1 {main}

Error at 2026-03-28 15:22:03
Message: Table 'pos_inventory_system_db.products' doesn't exist
Stack trace: #0 C:\Users\Asus\Downloads\Website\api\products.php(36): mysqli->query('SELECT p.id, p....')
#1 {main}

Error at 2026-03-28 15:22:03 (transactions.php)
Message: Table 'pos_inventory_system_db.transactions' doesn't exist
Stack trace: #0 C:\Users\Asus\Downloads\Website\api\transactions.php(38): mysqli->query('SELECT t.id, t....')
#1 {main}

Error at 2026-03-28 15:22:04
Message: Table 'pos_inventory_system_db.products' doesn't exist
Stack trace: #0 C:\Users\Asus\Downloads\Website\api\products.php(36): mysqli->query('SELECT p.id, p....')
#1 {main}

Error at 2026-03-28 15:22:04 (transactions.php)
Message: Table 'pos_inventory_system_db.transactions' doesn't exist
Stack trace: #0 C:\Users\Asus\Downloads\Website\api\transactions.php(38): mysqli->query('SELECT t.id, t....')
#1 {main}

Error at 2026-03-28 15:22:04
Message: Table 'pos_inventory_system_db.products' doesn't exist
Stack trace: #0 C:\Users\Asus\Downloads\Website\api\products.php(36): mysqli->query('SELECT p.id, p....')
#1 {main}

Error at 2026-03-28 15:22:04 (transactions.php)
Message: Table 'pos_inventory_system_db.transactions' doesn't exist
Stack trace: #0 C:\Users\Asus\Downloads\Website\api\transactions.php(38): mysqli->query('SELECT t.id, t....')
#1 {main}

Error at 2026-03-28 15:22:05
Message: Table 'pos_inventory_system_db.products' doesn't exist
Stack trace: #0 C:\Users\Asus\Downloads\Website\api\products.php(36): mysqli->query('SELECT p.id, p....')
#1 {main}

Error at 2026-03-28 15:22:05 (transactions.php)
Message: Table 'pos_inventory_system_db.transactions' doesn't exist
Stack trace: #0 C:\Users\Asus\Downloads\Website\api\transactions.php(38): mysqli->query('SELECT t.id, t....')
#1 {main}

Error at 2026-03-28 15:22:05
Message: Table 'pos_inventory_system_db.products' doesn't exist
Stack trace: #0 C:\Users\Asus\Downloads\Website\api\products.php(36): mysqli->query('SELECT p.id, p....')
#1 {main}

Error at 2026-03-28 15:22:05 (transactions.php)
Message: Table 'pos_inventory_system_db.transactions' doesn't exist
Stack trace: #0 C:\Users\Asus\Downloads\Website\api\transactions.php(38): mysqli->query('SELECT t.id, t....')
#1 {main}

Error at 2026-03-28 15:22:06
Message: Table 'pos_inventory_system_db.products' doesn't exist
Stack trace: #0 C:\Users\Asus\Downloads\Website\api\products.php(36): mysqli->query('SELECT p.id, p....')
#1 {main}

Error at 2026-03-28 15:22:06 (transactions.php)
Message: Table 'pos_inventory_system_db.transactions' doesn't exist
Stack trace: #0 C:\Users\Asus\Downloads\Website\api\transactions.php(38): mysqli->query('SELECT t.id, t....')
#1 {main}

Error at 2026-03-28 15:22:06
Message: Table 'pos_inventory_system_db.products' doesn't exist
Stack trace: #0 C:\Users\Asus\Downloads\Website\api\products.php(36): mysqli->query('SELECT p.id, p....')
#1 {main}

Error at 2026-03-28 15:22:06 (transactions.php)
Message: Table 'pos_inventory_system_db.transactions' doesn't exist
Stack trace: #0 C:\Users\Asus\Downloads\Website\api\transactions.php(38): mysqli->query('SELECT t.id, t....')
#1 {main}

Error at 2026-03-28 15:22:07
Message: Table 'pos_inventory_system_db.products' doesn't exist
Stack trace: #0 C:\Users\Asus\Downloads\Website\api\products.php(36): mysqli->query('SELECT p.id, p....')
#1 {main}

Error at 2026-03-28 15:22:07 (transactions.php)
Message: Table 'pos_inventory_system_db.transactions' doesn't exist
Stack trace: #0 C:\Users\Asus\Downloads\Website\api\transactions.php(38): mysqli->query('SELECT t.id, t....')
#1 {main}

Error at 2026-03-28 15:22:07
Message: Table 'pos_inventory_system_db.products' doesn't exist
Stack trace: #0 C:\Users\Asus\Downloads\Website\api\products.php(36): mysqli->query('SELECT p.id, p....')
#1 {main}

Error at 2026-03-28 15:22:07 (transactions.php)
Message: Table 'pos_inventory_system_db.transactions' doesn't exist
Stack trace: #0 C:\Users\Asus\Downloads\Website\api\transactions.php(38): mysqli->query('SELECT t.id, t....')
#1 {main}

Error at 2026-03-28 15:22:08
Message: Table 'pos_inventory_system_db.products' doesn't exist
Stack trace: #0 C:\Users\Asus\Downloads\Website\api\products.php(36): mysqli->query('SELECT p.id, p....')
#1 {main}

Error at 2026-03-28 15:22:08 (transactions.php)
Message: Table 'pos_inventory_system_db.transactions' doesn't exist
Stack trace: #0 C:\Users\Asus\Downloads\Website\api\transactions.php(38): mysqli->query('SELECT t.id, t....')
#1 {main}

Error at 2026-03-28 15:22:08
Message: Table 'pos_inventory_system_db.products' doesn't exist
Stack trace: #0 C:\Users\Asus\Downloads\Website\api\products.php(36): mysqli->query('SELECT p.id, p....')
#1 {main}

Error at 2026-03-28 15:22:09 (transactions.php)
Message: Table 'pos_inventory_system_db.transactions' doesn't exist
Stack trace: #0 C:\Users\Asus\Downloads\Website\api\transactions.php(38): mysqli->query('SELECT t.id, t....')
#1 {main}

Error at 2026-03-28 15:22:09
Message: Table 'pos_inventory_system_db.products' doesn't exist
Stack trace: #0 C:\Users\Asus\Downloads\Website\api\products.php(36): mysqli->query('SELECT p.id, p....')
#1 {main}

Error at 2026-03-28 15:22:09 (transactions.php)
Message: Table 'pos_inventory_system_db.transactions' doesn't exist
Stack trace: #0 C:\Users\Asus\Downloads\Website\api\transactions.php(38): mysqli->query('SELECT t.id, t....')
#1 {main}

Error at 2026-03-28 15:22:09
Message: Table 'pos_inventory_system_db.products' doesn't exist
Stack trace: #0 C:\Users\Asus\Downloads\Website\api\products.php(36): mysqli->query('SELECT p.id, p....')
#1 {main}

Error at 2026-03-28 15:22:09 (transactions.php)
Message: Table 'pos_inventory_system_db.transactions' doesn't exist
Stack trace: #0 C:\Users\Asus\Downloads\Website\api\transactions.php(38): mysqli->query('SELECT t.id, t....')
#1 {main}

Error at 2026-03-28 15:22:10
Message: Table 'pos_inventory_system_db.products' doesn't exist
Stack trace: #0 C:\Users\Asus\Downloads\Website\api\products.php(36): mysqli->query('SELECT p.id, p....')
#1 {main}

Error at 2026-03-28 15:22:10 (transactions.php)
Message: Table 'pos_inventory_system_db.transactions' doesn't exist
Stack trace: #0 C:\Users\Asus\Downloads\Website\api\transactions.php(38): mysqli->query('SELECT t.id, t....')
#1 {main}

Error at 2026-03-28 15:22:10
Message: Table 'pos_inventory_system_db.products' doesn't exist
Stack trace: #0 C:\Users\Asus\Downloads\Website\api\products.php(36): mysqli->query('SELECT p.id, p....')
#1 {main}

Error at 2026-03-28 15:22:11 (transactions.php)
Message: Table 'pos_inventory_system_db.transactions' doesn't exist
Stack trace: #0 C:\Users\Asus\Downloads\Website\api\transactions.php(38): mysqli->query('SELECT t.id, t....')
#1 {main}

Error at 2026-03-28 15:22:11
Message: Table 'pos_inventory_system_db.products' doesn't exist
Stack trace: #0 C:\Users\Asus\Downloads\Website\api\products.php(36): mysqli->query('SELECT p.id, p....')
#1 {main}

Error at 2026-03-28 15:22:11 (transactions.php)
Message: Table 'pos_inventory_system_db.transactions' doesn't exist
Stack trace: #0 C:\Users\Asus\Downloads\Website\api\transactions.php(38): mysqli->query('SELECT t.id, t....')
#1 {main}

Error at 2026-03-28 15:22:11
Message: Table 'pos_inventory_system_db.products' doesn't exist
Stack trace: #0 C:\Users\Asus\Downloads\Website\api\products.php(36): mysqli->query('SELECT p.id, p....')
#1 {main}

Error at 2026-03-28 15:22:12 (transactions.php)
Message: Table 'pos_inventory_system_db.transactions' doesn't exist
Stack trace: #0 C:\Users\Asus\Downloads\Website\api\transactions.php(38): mysqli->query('SELECT t.id, t....')
#1 {main}

Error at 2026-03-28 15:22:12
Message: Table 'pos_inventory_system_db.products' doesn't exist
Stack trace: #0 C:\Users\Asus\Downloads\Website\api\products.php(36): mysqli->query('SELECT p.id, p....')
#1 {main}

Error at 2026-03-28 15:22:12 (transactions.php)
Message: Table 'pos_inventory_system_db.transactions' doesn't exist
Stack trace: #0 C:\Users\Asus\Downloads\Website\api\transactions.php(38): mysqli->query('SELECT t.id, t....')
#1 {main}

Error at 2026-03-28 15:22:12
Message: Table 'pos_inventory_system_db.products' doesn't exist
Stack trace: #0 C:\Users\Asus\Downloads\Website\api\products.php(36): mysqli->query('SELECT p.id, p....')
#1 {main}

Error at 2026-03-28 15:22:12 (transactions.php)
Message: Table 'pos_inventory_system_db.transactions' doesn't exist
Stack trace: #0 C:\Users\Asus\Downloads\Website\api\transactions.php(38): mysqli->query('SELECT t.id, t....')
#1 {main}

Error at 2026-03-28 15:22:13
Message: Table 'pos_inventory_system_db.products' doesn't exist
Stack trace: #0 C:\Users\Asus\Downloads\Website\api\products.php(36): mysqli->query('SELECT p.id, p....')
#1 {main}

Error at 2026-03-28 15:22:13 (transactions.php)
Message: Table 'pos_inventory_system_db.transactions' doesn't exist
Stack trace: #0 C:\Users\Asus\Downloads\Website\api\transactions.php(38): mysqli->query('SELECT t.id, t....')
#1 {main}

Error at 2026-03-28 15:22:13
Message: Table 'pos_inventory_system_db.products' doesn't exist
Stack trace: #0 C:\Users\Asus\Downloads\Website\api\products.php(36): mysqli->query('SELECT p.id, p....')
#1 {main}

Error at 2026-03-28 15:22:13 (transactions.php)
Message: Table 'pos_inventory_system_db.transactions' doesn't exist
Stack trace: #0 C:\Users\Asus\Downloads\Website\api\transactions.php(38): mysqli->query('SELECT t.id, t....')
#1 {main}

Error at 2026-03-28 15:22:14
Message: Table 'pos_inventory_system_db.products' doesn't exist
Stack trace: #0 C:\Users\Asus\Downloads\Website\api\products.php(36): mysqli->query('SELECT p.id, p....')
#1 {main}

Error at 2026-03-28 15:22:14 (transactions.php)
Message: Table 'pos_inventory_system_db.transactions' doesn't exist
Stack trace: #0 C:\Users\Asus\Downloads\Website\api\transactions.php(38): mysqli->query('SELECT t.id, t....')
#1 {main}

Error at 2026-03-28 15:22:14
Message: Table 'pos_inventory_system_db.products' doesn't exist
Stack trace: #0 C:\Users\Asus\Downloads\Website\api\products.php(36): mysqli->query('SELECT p.id, p....')
#1 {main}

Error at 2026-03-28 15:22:15 (transactions.php)
Message: Table 'pos_inventory_system_db.transactions' doesn't exist
Stack trace: #0 C:\Users\Asus\Downloads\Website\api\transactions.php(38): mysqli->query('SELECT t.id, t....')
#1 {main}

Error at 2026-03-28 15:22:15
Message: Table 'pos_inventory_system_db.products' doesn't exist
Stack trace: #0 C:\Users\Asus\Downloads\Website\api\products.php(36): mysqli->query('SELECT p.id, p....')
#1 {main}

Error at 2026-03-28 15:22:15 (transactions.php)
Message: Table 'pos_inventory_system_db.transactions' doesn't exist
Stack trace: #0 C:\Users\Asus\Downloads\Website\api\transactions.php(38): mysqli->query('SELECT t.id, t....')
#1 {main}

Error at 2026-03-28 15:22:15
Message: Table 'pos_inventory_system_db.products' doesn't exist
Stack trace: #0 C:\Users\Asus\Downloads\Website\api\products.php(36): mysqli->query('SELECT p.id, p....')
#1 {main}

Error at 2026-03-28 15:22:15 (transactions.php)
Message: Table 'pos_inventory_system_db.transactions' doesn't exist
Stack trace: #0 C:\Users\Asus\Downloads\Website\api\transactions.php(38): mysqli->query('SELECT t.id, t....')
#1 {main}

Error at 2026-03-28 15:22:16
Message: Table 'pos_inventory_system_db.products' doesn't exist
Stack trace: #0 C:\Users\Asus\Downloads\Website\api\products.php(36): mysqli->query('SELECT p.id, p....')
#1 {main}

Error at 2026-03-28 15:22:16 (transactions.php)
Message: Table 'pos_inventory_system_db.transactions' doesn't exist
Stack trace: #0 C:\Users\Asus\Downloads\Website\api\transactions.php(38): mysqli->query('SELECT t.id, t....')
#1 {main}

Error at 2026-03-28 15:22:16
Message: Table 'pos_inventory_system_db.products' doesn't exist
Stack trace: #0 C:\Users\Asus\Downloads\Website\api\products.php(36): mysqli->query('SELECT p.id, p....')
#1 {main}

Error at 2026-03-28 15:22:16 (transactions.php)
Message: Table 'pos_inventory_system_db.transactions' doesn't exist
Stack trace: #0 C:\Users\Asus\Downloads\Website\api\transactions.php(38): mysqli->query('SELECT t.id, t....')
#1 {main}

Error at 2026-03-28 15:22:17
Message: Table 'pos_inventory_system_db.products' doesn't exist
Stack trace: #0 C:\Users\Asus\Downloads\Website\api\products.php(36): mysqli->query('SELECT p.id, p....')
#1 {main}

Error at 2026-03-28 15:22:17 (transactions.php)
Message: Table 'pos_inventory_system_db.transactions' doesn't exist
Stack trace: #0 C:\Users\Asus\Downloads\Website\api\transactions.php(38): mysqli->query('SELECT t.id, t....')
#1 {main}

Error at 2026-03-28 15:22:17
Message: Table 'pos_inventory_system_db.products' doesn't exist
Stack trace: #0 C:\Users\Asus\Downloads\Website\api\products.php(36): mysqli->query('SELECT p.id, p....')
#1 {main}

Error at 2026-03-28 15:22:18 (transactions.php)
Message: Table 'pos_inventory_system_db.transactions' doesn't exist
Stack trace: #0 C:\Users\Asus\Downloads\Website\api\transactions.php(38): mysqli->query('SELECT t.id, t....')
#1 {main}

Error at 2026-03-28 15:22:18
Message: Table 'pos_inventory_system_db.products' doesn't exist
Stack trace: #0 C:\Users\Asus\Downloads\Website\api\products.php(36): mysqli->query('SELECT p.id, p....')
#1 {main}

Error at 2026-03-28 15:22:18 (transactions.php)
Message: Table 'pos_inventory_system_db.transactions' doesn't exist
Stack trace: #0 C:\Users\Asus\Downloads\Website\api\transactions.php(38): mysqli->query('SELECT t.id, t....')
#1 {main}

Error at 2026-03-28 15:22:18
Message: Table 'pos_inventory_system_db.products' doesn't exist
Stack trace: #0 C:\Users\Asus\Downloads\Website\api\products.php(36): mysqli->query('SELECT p.id, p....')
#1 {main}

Error at 2026-03-28 15:22:19 (transactions.php)
Message: Table 'pos_inventory_system_db.transactions' doesn't exist
Stack trace: #0 C:\Users\Asus\Downloads\Website\api\transactions.php(38): mysqli->query('SELECT t.id, t....')
#1 {main}

Error at 2026-03-28 15:22:19
Message: Table 'pos_inventory_system_db.products' doesn't exist
Stack trace: #0 C:\Users\Asus\Downloads\Website\api\products.php(36): mysqli->query('SELECT p.id, p....')
#1 {main}

Error at 2026-03-28 15:22:19 (transactions.php)
Message: Table 'pos_inventory_system_db.transactions' doesn't exist
Stack trace: #0 C:\Users\Asus\Downloads\Website\api\transactions.php(38): mysqli->query('SELECT t.id, t....')
#1 {main}

Error at 2026-03-28 15:22:20
Message: Table 'pos_inventory_system_db.products' doesn't exist
Stack trace: #0 C:\Users\Asus\Downloads\Website\api\products.php(36): mysqli->query('SELECT p.id, p....')
#1 {main}

Error at 2026-03-28 15:22:21 (transactions.php)
Message: Table 'pos_inventory_system_db.transactions' doesn't exist
Stack trace: #0 C:\Users\Asus\Downloads\Website\api\transactions.php(38): mysqli->query('SELECT t.id, t....')
#1 {main}

Error at 2026-03-28 15:22:21
Message: Table 'pos_inventory_system_db.products' doesn't exist
Stack trace: #0 C:\Users\Asus\Downloads\Website\api\products.php(36): mysqli->query('SELECT p.id, p....')
#1 {main}

Error at 2026-03-28 15:22:21 (transactions.php)
Message: Table 'pos_inventory_system_db.transactions' doesn't exist
Stack trace: #0 C:\Users\Asus\Downloads\Website\api\transactions.php(38): mysqli->query('SELECT t.id, t....')
#1 {main}

Error at 2026-03-28 15:22:22
Message: Table 'pos_inventory_system_db.products' doesn't exist
Stack trace: #0 C:\Users\Asus\Downloads\Website\api\products.php(36): mysqli->query('SELECT p.id, p....')
#1 {main}

Error at 2026-03-28 15:22:22 (transactions.php)
Message: Table 'pos_inventory_system_db.transactions' doesn't exist
Stack trace: #0 C:\Users\Asus\Downloads\Website\api\transactions.php(38): mysqli->query('SELECT t.id, t....')
#1 {main}

Error at 2026-03-28 15:22:23
Message: Table 'pos_inventory_system_db.products' doesn't exist
Stack trace: #0 C:\Users\Asus\Downloads\Website\api\products.php(36): mysqli->query('SELECT p.id, p....')
#1 {main}

Error at 2026-03-28 15:22:23 (transactions.php)
Message: Table 'pos_inventory_system_db.transactions' doesn't exist
Stack trace: #0 C:\Users\Asus\Downloads\Website\api\transactions.php(38): mysqli->query('SELECT t.id, t....')
#1 {main}

Error at 2026-03-28 15:22:24
Message: Table 'pos_inventory_system_db.products' doesn't exist
Stack trace: #0 C:\Users\Asus\Downloads\Website\api\products.php(36): mysqli->query('SELECT p.id, p....')
#1 {main}

Error at 2026-03-28 15:22:24 (transactions.php)
Message: Table 'pos_inventory_system_db.transactions' doesn't exist
Stack trace: #0 C:\Users\Asus\Downloads\Website\api\transactions.php(38): mysqli->query('SELECT t.id, t....')
#1 {main}

Error at 2026-03-28 15:22:25
Message: Table 'pos_inventory_system_db.products' doesn't exist
Stack trace: #0 C:\Users\Asus\Downloads\Website\api\products.php(36): mysqli->query('SELECT p.id, p....')
#1 {main}

Error at 2026-03-28 15:22:26 (transactions.php)
Message: Table 'pos_inventory_system_db.transactions' doesn't exist
Stack trace: #0 C:\Users\Asus\Downloads\Website\api\transactions.php(38): mysqli->query('SELECT t.id, t....')
#1 {main}

Error at 2026-03-28 15:22:26
Message: Table 'pos_inventory_system_db.products' doesn't exist
Stack trace: #0 C:\Users\Asus\Downloads\Website\api\products.php(36): mysqli->query('SELECT p.id, p....')
#1 {main}

Error at 2026-03-28 15:22:26 (transactions.php)
Message: Table 'pos_inventory_system_db.transactions' doesn't exist
Stack trace: #0 C:\Users\Asus\Downloads\Website\api\transactions.php(38): mysqli->query('SELECT t.id, t....')
#1 {main}

Error at 2026-03-28 15:22:27
Message: Table 'pos_inventory_system_db.products' doesn't exist
Stack trace: #0 C:\Users\Asus\Downloads\Website\api\products.php(36): mysqli->query('SELECT p.id, p....')
#1 {main}

Error at 2026-03-28 15:22:28 (transactions.php)
Message: Table 'pos_inventory_system_db.transactions' doesn't exist
Stack trace: #0 C:\Users\Asus\Downloads\Website\api\transactions.php(38): mysqli->query('SELECT t.id, t....')
#1 {main}

Error at 2026-03-28 15:22:28
Message: Table 'pos_inventory_system_db.products' doesn't exist
Stack trace: #0 C:\Users\Asus\Downloads\Website\api\products.php(36): mysqli->query('SELECT p.id, p....')
#1 {main}

Error at 2026-03-28 15:22:28 (transactions.php)
Message: Table 'pos_inventory_system_db.transactions' doesn't exist
Stack trace: #0 C:\Users\Asus\Downloads\Website\api\transactions.php(38): mysqli->query('SELECT t.id, t....')
#1 {main}

Error at 2026-03-28 15:22:29
Message: Table 'pos_inventory_system_db.products' doesn't exist
Stack trace: #0 C:\Users\Asus\Downloads\Website\api\products.php(36): mysqli->query('SELECT p.id, p....')
#1 {main}

Error at 2026-03-28 15:22:30 (transactions.php)
Message: Table 'pos_inventory_system_db.transactions' doesn't exist
Stack trace: #0 C:\Users\Asus\Downloads\Website\api\transactions.php(38): mysqli->query('SELECT t.id, t....')
#1 {main}

Error at 2026-03-28 15:22:31
Message: Table 'pos_inventory_system_db.products' doesn't exist
Stack trace: #0 C:\Users\Asus\Downloads\Website\api\products.php(36): mysqli->query('SELECT p.id, p....')
#1 {main}

Error at 2026-03-28 15:22:31 (transactions.php)
Message: Table 'pos_inventory_system_db.transactions' doesn't exist
Stack trace: #0 C:\Users\Asus\Downloads\Website\api\transactions.php(38): mysqli->query('SELECT t.id, t....')
#1 {main}

Error at 2026-03-28 15:22:31
Message: Table 'pos_inventory_system_db.products' doesn't exist
Stack trace: #0 C:\Users\Asus\Downloads\Website\api\products.php(36): mysqli->query('SELECT p.id, p....')
#1 {main}

Error at 2026-03-28 15:22:31 (transactions.php)
Message: Table 'pos_inventory_system_db.transactions' doesn't exist
Stack trace: #0 C:\Users\Asus\Downloads\Website\api\transactions.php(38): mysqli->query('SELECT t.id, t....')
#1 {main}

Error at 2026-03-28 15:22:33
Message: Table 'pos_inventory_system_db.products' doesn't exist
Stack trace: #0 C:\Users\Asus\Downloads\Website\api\products.php(36): mysqli->query('SELECT p.id, p....')
#1 {main}

Error at 2026-03-28 15:22:33 (transactions.php)
Message: Table 'pos_inventory_system_db.transactions' doesn't exist
Stack trace: #0 C:\Users\Asus\Downloads\Website\api\transactions.php(38): mysqli->query('SELECT t.id, t....')
#1 {main}

Error at 2026-03-28 15:22:33
Message: Table 'pos_inventory_system_db.products' doesn't exist
Stack trace: #0 C:\Users\Asus\Downloads\Website\api\products.php(36): mysqli->query('SELECT p.id, p....')
#1 {main}

Error at 2026-03-28 15:22:33 (transactions.php)
Message: Table 'pos_inventory_system_db.transactions' doesn't exist
Stack trace: #0 C:\Users\Asus\Downloads\Website\api\transactions.php(38): mysqli->query('SELECT t.id, t....')
#1 {main}

Error at 2026-03-28 15:22:34
Message: Table 'pos_inventory_system_db.products' doesn't exist
Stack trace: #0 C:\Users\Asus\Downloads\Website\api\products.php(36): mysqli->query('SELECT p.id, p....')
#1 {main}

Error at 2026-03-28 15:22:34 (transactions.php)
Message: Table 'pos_inventory_system_db.transactions' doesn't exist
Stack trace: #0 C:\Users\Asus\Downloads\Website\api\transactions.php(38): mysqli->query('SELECT t.id, t....')
#1 {main}

Error at 2026-03-28 15:22:35
Message: Table 'pos_inventory_system_db.products' doesn't exist
Stack trace: #0 C:\Users\Asus\Downloads\Website\api\products.php(36): mysqli->query('SELECT p.id, p....')
#1 {main}

Error at 2026-03-28 15:22:36 (transactions.php)
Message: Table 'pos_inventory_system_db.transactions' doesn't exist
Stack trace: #0 C:\Users\Asus\Downloads\Website\api\transactions.php(38): mysqli->query('SELECT t.id, t....')
#1 {main}

Error at 2026-03-28 15:22:37
Message: Table 'pos_inventory_system_db.products' doesn't exist
Stack trace: #0 C:\Users\Asus\Downloads\Website\api\products.php(36): mysqli->query('SELECT p.id, p....')
#1 {main}

Error at 2026-03-28 15:22:37 (transactions.php)
Message: Table 'pos_inventory_system_db.transactions' doesn't exist
Stack trace: #0 C:\Users\Asus\Downloads\Website\api\transactions.php(38): mysqli->query('SELECT t.id, t....')
#1 {main}

Error at 2026-03-28 15:22:37
Message: Table 'pos_inventory_system_db.products' doesn't exist
Stack trace: #0 C:\Users\Asus\Downloads\Website\api\products.php(36): mysqli->query('SELECT p.id, p....')
#1 {main}

Error at 2026-03-28 15:22:37 (transactions.php)
Message: Table 'pos_inventory_system_db.transactions' doesn't exist
Stack trace: #0 C:\Users\Asus\Downloads\Website\api\transactions.php(38): mysqli->query('SELECT t.id, t....')
#1 {main}

Error at 2026-03-28 15:22:39
Message: Table 'pos_inventory_system_db.products' doesn't exist
Stack trace: #0 C:\Users\Asus\Downloads\Website\api\products.php(36): mysqli->query('SELECT p.id, p....')
#1 {main}

Error at 2026-03-28 15:22:39 (transactions.php)
Message: Table 'pos_inventory_system_db.transactions' doesn't exist
Stack trace: #0 C:\Users\Asus\Downloads\Website\api\transactions.php(38): mysqli->query('SELECT t.id, t....')
#1 {main}

Error at 2026-03-28 15:22:39
Message: Table 'pos_inventory_system_db.products' doesn't exist
Stack trace: #0 C:\Users\Asus\Downloads\Website\api\products.php(36): mysqli->query('SELECT p.id, p....')
#1 {main}

Error at 2026-03-28 15:22:39
Message: Table 'pos_inventory_system_db.products' doesn't exist
Stack trace: #0 C:\Users\Asus\Downloads\Website\api\products.php(36): mysqli->query('SELECT p.id, p....')
#1 {main}

Error at 2026-03-28 15:22:39 (transactions.php)
Message: Table 'pos_inventory_system_db.transactions' doesn't exist
Stack trace: #0 C:\Users\Asus\Downloads\Website\api\transactions.php(38): mysqli->query('SELECT t.id, t....')
#1 {main}

Error at 2026-03-28 15:22:39 (transactions.php)
Message: Table 'pos_inventory_system_db.transactions' doesn't exist
Stack trace: #0 C:\Users\Asus\Downloads\Website\api\transactions.php(38): mysqli->query('SELECT t.id, t....')
#1 {main}

Error at 2026-03-28 15:22:39
Message: Table 'pos_inventory_system_db.products' doesn't exist
Stack trace: #0 C:\Users\Asus\Downloads\Website\api\products.php(36): mysqli->query('SELECT p.id, p....')
#1 {main}

Error at 2026-03-28 15:22:40 (transactions.php)
Message: Table 'pos_inventory_system_db.transactions' doesn't exist
Stack trace: #0 C:\Users\Asus\Downloads\Website\api\transactions.php(38): mysqli->query('SELECT t.id, t....')
#1 {main}

Error at 2026-03-28 15:22:41
Message: Table 'pos_inventory_system_db.products' doesn't exist
Stack trace: #0 C:\Users\Asus\Downloads\Website\api\products.php(36): mysqli->query('SELECT p.id, p....')
#1 {main}

Error at 2026-03-28 15:22:41 (transactions.php)
Message: Table 'pos_inventory_system_db.transactions' doesn't exist
Stack trace: #0 C:\Users\Asus\Downloads\Website\api\transactions.php(38): mysqli->query('SELECT t.id, t....')
#1 {main}

Error at 2026-03-28 15:22:41
Message: Table 'pos_inventory_system_db.products' doesn't exist
Stack trace: #0 C:\Users\Asus\Downloads\Website\api\products.php(36): mysqli->query('SELECT p.id, p....')
#1 {main}

Error at 2026-03-28 15:22:41 (transactions.php)
Message: Table 'pos_inventory_system_db.transactions' doesn't exist
Stack trace: #0 C:\Users\Asus\Downloads\Website\api\transactions.php(38): mysqli->query('SELECT t.id, t....')
#1 {main}

Error at 2026-03-28 15:22:42
Message: Table 'pos_inventory_system_db.products' doesn't exist
Stack trace: #0 C:\Users\Asus\Downloads\Website\api\products.php(36): mysqli->query('SELECT p.id, p....')
#1 {main}

Error at 2026-03-28 15:22:42 (transactions.php)
Message: Table 'pos_inventory_system_db.transactions' doesn't exist
Stack trace: #0 C:\Users\Asus\Downloads\Website\api\transactions.php(38): mysqli->query('SELECT t.id, t....')
#1 {main}

Error at 2026-03-28 15:22:43
Message: Table 'pos_inventory_system_db.products' doesn't exist
Stack trace: #0 C:\Users\Asus\Downloads\Website\api\products.php(36): mysqli->query('SELECT p.id, p....')
#1 {main}

Error at 2026-03-28 15:22:43 (transactions.php)
Message: Table 'pos_inventory_system_db.transactions' doesn't exist
Stack trace: #0 C:\Users\Asus\Downloads\Website\api\transactions.php(38): mysqli->query('SELECT t.id, t....')
#1 {main}

Error at 2026-03-28 15:22:44
Message: Table 'pos_inventory_system_db.products' doesn't exist
Stack trace: #0 C:\Users\Asus\Downloads\Website\api\products.php(36): mysqli->query('SELECT p.id, p....')
#1 {main}

Error at 2026-03-28 15:22:44 (transactions.php)
Message: Table 'pos_inventory_system_db.transactions' doesn't exist
Stack trace: #0 C:\Users\Asus\Downloads\Website\api\transactions.php(38): mysqli->query('SELECT t.id, t....')
#1 {main}

Error at 2026-03-28 15:22:45
Message: Table 'pos_inventory_system_db.products' doesn't exist
Stack trace: #0 C:\Users\Asus\Downloads\Website\api\products.php(36): mysqli->query('SELECT p.id, p....')
#1 {main}

Error at 2026-03-28 15:22:45 (transactions.php)
Message: Table 'pos_inventory_system_db.transactions' doesn't exist
Stack trace: #0 C:\Users\Asus\Downloads\Website\api\transactions.php(38): mysqli->query('SELECT t.id, t....')
#1 {main}

Error at 2026-03-28 15:22:47
Message: Table 'pos_inventory_system_db.products' doesn't exist
Stack trace: #0 C:\Users\Asus\Downloads\Website\api\products.php(36): mysqli->query('SELECT p.id, p....')
#1 {main}

Error at 2026-03-28 15:22:47 (transactions.php)
Message: Table 'pos_inventory_system_db.transactions' doesn't exist
Stack trace: #0 C:\Users\Asus\Downloads\Website\api\transactions.php(38): mysqli->query('SELECT t.id, t....')
#1 {main}

Error at 2026-03-28 15:22:47
Message: Table 'pos_inventory_system_db.products' doesn't exist
Stack trace: #0 C:\Users\Asus\Downloads\Website\api\products.php(36): mysqli->query('SELECT p.id, p....')
#1 {main}

Error at 2026-03-28 15:22:48 (transactions.php)
Message: Table 'pos_inventory_system_db.transactions' doesn't exist
Stack trace: #0 C:\Users\Asus\Downloads\Website\api\transactions.php(38): mysqli->query('SELECT t.id, t....')
#1 {main}

Error at 2026-03-28 15:22:48
Message: Table 'pos_inventory_system_db.products' doesn't exist
Stack trace: #0 C:\Users\Asus\Downloads\Website\api\products.php(36): mysqli->query('SELECT p.id, p....')
#1 {main}

Error at 2026-03-28 15:22:49 (transactions.php)
Message: Table 'pos_inventory_system_db.transactions' doesn't exist
Stack trace: #0 C:\Users\Asus\Downloads\Website\api\transactions.php(38): mysqli->query('SELECT t.id, t....')
#1 {main}

Error at 2026-03-28 15:22:49
Message: Table 'pos_inventory_system_db.products' doesn't exist
Stack trace: #0 C:\Users\Asus\Downloads\Website\api\products.php(36): mysqli->query('SELECT p.id, p....')
#1 {main}

Error at 2026-03-28 15:22:49 (transactions.php)
Message: Table 'pos_inventory_system_db.transactions' doesn't exist
Stack trace: #0 C:\Users\Asus\Downloads\Website\api\transactions.php(38): mysqli->query('SELECT t.id, t....')
#1 {main}

Error at 2026-03-28 15:22:50
Message: Table 'pos_inventory_system_db.products' doesn't exist
Stack trace: #0 C:\Users\Asus\Downloads\Website\api\products.php(36): mysqli->query('SELECT p.id, p....')
#1 {main}

Error at 2026-03-28 15:22:51 (transactions.php)
Message: Table 'pos_inventory_system_db.transactions' doesn't exist
Stack trace: #0 C:\Users\Asus\Downloads\Website\api\transactions.php(38): mysqli->query('SELECT t.id, t....')
#1 {main}

Error at 2026-03-28 15:22:51
Message: Table 'pos_inventory_system_db.products' doesn't exist
Stack trace: #0 C:\Users\Asus\Downloads\Website\api\products.php(36): mysqli->query('SELECT p.id, p....')
#1 {main}

Error at 2026-03-28 15:22:51 (transactions.php)
Message: Table 'pos_inventory_system_db.transactions' doesn't exist
Stack trace: #0 C:\Users\Asus\Downloads\Website\api\transactions.php(38): mysqli->query('SELECT t.id, t....')
#1 {main}

Error at 2026-03-28 15:22:52
Message: Table 'pos_inventory_system_db.products' doesn't exist
Stack trace: #0 C:\Users\Asus\Downloads\Website\api\products.php(36): mysqli->query('SELECT p.id, p....')
#1 {main}

Error at 2026-03-28 15:22:53 (transactions.php)
Message: Table 'pos_inventory_system_db.transactions' doesn't exist
Stack trace: #0 C:\Users\Asus\Downloads\Website\api\transactions.php(38): mysqli->query('SELECT t.id, t....')
#1 {main}

Error at 2026-03-28 15:22:53
Message: Table 'pos_inventory_system_db.products' doesn't exist
Stack trace: #0 C:\Users\Asus\Downloads\Website\api\products.php(36): mysqli->query('SELECT p.id, p....')
#1 {main}

Error at 2026-03-28 15:22:53 (transactions.php)
Message: Table 'pos_inventory_system_db.transactions' doesn't exist
Stack trace: #0 C:\Users\Asus\Downloads\Website\api\transactions.php(38): mysqli->query('SELECT t.id, t....')
#1 {main}

Error at 2026-03-28 15:22:55
Message: Table 'pos_inventory_system_db.products' doesn't exist
Stack trace: #0 C:\Users\Asus\Downloads\Website\api\products.php(36): mysqli->query('SELECT p.id, p....')
#1 {main}

Error at 2026-03-28 15:22:55 (transactions.php)
Message: Table 'pos_inventory_system_db.transactions' doesn't exist
Stack trace: #0 C:\Users\Asus\Downloads\Website\api\transactions.php(38): mysqli->query('SELECT t.id, t....')
#1 {main}

Error at 2026-03-28 15:22:55
Message: Table 'pos_inventory_system_db.products' doesn't exist
Stack trace: #0 C:\Users\Asus\Downloads\Website\api\products.php(36): mysqli->query('SELECT p.id, p....')
#1 {main}

Error at 2026-03-28 15:22:55 (transactions.php)
Message: Table 'pos_inventory_system_db.transactions' doesn't exist
Stack trace: #0 C:\Users\Asus\Downloads\Website\api\transactions.php(38): mysqli->query('SELECT t.id, t....')
#1 {main}

Error at 2026-03-28 15:22:56
Message: Table 'pos_inventory_system_db.products' doesn't exist
Stack trace: #0 C:\Users\Asus\Downloads\Website\api\products.php(36): mysqli->query('SELECT p.id, p....')
#1 {main}

Error at 2026-03-28 15:22:56 (transactions.php)
Message: Table 'pos_inventory_system_db.transactions' doesn't exist
Stack trace: #0 C:\Users\Asus\Downloads\Website\api\transactions.php(38): mysqli->query('SELECT t.id, t....')
#1 {main}

Error at 2026-03-28 15:22:57
Message: Table 'pos_inventory_system_db.products' doesn't exist
Stack trace: #0 C:\Users\Asus\Downloads\Website\api\products.php(36): mysqli->query('SELECT p.id, p....')
#1 {main}

Error at 2026-03-28 15:22:58 (transactions.php)
Message: Table 'pos_inventory_system_db.transactions' doesn't exist
Stack trace: #0 C:\Users\Asus\Downloads\Website\api\transactions.php(38): mysqli->query('SELECT t.id, t....')
#1 {main}

Error at 2026-03-28 15:22:59
Message: Table 'pos_inventory_system_db.products' doesn't exist
Stack trace: #0 C:\Users\Asus\Downloads\Website\api\products.php(36): mysqli->query('SELECT p.id, p....')
#1 {main}

Error at 2026-03-28 15:22:59 (transactions.php)
Message: Table 'pos_inventory_system_db.transactions' doesn't exist
Stack trace: #0 C:\Users\Asus\Downloads\Website\api\transactions.php(38): mysqli->query('SELECT t.id, t....')
#1 {main}

Error at 2026-03-28 15:22:59
Message: Table 'pos_inventory_system_db.products' doesn't exist
Stack trace: #0 C:\Users\Asus\Downloads\Website\api\products.php(36): mysqli->query('SELECT p.id, p....')
#1 {main}

Error at 2026-03-28 15:23:00 (transactions.php)
Message: Table 'pos_inventory_system_db.transactions' doesn't exist
Stack trace: #0 C:\Users\Asus\Downloads\Website\api\transactions.php(38): mysqli->query('SELECT t.id, t....')
#1 {main}

Error at 2026-03-28 15:23:00
Message: Table 'pos_inventory_system_db.products' doesn't exist
Stack trace: #0 C:\Users\Asus\Downloads\Website\api\products.php(36): mysqli->query('SELECT p.id, p....')
#1 {main}

Error at 2026-03-28 15:23:00 (transactions.php)
Message: Table 'pos_inventory_system_db.transactions' doesn't exist
Stack trace: #0 C:\Users\Asus\Downloads\Website\api\transactions.php(38): mysqli->query('SELECT t.id, t....')
#1 {main}

Error at 2026-03-28 15:23:01
Message: Table 'pos_inventory_system_db.products' doesn't exist
Stack trace: #0 C:\Users\Asus\Downloads\Website\api\products.php(36): mysqli->query('SELECT p.id, p....')
#1 {main}

Error at 2026-03-28 15:23:01 (transactions.php)
Message: Table 'pos_inventory_system_db.transactions' doesn't exist
Stack trace: #0 C:\Users\Asus\Downloads\Website\api\transactions.php(38): mysqli->query('SELECT t.id, t....')
#1 {main}

Error at 2026-03-28 15:23:02
Message: Table 'pos_inventory_system_db.products' doesn't exist
Stack trace: #0 C:\Users\Asus\Downloads\Website\api\products.php(36): mysqli->query('SELECT p.id, p....')
#1 {main}

Error at 2026-03-28 15:23:02 (transactions.php)
Message: Table 'pos_inventory_system_db.transactions' doesn't exist
Stack trace: #0 C:\Users\Asus\Downloads\Website\api\transactions.php(38): mysqli->query('SELECT t.id, t....')
#1 {main}

Error at 2026-03-28 15:23:03
Message: Table 'pos_inventory_system_db.products' doesn't exist
Stack trace: #0 C:\Users\Asus\Downloads\Website\api\products.php(36): mysqli->query('SELECT p.id, p....')
#1 {main}

Error at 2026-03-28 15:23:03 (transactions.php)
Message: Table 'pos_inventory_system_db.transactions' doesn't exist
Stack trace: #0 C:\Users\Asus\Downloads\Website\api\transactions.php(38): mysqli->query('SELECT t.id, t....')
#1 {main}

Error at 2026-03-28 15:23:04
Message: Table 'pos_inventory_system_db.products' doesn't exist
Stack trace: #0 C:\Users\Asus\Downloads\Website\api\products.php(36): mysqli->query('SELECT p.id, p....')
#1 {main}

Error at 2026-03-28 15:23:04 (transactions.php)
Message: Table 'pos_inventory_system_db.transactions' doesn't exist
Stack trace: #0 C:\Users\Asus\Downloads\Website\api\transactions.php(38): mysqli->query('SELECT t.id, t....')
#1 {main}

Error at 2026-03-28 15:23:05
Message: Table 'pos_inventory_system_db.products' doesn't exist
Stack trace: #0 C:\Users\Asus\Downloads\Website\api\products.php(36): mysqli->query('SELECT p.id, p....')
#1 {main}

Error at 2026-03-28 15:23:05 (transactions.php)
Message: Table 'pos_inventory_system_db.transactions' doesn't exist
Stack trace: #0 C:\Users\Asus\Downloads\Website\api\transactions.php(38): mysqli->query('SELECT t.id, t....')
#1 {main}

Error at 2026-03-28 15:23:06
Message: Table 'pos_inventory_system_db.products' doesn't exist
Stack trace: #0 C:\Users\Asus\Downloads\Website\api\products.php(36): mysqli->query('SELECT p.id, p....')
#1 {main}

Error at 2026-03-28 15:23:06 (transactions.php)
Message: Table 'pos_inventory_system_db.transactions' doesn't exist
Stack trace: #0 C:\Users\Asus\Downloads\Website\api\transactions.php(38): mysqli->query('SELECT t.id, t....')
#1 {main}

Error at 2026-03-28 15:23:07
Message: Table 'pos_inventory_system_db.products' doesn't exist
Stack trace: #0 C:\Users\Asus\Downloads\Website\api\products.php(36): mysqli->query('SELECT p.id, p....')
#1 {main}

Error at 2026-03-28 15:23:07 (transactions.php)
Message: Table 'pos_inventory_system_db.transactions' doesn't exist
Stack trace: #0 C:\Users\Asus\Downloads\Website\api\transactions.php(38): mysqli->query('SELECT t.id, t....')
#1 {main}

Error at 2026-03-28 15:23:09
Message: Table 'pos_inventory_system_db.products' doesn't exist
Stack trace: #0 C:\Users\Asus\Downloads\Website\api\products.php(36): mysqli->query('SELECT p.id, p....')
#1 {main}

Error at 2026-03-28 15:23:09 (transactions.php)
Message: Table 'pos_inventory_system_db.transactions' doesn't exist
Stack trace: #0 C:\Users\Asus\Downloads\Website\api\transactions.php(38): mysqli->query('SELECT t.id, t....')
#1 {main}

Error at 2026-03-28 15:23:09
Message: Table 'pos_inventory_system_db.products' doesn't exist
Stack trace: #0 C:\Users\Asus\Downloads\Website\api\products.php(36): mysqli->query('SELECT p.id, p....')
#1 {main}

Error at 2026-03-28 15:23:09 (transactions.php)
Message: Table 'pos_inventory_system_db.transactions' doesn't exist
Stack trace: #0 C:\Users\Asus\Downloads\Website\api\transactions.php(38): mysqli->query('SELECT t.id, t....')
#1 {main}

Error at 2026-03-28 15:23:10
Message: Table 'pos_inventory_system_db.products' doesn't exist
Stack trace: #0 C:\Users\Asus\Downloads\Website\api\products.php(36): mysqli->query('SELECT p.id, p....')
#1 {main}

Error at 2026-03-28 15:23:10 (transactions.php)
Message: Table 'pos_inventory_system_db.transactions' doesn't exist
Stack trace: #0 C:\Users\Asus\Downloads\Website\api\transactions.php(38): mysqli->query('SELECT t.id, t....')
#1 {main}

Error at 2026-03-28 15:23:11
Message: Table 'pos_inventory_system_db.products' doesn't exist
Stack trace: #0 C:\Users\Asus\Downloads\Website\api\products.php(36): mysqli->query('SELECT p.id, p....')
#1 {main}

Error at 2026-03-28 15:23:11 (transactions.php)
Message: Table 'pos_inventory_system_db.transactions' doesn't exist
Stack trace: #0 C:\Users\Asus\Downloads\Website\api\transactions.php(38): mysqli->query('SELECT t.id, t....')
#1 {main}

Error at 2026-03-28 15:23:13
Message: Table 'pos_inventory_system_db.products' doesn't exist
Stack trace: #0 C:\Users\Asus\Downloads\Website\api\products.php(36): mysqli->query('SELECT p.id, p....')
#1 {main}

Error at 2026-03-28 15:23:13 (transactions.php)
Message: Table 'pos_inventory_system_db.transactions' doesn't exist
Stack trace: #0 C:\Users\Asus\Downloads\Website\api\transactions.php(38): mysqli->query('SELECT t.id, t....')
#1 {main}

Error at 2026-03-28 15:23:13
Message: Table 'pos_inventory_system_db.products' doesn't exist
Stack trace: #0 C:\Users\Asus\Downloads\Website\api\products.php(36): mysqli->query('SELECT p.id, p....')
#1 {main}

Error at 2026-03-28 15:23:13 (transactions.php)
Message: Table 'pos_inventory_system_db.transactions' doesn't exist
Stack trace: #0 C:\Users\Asus\Downloads\Website\api\transactions.php(38): mysqli->query('SELECT t.id, t....')
#1 {main}

Error at 2026-03-28 15:23:14
Message: Table 'pos_inventory_system_db.products' doesn't exist
Stack trace: #0 C:\Users\Asus\Downloads\Website\api\products.php(36): mysqli->query('SELECT p.id, p....')
#1 {main}

Error at 2026-03-28 15:23:15 (transactions.php)
Message: Table 'pos_inventory_system_db.transactions' doesn't exist
Stack trace: #0 C:\Users\Asus\Downloads\Website\api\transactions.php(38): mysqli->query('SELECT t.id, t....')
#1 {main}

Error at 2026-03-28 15:23:15
Message: Table 'pos_inventory_system_db.products' doesn't exist
Stack trace: #0 C:\Users\Asus\Downloads\Website\api\products.php(36): mysqli->query('SELECT p.id, p....')
#1 {main}

Error at 2026-03-28 15:23:15 (transactions.php)
Message: Table 'pos_inventory_system_db.transactions' doesn't exist
Stack trace: #0 C:\Users\Asus\Downloads\Website\api\transactions.php(38): mysqli->query('SELECT t.id, t....')
#1 {main}

Error at 2026-03-28 15:23:17
Message: Table 'pos_inventory_system_db.products' doesn't exist
Stack trace: #0 C:\Users\Asus\Downloads\Website\api\products.php(36): mysqli->query('SELECT p.id, p....')
#1 {main}

Error at 2026-03-28 15:23:17 (transactions.php)
Message: Table 'pos_inventory_system_db.transactions' doesn't exist
Stack trace: #0 C:\Users\Asus\Downloads\Website\api\transactions.php(38): mysqli->query('SELECT t.id, t....')
#1 {main}

Error at 2026-03-28 15:23:17
Message: Table 'pos_inventory_system_db.products' doesn't exist
Stack trace: #0 C:\Users\Asus\Downloads\Website\api\products.php(36): mysqli->query('SELECT p.id, p....')
#1 {main}

Error at 2026-03-28 15:23:17 (transactions.php)
Message: Table 'pos_inventory_system_db.transactions' doesn't exist
Stack trace: #0 C:\Users\Asus\Downloads\Website\api\transactions.php(38): mysqli->query('SELECT t.id, t....')
#1 {main}

Error at 2026-03-28 15:23:18
Message: Table 'pos_inventory_system_db.products' doesn't exist
Stack trace: #0 C:\Users\Asus\Downloads\Website\api\products.php(36): mysqli->query('SELECT p.id, p....')
#1 {main}

Error at 2026-03-28 15:23:18 (transactions.php)
Message: Table 'pos_inventory_system_db.transactions' doesn't exist
Stack trace: #0 C:\Users\Asus\Downloads\Website\api\transactions.php(38): mysqli->query('SELECT t.id, t....')
#1 {main}

Error at 2026-03-28 15:23:19
Message: Table 'pos_inventory_system_db.products' doesn't exist
Stack trace: #0 C:\Users\Asus\Downloads\Website\api\products.php(36): mysqli->query('SELECT p.id, p....')
#1 {main}

Error at 2026-03-28 15:23:19 (transactions.php)
Message: Table 'pos_inventory_system_db.transactions' doesn't exist
Stack trace: #0 C:\Users\Asus\Downloads\Website\api\transactions.php(38): mysqli->query('SELECT t.id, t....')
#1 {main}

Error at 2026-03-28 15:23:21
Message: Table 'pos_inventory_system_db.products' doesn't exist
Stack trace: #0 C:\Users\Asus\Downloads\Website\api\products.php(36): mysqli->query('SELECT p.id, p....')
#1 {main}

Error at 2026-03-28 15:23:21 (transactions.php)
Message: Table 'pos_inventory_system_db.transactions' doesn't exist
Stack trace: #0 C:\Users\Asus\Downloads\Website\api\transactions.php(38): mysqli->query('SELECT t.id, t....')
#1 {main}

Error at 2026-03-28 15:23:21
Message: Table 'pos_inventory_system_db.products' doesn't exist
Stack trace: #0 C:\Users\Asus\Downloads\Website\api\products.php(36): mysqli->query('SELECT p.id, p....')
#1 {main}

Error at 2026-03-28 15:23:21 (transactions.php)
Message: Table 'pos_inventory_system_db.transactions' doesn't exist
Stack trace: #0 C:\Users\Asus\Downloads\Website\api\transactions.php(38): mysqli->query('SELECT t.id, t....')
#1 {main}

Error at 2026-03-28 15:23:22
Message: Table 'pos_inventory_system_db.products' doesn't exist
Stack trace: #0 C:\Users\Asus\Downloads\Website\api\products.php(36): mysqli->query('SELECT p.id, p....')
#1 {main}

Error at 2026-03-28 15:23:22 (transactions.php)
Message: Table 'pos_inventory_system_db.transactions' doesn't exist
Stack trace: #0 C:\Users\Asus\Downloads\Website\api\transactions.php(38): mysqli->query('SELECT t.id, t....')
#1 {main}

Error at 2026-03-28 15:23:23
Message: Table 'pos_inventory_system_db.products' doesn't exist
Stack trace: #0 C:\Users\Asus\Downloads\Website\api\products.php(36): mysqli->query('SELECT p.id, p....')
#1 {main}

Error at 2026-03-28 15:23:23 (transactions.php)
Message: Table 'pos_inventory_system_db.transactions' doesn't exist
Stack trace: #0 C:\Users\Asus\Downloads\Website\api\transactions.php(38): mysqli->query('SELECT t.id, t....')
#1 {main}

Error at 2026-03-28 15:23:24
Message: Table 'pos_inventory_system_db.products' doesn't exist
Stack trace: #0 C:\Users\Asus\Downloads\Website\api\products.php(36): mysqli->query('SELECT p.id, p....')
#1 {main}

Error at 2026-03-28 15:23:24 (transactions.php)
Message: Table 'pos_inventory_system_db.transactions' doesn't exist
Stack trace: #0 C:\Users\Asus\Downloads\Website\api\transactions.php(38): mysqli->query('SELECT t.id, t....')
#1 {main}

Error at 2026-03-28 15:23:25
Message: Table 'pos_inventory_system_db.products' doesn't exist
Stack trace: #0 C:\Users\Asus\Downloads\Website\api\products.php(36): mysqli->query('SELECT p.id, p....')
#1 {main}

Error at 2026-03-28 15:23:26 (transactions.php)
Message: Table 'pos_inventory_system_db.transactions' doesn't exist
Stack trace: #0 C:\Users\Asus\Downloads\Website\api\transactions.php(38): mysqli->query('SELECT t.id, t....')
#1 {main}

Error at 2026-03-28 15:23:26
Message: Table 'pos_inventory_system_db.products' doesn't exist
Stack trace: #0 C:\Users\Asus\Downloads\Website\api\products.php(36): mysqli->query('SELECT p.id, p....')
#1 {main}

Error at 2026-03-28 15:23:26 (transactions.php)
Message: Table 'pos_inventory_system_db.transactions' doesn't exist
Stack trace: #0 C:\Users\Asus\Downloads\Website\api\transactions.php(38): mysqli->query('SELECT t.id, t....')
#1 {main}

Error at 2026-03-28 15:23:27
Message: Table 'pos_inventory_system_db.products' doesn't exist
Stack trace: #0 C:\Users\Asus\Downloads\Website\api\products.php(36): mysqli->query('SELECT p.id, p....')
#1 {main}

Error at 2026-03-28 15:23:27 (transactions.php)
Message: Table 'pos_inventory_system_db.transactions' doesn't exist
Stack trace: #0 C:\Users\Asus\Downloads\Website\api\transactions.php(38): mysqli->query('SELECT t.id, t....')
#1 {main}

Error at 2026-03-28 15:23:28
Message: Table 'pos_inventory_system_db.products' doesn't exist
Stack trace: #0 C:\Users\Asus\Downloads\Website\api\products.php(36): mysqli->query('SELECT p.id, p....')
#1 {main}

Error at 2026-03-28 15:23:29 (transactions.php)
Message: Table 'pos_inventory_system_db.transactions' doesn't exist
Stack trace: #0 C:\Users\Asus\Downloads\Website\api\transactions.php(38): mysqli->query('SELECT t.id, t....')
#1 {main}

Error at 2026-03-28 15:23:29
Message: Table 'pos_inventory_system_db.products' doesn't exist
Stack trace: #0 C:\Users\Asus\Downloads\Website\api\products.php(36): mysqli->query('SELECT p.id, p....')
#1 {main}

Error at 2026-03-28 15:23:30 (transactions.php)
Message: Table 'pos_inventory_system_db.transactions' doesn't exist
Stack trace: #0 C:\Users\Asus\Downloads\Website\api\transactions.php(38): mysqli->query('SELECT t.id, t....')
#1 {main}

Error at 2026-03-28 15:23:30
Message: Table 'pos_inventory_system_db.products' doesn't exist
Stack trace: #0 C:\Users\Asus\Downloads\Website\api\products.php(36): mysqli->query('SELECT p.id, p....')
#1 {main}

Error at 2026-03-28 15:23:31 (transactions.php)
Message: Table 'pos_inventory_system_db.transactions' doesn't exist
Stack trace: #0 C:\Users\Asus\Downloads\Website\api\transactions.php(38): mysqli->query('SELECT t.id, t....')
#1 {main}

Error at 2026-03-28 15:23:31
Message: Table 'pos_inventory_system_db.products' doesn't exist
Stack trace: #0 C:\Users\Asus\Downloads\Website\api\products.php(36): mysqli->query('SELECT p.id, p....')
#1 {main}

Error at 2026-03-28 15:23:31 (transactions.php)
Message: Table 'pos_inventory_system_db.transactions' doesn't exist
Stack trace: #0 C:\Users\Asus\Downloads\Website\api\transactions.php(38): mysqli->query('SELECT t.id, t....')
#1 {main}

Error at 2026-03-28 15:23:32
Message: Table 'pos_inventory_system_db.products' doesn't exist
Stack trace: #0 C:\Users\Asus\Downloads\Website\api\products.php(36): mysqli->query('SELECT p.id, p....')
#1 {main}

Error at 2026-03-28 15:23:33 (transactions.php)
Message: Table 'pos_inventory_system_db.transactions' doesn't exist
Stack trace: #0 C:\Users\Asus\Downloads\Website\api\transactions.php(38): mysqli->query('SELECT t.id, t....')
#1 {main}

Error at 2026-03-28 15:23:33
Message: Table 'pos_inventory_system_db.products' doesn't exist
Stack trace: #0 C:\Users\Asus\Downloads\Website\api\products.php(36): mysqli->query('SELECT p.id, p....')
#1 {main}

Error at 2026-03-28 15:23:33 (transactions.php)
Message: Table 'pos_inventory_system_db.transactions' doesn't exist
Stack trace: #0 C:\Users\Asus\Downloads\Website\api\transactions.php(38): mysqli->query('SELECT t.id, t....')
#1 {main}

Error at 2026-03-28 15:23:34
Message: Table 'pos_inventory_system_db.products' doesn't exist
Stack trace: #0 C:\Users\Asus\Downloads\Website\api\products.php(36): mysqli->query('SELECT p.id, p....')
#1 {main}

Error at 2026-03-28 15:23:34 (transactions.php)
Message: Table 'pos_inventory_system_db.transactions' doesn't exist
Stack trace: #0 C:\Users\Asus\Downloads\Website\api\transactions.php(38): mysqli->query('SELECT t.id, t....')
#1 {main}

Error at 2026-03-28 15:23:35
Message: Table 'pos_inventory_system_db.products' doesn't exist
Stack trace: #0 C:\Users\Asus\Downloads\Website\api\products.php(36): mysqli->query('SELECT p.id, p....')
#1 {main}

Error at 2026-03-28 15:23:35 (transactions.php)
Message: Table 'pos_inventory_system_db.transactions' doesn't exist
Stack trace: #0 C:\Users\Asus\Downloads\Website\api\transactions.php(38): mysqli->query('SELECT t.id, t....')
#1 {main}

Error at 2026-03-28 15:23:37
Message: Table 'pos_inventory_system_db.products' doesn't exist
Stack trace: #0 C:\Users\Asus\Downloads\Website\api\products.php(36): mysqli->query('SELECT p.id, p....')
#1 {main}

Error at 2026-03-28 15:23:37 (transactions.php)
Message: Table 'pos_inventory_system_db.transactions' doesn't exist
Stack trace: #0 C:\Users\Asus\Downloads\Website\api\transactions.php(38): mysqli->query('SELECT t.id, t....')
#1 {main}

Error at 2026-03-28 15:23:37
Message: Table 'pos_inventory_system_db.products' doesn't exist
Stack trace: #0 C:\Users\Asus\Downloads\Website\api\products.php(36): mysqli->query('SELECT p.id, p....')
#1 {main}

Error at 2026-03-28 15:23:38 (transactions.php)
Message: Table 'pos_inventory_system_db.transactions' doesn't exist
Stack trace: #0 C:\Users\Asus\Downloads\Website\api\transactions.php(38): mysqli->query('SELECT t.id, t....')
#1 {main}

Error at 2026-03-28 15:23:38
Message: Table 'pos_inventory_system_db.products' doesn't exist
Stack trace: #0 C:\Users\Asus\Downloads\Website\api\products.php(36): mysqli->query('SELECT p.id, p....')
#1 {main}

Error at 2026-03-28 15:23:38 (transactions.php)
Message: Table 'pos_inventory_system_db.transactions' doesn't exist
Stack trace: #0 C:\Users\Asus\Downloads\Website\api\transactions.php(38): mysqli->query('SELECT t.id, t....')
#1 {main}

Error at 2026-03-28 15:23:39
Message: Table 'pos_inventory_system_db.products' doesn't exist
Stack trace: #0 C:\Users\Asus\Downloads\Website\api\products.php(36): mysqli->query('SELECT p.id, p....')
#1 {main}

Error at 2026-03-28 15:23:39 (transactions.php)
Message: Table 'pos_inventory_system_db.transactions' doesn't exist
Stack trace: #0 C:\Users\Asus\Downloads\Website\api\transactions.php(38): mysqli->query('SELECT t.id, t....')
#1 {main}

Error at 2026-03-28 15:23:39
Message: Table 'pos_inventory_system_db.products' doesn't exist
Stack trace: #0 C:\Users\Asus\Downloads\Website\api\products.php(36): mysqli->query('SELECT p.id, p....')
#1 {main}

Error at 2026-03-28 15:23:39 (transactions.php)
Message: Table 'pos_inventory_system_db.transactions' doesn't exist
Stack trace: #0 C:\Users\Asus\Downloads\Website\api\transactions.php(38): mysqli->query('SELECT t.id, t....')
#1 {main}

Error at 2026-03-28 15:23:39
Message: Table 'pos_inventory_system_db.products' doesn't exist
Stack trace: #0 C:\Users\Asus\Downloads\Website\api\products.php(36): mysqli->query('SELECT p.id, p....')
#1 {main}

Error at 2026-03-28 15:23:39 (transactions.php)
Message: Table 'pos_inventory_system_db.transactions' doesn't exist
Stack trace: #0 C:\Users\Asus\Downloads\Website\api\transactions.php(38): mysqli->query('SELECT t.id, t....')
#1 {main}

Error at 2026-03-28 15:23:41
Message: Table 'pos_inventory_system_db.products' doesn't exist
Stack trace: #0 C:\Users\Asus\Downloads\Website\api\products.php(36): mysqli->query('SELECT p.id, p....')
#1 {main}

Error at 2026-03-28 15:23:41 (transactions.php)
Message: Table 'pos_inventory_system_db.transactions' doesn't exist
Stack trace: #0 C:\Users\Asus\Downloads\Website\api\transactions.php(38): mysqli->query('SELECT t.id, t....')
#1 {main}

Error at 2026-03-28 15:23:41
Message: Table 'pos_inventory_system_db.products' doesn't exist
Stack trace: #0 C:\Users\Asus\Downloads\Website\api\products.php(36): mysqli->query('SELECT p.id, p....')
#1 {main}

Error at 2026-03-28 15:23:42 (transactions.php)
Message: Table 'pos_inventory_system_db.transactions' doesn't exist
Stack trace: #0 C:\Users\Asus\Downloads\Website\api\transactions.php(38): mysqli->query('SELECT t.id, t....')
#1 {main}

Error at 2026-03-28 15:23:43
Message: Table 'pos_inventory_system_db.products' doesn't exist
Stack trace: #0 C:\Users\Asus\Downloads\Website\api\products.php(36): mysqli->query('SELECT p.id, p....')
#1 {main}

Error at 2026-03-28 15:23:43 (transactions.php)
Message: Table 'pos_inventory_system_db.transactions' doesn't exist
Stack trace: #0 C:\Users\Asus\Downloads\Website\api\transactions.php(38): mysqli->query('SELECT t.id, t....')
#1 {main}

Error at 2026-03-28 15:23:43
Message: Table 'pos_inventory_system_db.products' doesn't exist
Stack trace: #0 C:\Users\Asus\Downloads\Website\api\products.php(36): mysqli->query('SELECT p.id, p....')
#1 {main}

Error at 2026-03-28 15:23:44 (transactions.php)
Message: Table 'pos_inventory_system_db.transactions' doesn't exist
Stack trace: #0 C:\Users\Asus\Downloads\Website\api\transactions.php(38): mysqli->query('SELECT t.id, t....')
#1 {main}

Error at 2026-03-28 15:23:44
Message: Table 'pos_inventory_system_db.products' doesn't exist
Stack trace: #0 C:\Users\Asus\Downloads\Website\api\products.php(36): mysqli->query('SELECT p.id, p....')
#1 {main}

Error at 2026-03-28 15:23:44 (transactions.php)
Message: Table 'pos_inventory_system_db.transactions' doesn't exist
Stack trace: #0 C:\Users\Asus\Downloads\Website\api\transactions.php(38): mysqli->query('SELECT t.id, t....')
#1 {main}

Error at 2026-03-28 15:23:45
Message: Table 'pos_inventory_system_db.products' doesn't exist
Stack trace: #0 C:\Users\Asus\Downloads\Website\api\products.php(36): mysqli->query('SELECT p.id, p....')
#1 {main}

Error at 2026-03-28 15:23:45 (transactions.php)
Message: Table 'pos_inventory_system_db.transactions' doesn't exist
Stack trace: #0 C:\Users\Asus\Downloads\Website\api\transactions.php(38): mysqli->query('SELECT t.id, t....')
#1 {main}

Error at 2026-03-28 15:23:46
Message: Table 'pos_inventory_system_db.products' doesn't exist
Stack trace: #0 C:\Users\Asus\Downloads\Website\api\products.php(36): mysqli->query('SELECT p.id, p....')
#1 {main}

Error at 2026-03-28 15:23:46 (transactions.php)
Message: Table 'pos_inventory_system_db.transactions' doesn't exist
Stack trace: #0 C:\Users\Asus\Downloads\Website\api\transactions.php(38): mysqli->query('SELECT t.id, t....')
#1 {main}

Error at 2026-03-28 15:23:47
Message: Table 'pos_inventory_system_db.products' doesn't exist
Stack trace: #0 C:\Users\Asus\Downloads\Website\api\products.php(36): mysqli->query('SELECT p.id, p....')
#1 {main}

Error at 2026-03-28 15:23:48 (transactions.php)
Message: Table 'pos_inventory_system_db.transactions' doesn't exist
Stack trace: #0 C:\Users\Asus\Downloads\Website\api\transactions.php(38): mysqli->query('SELECT t.id, t....')
#1 {main}

Error at 2026-03-28 15:23:48
Message: Table 'pos_inventory_system_db.products' doesn't exist
Stack trace: #0 C:\Users\Asus\Downloads\Website\api\products.php(36): mysqli->query('SELECT p.id, p....')
#1 {main}

Error at 2026-03-28 15:23:48 (transactions.php)
Message: Table 'pos_inventory_system_db.transactions' doesn't exist
Stack trace: #0 C:\Users\Asus\Downloads\Website\api\transactions.php(38): mysqli->query('SELECT t.id, t....')
#1 {main}

Error at 2026-03-28 15:23:49
Message: Table 'pos_inventory_system_db.products' doesn't exist
Stack trace: #0 C:\Users\Asus\Downloads\Website\api\products.php(36): mysqli->query('SELECT p.id, p....')
#1 {main}

Error at 2026-03-28 15:23:49 (transactions.php)
Message: Table 'pos_inventory_system_db.transactions' doesn't exist
Stack trace: #0 C:\Users\Asus\Downloads\Website\api\transactions.php(38): mysqli->query('SELECT t.id, t....')
#1 {main}

Error at 2026-03-28 15:23:50
Message: Table 'pos_inventory_system_db.products' doesn't exist
Stack trace: #0 C:\Users\Asus\Downloads\Website\api\products.php(36): mysqli->query('SELECT p.id, p....')
#1 {main}

Error at 2026-03-28 15:23:51 (transactions.php)
Message: Table 'pos_inventory_system_db.transactions' doesn't exist
Stack trace: #0 C:\Users\Asus\Downloads\Website\api\transactions.php(38): mysqli->query('SELECT t.id, t....')
#1 {main}

Error at 2026-03-28 15:23:51
Message: Table 'pos_inventory_system_db.products' doesn't exist
Stack trace: #0 C:\Users\Asus\Downloads\Website\api\products.php(36): mysqli->query('SELECT p.id, p....')
#1 {main}

Error at 2026-03-28 15:23:51 (transactions.php)
Message: Table 'pos_inventory_system_db.transactions' doesn't exist
Stack trace: #0 C:\Users\Asus\Downloads\Website\api\transactions.php(38): mysqli->query('SELECT t.id, t....')
#1 {main}

Error at 2026-03-28 15:23:53
Message: Table 'pos_inventory_system_db.products' doesn't exist
Stack trace: #0 C:\Users\Asus\Downloads\Website\api\products.php(36): mysqli->query('SELECT p.id, p....')
#1 {main}

Error at 2026-03-28 15:23:53 (transactions.php)
Message: Table 'pos_inventory_system_db.transactions' doesn't exist
Stack trace: #0 C:\Users\Asus\Downloads\Website\api\transactions.php(38): mysqli->query('SELECT t.id, t....')
#1 {main}

Error at 2026-03-28 15:23:53
Message: Table 'pos_inventory_system_db.products' doesn't exist
Stack trace: #0 C:\Users\Asus\Downloads\Website\api\products.php(36): mysqli->query('SELECT p.id, p....')
#1 {main}

Error at 2026-03-28 15:23:53 (transactions.php)
Message: Table 'pos_inventory_system_db.transactions' doesn't exist
Stack trace: #0 C:\Users\Asus\Downloads\Website\api\transactions.php(38): mysqli->query('SELECT t.id, t....')
#1 {main}

Error at 2026-03-28 15:23:55
Message: Table 'pos_inventory_system_db.products' doesn't exist
Stack trace: #0 C:\Users\Asus\Downloads\Website\api\products.php(36): mysqli->query('SELECT p.id, p....')
#1 {main}

Error at 2026-03-28 15:23:55 (transactions.php)
Message: Table 'pos_inventory_system_db.transactions' doesn't exist
Stack trace: #0 C:\Users\Asus\Downloads\Website\api\transactions.php(38): mysqli->query('SELECT t.id, t....')
#1 {main}

Error at 2026-03-28 15:23:55
Message: Table 'pos_inventory_system_db.products' doesn't exist
Stack trace: #0 C:\Users\Asus\Downloads\Website\api\products.php(36): mysqli->query('SELECT p.id, p....')
#1 {main}

Error at 2026-03-28 15:23:55 (transactions.php)
Message: Table 'pos_inventory_system_db.transactions' doesn't exist
Stack trace: #0 C:\Users\Asus\Downloads\Website\api\transactions.php(38): mysqli->query('SELECT t.id, t....')
#1 {main}

Error at 2026-03-28 15:23:56
Message: Table 'pos_inventory_system_db.products' doesn't exist
Stack trace: #0 C:\Users\Asus\Downloads\Website\api\products.php(36): mysqli->query('SELECT p.id, p....')
#1 {main}

Error at 2026-03-28 15:23:56 (transactions.php)
Message: Table 'pos_inventory_system_db.transactions' doesn't exist
Stack trace: #0 C:\Users\Asus\Downloads\Website\api\transactions.php(38): mysqli->query('SELECT t.id, t....')
#1 {main}

Error at 2026-03-28 15:23:57
Message: Table 'pos_inventory_system_db.products' doesn't exist
Stack trace: #0 C:\Users\Asus\Downloads\Website\api\products.php(36): mysqli->query('SELECT p.id, p....')
#1 {main}

Error at 2026-03-28 15:23:57 (transactions.php)
Message: Table 'pos_inventory_system_db.transactions' doesn't exist
Stack trace: #0 C:\Users\Asus\Downloads\Website\api\transactions.php(38): mysqli->query('SELECT t.id, t....')
#1 {main}

Error at 2026-03-28 15:23:59
Message: Table 'pos_inventory_system_db.products' doesn't exist
Stack trace: #0 C:\Users\Asus\Downloads\Website\api\products.php(36): mysqli->query('SELECT p.id, p....')
#1 {main}

Error at 2026-03-28 15:23:59 (transactions.php)
Message: Table 'pos_inventory_system_db.transactions' doesn't exist
Stack trace: #0 C:\Users\Asus\Downloads\Website\api\transactions.php(38): mysqli->query('SELECT t.id, t....')
#1 {main}

Error at 2026-03-28 15:23:59
Message: Table 'pos_inventory_system_db.products' doesn't exist
Stack trace: #0 C:\Users\Asus\Downloads\Website\api\products.php(36): mysqli->query('SELECT p.id, p....')
#1 {main}

Error at 2026-03-28 15:24:00 (transactions.php)
Message: Table 'pos_inventory_system_db.transactions' doesn't exist
Stack trace: #0 C:\Users\Asus\Downloads\Website\api\transactions.php(38): mysqli->query('SELECT t.id, t....')
#1 {main}

Error at 2026-03-28 15:24:00
Message: Table 'pos_inventory_system_db.products' doesn't exist
Stack trace: #0 C:\Users\Asus\Downloads\Website\api\products.php(36): mysqli->query('SELECT p.id, p....')
#1 {main}

Error at 2026-03-28 15:24:00 (transactions.php)
Message: Table 'pos_inventory_system_db.transactions' doesn't exist
Stack trace: #0 C:\Users\Asus\Downloads\Website\api\transactions.php(38): mysqli->query('SELECT t.id, t....')
#1 {main}

Error at 2026-03-28 15:24:01
Message: Table 'pos_inventory_system_db.products' doesn't exist
Stack trace: #0 C:\Users\Asus\Downloads\Website\api\products.php(36): mysqli->query('SELECT p.id, p....')
#1 {main}

Error at 2026-03-28 15:24:01 (transactions.php)
Message: Table 'pos_inventory_system_db.transactions' doesn't exist
Stack trace: #0 C:\Users\Asus\Downloads\Website\api\transactions.php(38): mysqli->query('SELECT t.id, t....')
#1 {main}

Error at 2026-03-28 15:24:02
Message: Table 'pos_inventory_system_db.products' doesn't exist
Stack trace: #0 C:\Users\Asus\Downloads\Website\api\products.php(36): mysqli->query('SELECT p.id, p....')
#1 {main}

Error at 2026-03-28 15:24:03 (transactions.php)
Message: Table 'pos_inventory_system_db.transactions' doesn't exist
Stack trace: #0 C:\Users\Asus\Downloads\Website\api\transactions.php(38): mysqli->query('SELECT t.id, t....')
#1 {main}

Error at 2026-03-28 15:24:03
Message: Table 'pos_inventory_system_db.products' doesn't exist
Stack trace: #0 C:\Users\Asus\Downloads\Website\api\products.php(36): mysqli->query('SELECT p.id, p....')
#1 {main}

Error at 2026-03-28 15:24:03
Message: Table 'pos_inventory_system_db.products' doesn't exist
Stack trace: #0 C:\Users\Asus\Downloads\Website\api\products.php(36): mysqli->query('SELECT p.id, p....')
#1 {main}

Error at 2026-03-28 15:24:03 (transactions.php)
Message: Table 'pos_inventory_system_db.transactions' doesn't exist
Stack trace: #0 C:\Users\Asus\Downloads\Website\api\transactions.php(38): mysqli->query('SELECT t.id, t....')
#1 {main}

Error at 2026-03-28 15:24:03 (transactions.php)
Message: Table 'pos_inventory_system_db.transactions' doesn't exist
Stack trace: #0 C:\Users\Asus\Downloads\Website\api\transactions.php(38): mysqli->query('SELECT t.id, t....')
#1 {main}

Error at 2026-03-28 15:24:04
Message: Table 'pos_inventory_system_db.products' doesn't exist
Stack trace: #0 C:\Users\Asus\Downloads\Website\api\products.php(36): mysqli->query('SELECT p.id, p....')
#1 {main}

Error at 2026-03-28 15:24:04 (transactions.php)
Message: Table 'pos_inventory_system_db.transactions' doesn't exist
Stack trace: #0 C:\Users\Asus\Downloads\Website\api\transactions.php(38): mysqli->query('SELECT t.id, t....')
#1 {main}

Error at 2026-03-28 15:24:04
Message: Table 'pos_inventory_system_db.products' doesn't exist
Stack trace: #0 C:\Users\Asus\Downloads\Website\api\products.php(36): mysqli->query('SELECT p.id, p....')
#1 {main}

Error at 2026-03-28 15:24:04 (transactions.php)
Message: Table 'pos_inventory_system_db.transactions' doesn't exist
Stack trace: #0 C:\Users\Asus\Downloads\Website\api\transactions.php(38): mysqli->query('SELECT t.id, t....')
#1 {main}

Error at 2026-03-28 15:24:05
Message: Table 'pos_inventory_system_db.products' doesn't exist
Stack trace: #0 C:\Users\Asus\Downloads\Website\api\products.php(36): mysqli->query('SELECT p.id, p....')
#1 {main}

Error at 2026-03-28 15:24:05 (transactions.php)
Message: Table 'pos_inventory_system_db.transactions' doesn't exist
Stack trace: #0 C:\Users\Asus\Downloads\Website\api\transactions.php(38): mysqli->query('SELECT t.id, t....')
#1 {main}

Error at 2026-03-28 15:24:05
Message: Table 'pos_inventory_system_db.products' doesn't exist
Stack trace: #0 C:\Users\Asus\Downloads\Website\api\products.php(36): mysqli->query('SELECT p.id, p....')
#1 {main}

Error at 2026-03-28 15:24:05 (transactions.php)
Message: Table 'pos_inventory_system_db.transactions' doesn't exist
Stack trace: #0 C:\Users\Asus\Downloads\Website\api\transactions.php(38): mysqli->query('SELECT t.id, t....')
#1 {main}

Error at 2026-03-28 15:24:06
Message: Table 'pos_inventory_system_db.products' doesn't exist
Stack trace: #0 C:\Users\Asus\Downloads\Website\api\products.php(36): mysqli->query('SELECT p.id, p....')
#1 {main}

Error at 2026-03-28 15:24:06 (transactions.php)
Message: Table 'pos_inventory_system_db.transactions' doesn't exist
Stack trace: #0 C:\Users\Asus\Downloads\Website\api\transactions.php(38): mysqli->query('SELECT t.id, t....')
#1 {main}

Error at 2026-03-28 15:24:06
Message: Table 'pos_inventory_system_db.products' doesn't exist
Stack trace: #0 C:\Users\Asus\Downloads\Website\api\products.php(36): mysqli->query('SELECT p.id, p....')
#1 {main}

Error at 2026-03-28 15:24:06 (transactions.php)
Message: Table 'pos_inventory_system_db.transactions' doesn't exist
Stack trace: #0 C:\Users\Asus\Downloads\Website\api\transactions.php(38): mysqli->query('SELECT t.id, t....')
#1 {main}

Error at 2026-03-28 15:24:07
Message: Table 'pos_inventory_system_db.products' doesn't exist
Stack trace: #0 C:\Users\Asus\Downloads\Website\api\products.php(36): mysqli->query('SELECT p.id, p....')
#1 {main}

Error at 2026-03-28 15:24:07 (transactions.php)
Message: Table 'pos_inventory_system_db.transactions' doesn't exist
Stack trace: #0 C:\Users\Asus\Downloads\Website\api\transactions.php(38): mysqli->query('SELECT t.id, t....')
#1 {main}

Error at 2026-03-28 15:24:07
Message: Table 'pos_inventory_system_db.products' doesn't exist
Stack trace: #0 C:\Users\Asus\Downloads\Website\api\products.php(36): mysqli->query('SELECT p.id, p....')
#1 {main}

Error at 2026-03-28 15:24:07 (transactions.php)
Message: Table 'pos_inventory_system_db.transactions' doesn't exist
Stack trace: #0 C:\Users\Asus\Downloads\Website\api\transactions.php(38): mysqli->query('SELECT t.id, t....')
#1 {main}

Error at 2026-03-28 15:24:08
Message: Table 'pos_inventory_system_db.products' doesn't exist
Stack trace: #0 C:\Users\Asus\Downloads\Website\api\products.php(36): mysqli->query('SELECT p.id, p....')
#1 {main}

Error at 2026-03-28 15:24:08 (transactions.php)
Message: Table 'pos_inventory_system_db.transactions' doesn't exist
Stack trace: #0 C:\Users\Asus\Downloads\Website\api\transactions.php(38): mysqli->query('SELECT t.id, t....')
#1 {main}

Error at 2026-03-28 15:24:08
Message: Table 'pos_inventory_system_db.products' doesn't exist
Stack trace: #0 C:\Users\Asus\Downloads\Website\api\products.php(36): mysqli->query('SELECT p.id, p....')
#1 {main}

Error at 2026-03-28 15:24:08 (transactions.php)
Message: Table 'pos_inventory_system_db.transactions' doesn't exist
Stack trace: #0 C:\Users\Asus\Downloads\Website\api\transactions.php(38): mysqli->query('SELECT t.id, t....')
#1 {main}

Error at 2026-03-28 15:24:09
Message: Table 'pos_inventory_system_db.products' doesn't exist
Stack trace: #0 C:\Users\Asus\Downloads\Website\api\products.php(36): mysqli->query('SELECT p.id, p....')
#1 {main}

Error at 2026-03-28 15:24:09 (transactions.php)
Message: Table 'pos_inventory_system_db.transactions' doesn't exist
Stack trace: #0 C:\Users\Asus\Downloads\Website\api\transactions.php(38): mysqli->query('SELECT t.id, t....')
#1 {main}

Error at 2026-03-28 15:24:09
Message: Table 'pos_inventory_system_db.products' doesn't exist
Stack trace: #0 C:\Users\Asus\Downloads\Website\api\products.php(36): mysqli->query('SELECT p.id, p....')
#1 {main}

Error at 2026-03-28 15:24:09 (transactions.php)
Message: Table 'pos_inventory_system_db.transactions' doesn't exist
Stack trace: #0 C:\Users\Asus\Downloads\Website\api\transactions.php(38): mysqli->query('SELECT t.id, t....')
#1 {main}

Error at 2026-03-28 15:24:10
Message: Table 'pos_inventory_system_db.products' doesn't exist
Stack trace: #0 C:\Users\Asus\Downloads\Website\api\products.php(36): mysqli->query('SELECT p.id, p....')
#1 {main}

Error at 2026-03-28 15:24:10 (transactions.php)
Message: Table 'pos_inventory_system_db.transactions' doesn't exist
Stack trace: #0 C:\Users\Asus\Downloads\Website\api\transactions.php(38): mysqli->query('SELECT t.id, t....')
#1 {main}

Error at 2026-03-28 15:24:10
Message: Table 'pos_inventory_system_db.products' doesn't exist
Stack trace: #0 C:\Users\Asus\Downloads\Website\api\products.php(36): mysqli->query('SELECT p.id, p....')
#1 {main}

Error at 2026-03-28 15:24:11 (transactions.php)
Message: Table 'pos_inventory_system_db.transactions' doesn't exist
Stack trace: #0 C:\Users\Asus\Downloads\Website\api\transactions.php(38): mysqli->query('SELECT t.id, t....')
#1 {main}

Error at 2026-03-28 15:24:11
Message: Table 'pos_inventory_system_db.products' doesn't exist
Stack trace: #0 C:\Users\Asus\Downloads\Website\api\products.php(36): mysqli->query('SELECT p.id, p....')
#1 {main}

Error at 2026-03-28 15:24:11 (transactions.php)
Message: Table 'pos_inventory_system_db.transactions' doesn't exist
Stack trace: #0 C:\Users\Asus\Downloads\Website\api\transactions.php(38): mysqli->query('SELECT t.id, t....')
#1 {main}

Error at 2026-03-28 15:24:11
Message: Table 'pos_inventory_system_db.products' doesn't exist
Stack trace: #0 C:\Users\Asus\Downloads\Website\api\products.php(36): mysqli->query('SELECT p.id, p....')
#1 {main}

Error at 2026-03-28 15:24:12 (transactions.php)
Message: Table 'pos_inventory_system_db.transactions' doesn't exist
Stack trace: #0 C:\Users\Asus\Downloads\Website\api\transactions.php(38): mysqli->query('SELECT t.id, t....')
#1 {main}

Error at 2026-03-28 15:24:12
Message: Table 'pos_inventory_system_db.products' doesn't exist
Stack trace: #0 C:\Users\Asus\Downloads\Website\api\products.php(36): mysqli->query('SELECT p.id, p....')
#1 {main}

Error at 2026-03-28 15:24:12 (transactions.php)
Message: Table 'pos_inventory_system_db.transactions' doesn't exist
Stack trace: #0 C:\Users\Asus\Downloads\Website\api\transactions.php(38): mysqli->query('SELECT t.id, t....')
#1 {main}

Error at 2026-03-28 15:24:13
Message: Table 'pos_inventory_system_db.products' doesn't exist
Stack trace: #0 C:\Users\Asus\Downloads\Website\api\products.php(36): mysqli->query('SELECT p.id, p....')
#1 {main}

Error at 2026-03-28 15:24:13 (transactions.php)
Message: Table 'pos_inventory_system_db.transactions' doesn't exist
Stack trace: #0 C:\Users\Asus\Downloads\Website\api\transactions.php(38): mysqli->query('SELECT t.id, t....')
#1 {main}

Error at 2026-03-28 15:24:13
Message: Table 'pos_inventory_system_db.products' doesn't exist
Stack trace: #0 C:\Users\Asus\Downloads\Website\api\products.php(36): mysqli->query('SELECT p.id, p....')
#1 {main}

Error at 2026-03-28 15:24:13 (transactions.php)
Message: Table 'pos_inventory_system_db.transactions' doesn't exist
Stack trace: #0 C:\Users\Asus\Downloads\Website\api\transactions.php(38): mysqli->query('SELECT t.id, t....')
#1 {main}

Error at 2026-03-28 15:24:13
Message: Table 'pos_inventory_system_db.products' doesn't exist
Stack trace: #0 C:\Users\Asus\Downloads\Website\api\products.php(36): mysqli->query('SELECT p.id, p....')
#1 {main}

Error at 2026-03-28 15:24:13 (transactions.php)
Message: Table 'pos_inventory_system_db.transactions' doesn't exist
Stack trace: #0 C:\Users\Asus\Downloads\Website\api\transactions.php(38): mysqli->query('SELECT t.id, t....')
#1 {main}

Error at 2026-03-28 15:24:14
Message: Table 'pos_inventory_system_db.products' doesn't exist
Stack trace: #0 C:\Users\Asus\Downloads\Website\api\products.php(36): mysqli->query('SELECT p.id, p....')
#1 {main}

Error at 2026-03-28 15:24:14 (transactions.php)
Message: Table 'pos_inventory_system_db.transactions' doesn't exist
Stack trace: #0 C:\Users\Asus\Downloads\Website\api\transactions.php(38): mysqli->query('SELECT t.id, t....')
#1 {main}

Error at 2026-03-28 15:24:15
Message: Table 'pos_inventory_system_db.products' doesn't exist
Stack trace: #0 C:\Users\Asus\Downloads\Website\api\products.php(36): mysqli->query('SELECT p.id, p....')
#1 {main}

Error at 2026-03-28 15:24:15 (transactions.php)
Message: Table 'pos_inventory_system_db.transactions' doesn't exist
Stack trace: #0 C:\Users\Asus\Downloads\Website\api\transactions.php(38): mysqli->query('SELECT t.id, t....')
#1 {main}

Error at 2026-03-28 15:24:15
Message: Table 'pos_inventory_system_db.products' doesn't exist
Stack trace: #0 C:\Users\Asus\Downloads\Website\api\products.php(36): mysqli->query('SELECT p.id, p....')
#1 {main}

Error at 2026-03-28 15:24:15 (transactions.php)
Message: Table 'pos_inventory_system_db.transactions' doesn't exist
Stack trace: #0 C:\Users\Asus\Downloads\Website\api\transactions.php(38): mysqli->query('SELECT t.id, t....')
#1 {main}

Error at 2026-03-28 15:24:15
Message: Table 'pos_inventory_system_db.products' doesn't exist
Stack trace: #0 C:\Users\Asus\Downloads\Website\api\products.php(36): mysqli->query('SELECT p.id, p....')
#1 {main}

Error at 2026-03-28 15:24:16 (transactions.php)
Message: Table 'pos_inventory_system_db.transactions' doesn't exist
Stack trace: #0 C:\Users\Asus\Downloads\Website\api\transactions.php(38): mysqli->query('SELECT t.id, t....')
#1 {main}

Error at 2026-03-28 15:24:16
Message: Table 'pos_inventory_system_db.products' doesn't exist
Stack trace: #0 C:\Users\Asus\Downloads\Website\api\products.php(36): mysqli->query('SELECT p.id, p....')
#1 {main}

Error at 2026-03-28 15:24:16 (transactions.php)
Message: Table 'pos_inventory_system_db.transactions' doesn't exist
Stack trace: #0 C:\Users\Asus\Downloads\Website\api\transactions.php(38): mysqli->query('SELECT t.id, t....')
#1 {main}

Error at 2026-03-28 15:24:17
Message: Table 'pos_inventory_system_db.products' doesn't exist
Stack trace: #0 C:\Users\Asus\Downloads\Website\api\products.php(36): mysqli->query('SELECT p.id, p....')
#1 {main}

Error at 2026-03-28 15:24:17 (transactions.php)
Message: Table 'pos_inventory_system_db.transactions' doesn't exist
Stack trace: #0 C:\Users\Asus\Downloads\Website\api\transactions.php(38): mysqli->query('SELECT t.id, t....')
#1 {main}

Error at 2026-03-28 15:24:17
Message: Table 'pos_inventory_system_db.products' doesn't exist
Stack trace: #0 C:\Users\Asus\Downloads\Website\api\products.php(36): mysqli->query('SELECT p.id, p....')
#1 {main}

Error at 2026-03-28 15:24:17 (transactions.php)
Message: Table 'pos_inventory_system_db.transactions' doesn't exist
Stack trace: #0 C:\Users\Asus\Downloads\Website\api\transactions.php(38): mysqli->query('SELECT t.id, t....')
#1 {main}

Error at 2026-03-28 15:24:17
Message: Table 'pos_inventory_system_db.products' doesn't exist
Stack trace: #0 C:\Users\Asus\Downloads\Website\api\products.php(36): mysqli->query('SELECT p.id, p....')
#1 {main}

Error at 2026-03-28 15:24:18 (transactions.php)
Message: Table 'pos_inventory_system_db.transactions' doesn't exist
Stack trace: #0 C:\Users\Asus\Downloads\Website\api\transactions.php(38): mysqli->query('SELECT t.id, t....')
#1 {main}

Error at 2026-03-28 15:24:18
Message: Table 'pos_inventory_system_db.products' doesn't exist
Stack trace: #0 C:\Users\Asus\Downloads\Website\api\products.php(36): mysqli->query('SELECT p.id, p....')
#1 {main}

Error at 2026-03-28 15:24:18 (transactions.php)
Message: Table 'pos_inventory_system_db.transactions' doesn't exist
Stack trace: #0 C:\Users\Asus\Downloads\Website\api\transactions.php(38): mysqli->query('SELECT t.id, t....')
#1 {main}

Error at 2026-03-28 15:24:19
Message: Table 'pos_inventory_system_db.products' doesn't exist
Stack trace: #0 C:\Users\Asus\Downloads\Website\api\products.php(36): mysqli->query('SELECT p.id, p....')
#1 {main}

Error at 2026-03-28 15:24:19 (transactions.php)
Message: Table 'pos_inventory_system_db.transactions' doesn't exist
Stack trace: #0 C:\Users\Asus\Downloads\Website\api\transactions.php(38): mysqli->query('SELECT t.id, t....')
#1 {main}

Error at 2026-03-28 15:24:19
Message: Table 'pos_inventory_system_db.products' doesn't exist
Stack trace: #0 C:\Users\Asus\Downloads\Website\api\products.php(36): mysqli->query('SELECT p.id, p....')
#1 {main}

Error at 2026-03-28 15:24:19 (transactions.php)
Message: Table 'pos_inventory_system_db.transactions' doesn't exist
Stack trace: #0 C:\Users\Asus\Downloads\Website\api\transactions.php(38): mysqli->query('SELECT t.id, t....')
#1 {main}

Error at 2026-03-28 15:24:19
Message: Table 'pos_inventory_system_db.products' doesn't exist
Stack trace: #0 C:\Users\Asus\Downloads\Website\api\products.php(36): mysqli->query('SELECT p.id, p....')
#1 {main}

Error at 2026-03-28 15:24:19 (transactions.php)
Message: Table 'pos_inventory_system_db.transactions' doesn't exist
Stack trace: #0 C:\Users\Asus\Downloads\Website\api\transactions.php(38): mysqli->query('SELECT t.id, t....')
#1 {main}

Error at 2026-03-28 15:24:20
Message: Table 'pos_inventory_system_db.products' doesn't exist
Stack trace: #0 C:\Users\Asus\Downloads\Website\api\products.php(36): mysqli->query('SELECT p.id, p....')
#1 {main}

Error at 2026-03-28 15:24:20 (transactions.php)
Message: Table 'pos_inventory_system_db.transactions' doesn't exist
Stack trace: #0 C:\Users\Asus\Downloads\Website\api\transactions.php(38): mysqli->query('SELECT t.id, t....')
#1 {main}

Error at 2026-03-28 15:24:20
Message: Table 'pos_inventory_system_db.products' doesn't exist
Stack trace: #0 C:\Users\Asus\Downloads\Website\api\products.php(36): mysqli->query('SELECT p.id, p....')
#1 {main}

Error at 2026-03-28 15:24:20 (transactions.php)
Message: Table 'pos_inventory_system_db.transactions' doesn't exist
Stack trace: #0 C:\Users\Asus\Downloads\Website\api\transactions.php(38): mysqli->query('SELECT t.id, t....')
#1 {main}

Error at 2026-03-28 15:24:21
Message: Table 'pos_inventory_system_db.products' doesn't exist
Stack trace: #0 C:\Users\Asus\Downloads\Website\api\products.php(36): mysqli->query('SELECT p.id, p....')
#1 {main}

Error at 2026-03-28 15:24:21 (transactions.php)
Message: Table 'pos_inventory_system_db.transactions' doesn't exist
Stack trace: #0 C:\Users\Asus\Downloads\Website\api\transactions.php(38): mysqli->query('SELECT t.id, t....')
#1 {main}

Error at 2026-03-28 15:24:21
Message: Table 'pos_inventory_system_db.products' doesn't exist
Stack trace: #0 C:\Users\Asus\Downloads\Website\api\products.php(36): mysqli->query('SELECT p.id, p....')
#1 {main}

Error at 2026-03-28 15:24:22 (transactions.php)
Message: Table 'pos_inventory_system_db.transactions' doesn't exist
Stack trace: #0 C:\Users\Asus\Downloads\Website\api\transactions.php(38): mysqli->query('SELECT t.id, t....')
#1 {main}

Error at 2026-03-28 15:24:22
Message: Table 'pos_inventory_system_db.products' doesn't exist
Stack trace: #0 C:\Users\Asus\Downloads\Website\api\products.php(36): mysqli->query('SELECT p.id, p....')
#1 {main}

Error at 2026-03-28 15:24:22 (transactions.php)
Message: Table 'pos_inventory_system_db.transactions' doesn't exist
Stack trace: #0 C:\Users\Asus\Downloads\Website\api\transactions.php(38): mysqli->query('SELECT t.id, t....')
#1 {main}

Error at 2026-03-28 15:24:22
Message: Table 'pos_inventory_system_db.products' doesn't exist
Stack trace: #0 C:\Users\Asus\Downloads\Website\api\products.php(36): mysqli->query('SELECT p.id, p....')
#1 {main}

Error at 2026-03-28 15:24:22 (transactions.php)
Message: Table 'pos_inventory_system_db.transactions' doesn't exist
Stack trace: #0 C:\Users\Asus\Downloads\Website\api\transactions.php(38): mysqli->query('SELECT t.id, t....')
#1 {main}

Error at 2026-03-28 15:24:23
Message: Table 'pos_inventory_system_db.products' doesn't exist
Stack trace: #0 C:\Users\Asus\Downloads\Website\api\products.php(36): mysqli->query('SELECT p.id, p....')
#1 {main}

Error at 2026-03-28 15:24:23 (transactions.php)
Message: Table 'pos_inventory_system_db.transactions' doesn't exist
Stack trace: #0 C:\Users\Asus\Downloads\Website\api\transactions.php(38): mysqli->query('SELECT t.id, t....')
#1 {main}

Error at 2026-03-28 15:24:23
Message: Table 'pos_inventory_system_db.products' doesn't exist
Stack trace: #0 C:\Users\Asus\Downloads\Website\api\products.php(36): mysqli->query('SELECT p.id, p....')
#1 {main}

Error at 2026-03-28 15:24:23 (transactions.php)
Message: Table 'pos_inventory_system_db.transactions' doesn't exist
Stack trace: #0 C:\Users\Asus\Downloads\Website\api\transactions.php(38): mysqli->query('SELECT t.id, t....')
#1 {main}

Error at 2026-03-28 15:24:24
Message: Table 'pos_inventory_system_db.products' doesn't exist
Stack trace: #0 C:\Users\Asus\Downloads\Website\api\products.php(36): mysqli->query('SELECT p.id, p....')
#1 {main}

Error at 2026-03-28 15:24:24 (transactions.php)
Message: Table 'pos_inventory_system_db.transactions' doesn't exist
Stack trace: #0 C:\Users\Asus\Downloads\Website\api\transactions.php(38): mysqli->query('SELECT t.id, t....')
#1 {main}

Error at 2026-03-28 15:24:25
Message: Table 'pos_inventory_system_db.products' doesn't exist
Stack trace: #0 C:\Users\Asus\Downloads\Website\api\products.php(36): mysqli->query('SELECT p.id, p....')
#1 {main}

Error at 2026-03-28 15:24:25 (transactions.php)
Message: Table 'pos_inventory_system_db.transactions' doesn't exist
Stack trace: #0 C:\Users\Asus\Downloads\Website\api\transactions.php(38): mysqli->query('SELECT t.id, t....')
#1 {main}

Error at 2026-03-28 15:24:25
Message: Table 'pos_inventory_system_db.products' doesn't exist
Stack trace: #0 C:\Users\Asus\Downloads\Website\api\products.php(36): mysqli->query('SELECT p.id, p....')
#1 {main}

Error at 2026-03-28 15:24:25 (transactions.php)
Message: Table 'pos_inventory_system_db.transactions' doesn't exist
Stack trace: #0 C:\Users\Asus\Downloads\Website\api\transactions.php(38): mysqli->query('SELECT t.id, t....')
#1 {main}

Error at 2026-03-28 15:24:25
Message: Table 'pos_inventory_system_db.products' doesn't exist
Stack trace: #0 C:\Users\Asus\Downloads\Website\api\products.php(36): mysqli->query('SELECT p.id, p....')
#1 {main}

Error at 2026-03-28 15:24:25 (transactions.php)
Message: Table 'pos_inventory_system_db.transactions' doesn't exist
Stack trace: #0 C:\Users\Asus\Downloads\Website\api\transactions.php(38): mysqli->query('SELECT t.id, t....')
#1 {main}

Error at 2026-03-28 15:24:26
Message: Table 'pos_inventory_system_db.products' doesn't exist
Stack trace: #0 C:\Users\Asus\Downloads\Website\api\products.php(36): mysqli->query('SELECT p.id, p....')
#1 {main}

Error at 2026-03-28 15:24:26 (transactions.php)
Message: Table 'pos_inventory_system_db.transactions' doesn't exist
Stack trace: #0 C:\Users\Asus\Downloads\Website\api\transactions.php(38): mysqli->query('SELECT t.id, t....')
#1 {main}

Error at 2026-03-28 15:24:27
Message: Table 'pos_inventory_system_db.products' doesn't exist
Stack trace: #0 C:\Users\Asus\Downloads\Website\api\products.php(36): mysqli->query('SELECT p.id, p....')
#1 {main}

Error at 2026-03-28 15:24:27 (transactions.php)
Message: Table 'pos_inventory_system_db.transactions' doesn't exist
Stack trace: #0 C:\Users\Asus\Downloads\Website\api\transactions.php(38): mysqli->query('SELECT t.id, t....')
#1 {main}

Error at 2026-03-28 15:24:27
Message: Table 'pos_inventory_system_db.products' doesn't exist
Stack trace: #0 C:\Users\Asus\Downloads\Website\api\products.php(36): mysqli->query('SELECT p.id, p....')
#1 {main}

Error at 2026-03-28 15:24:27 (transactions.php)
Message: Table 'pos_inventory_system_db.transactions' doesn't exist
Stack trace: #0 C:\Users\Asus\Downloads\Website\api\transactions.php(38): mysqli->query('SELECT t.id, t....')
#1 {main}

Error at 2026-03-28 15:24:27
Message: Table 'pos_inventory_system_db.products' doesn't exist
Stack trace: #0 C:\Users\Asus\Downloads\Website\api\products.php(36): mysqli->query('SELECT p.id, p....')
#1 {main}

Error at 2026-03-28 15:24:27 (transactions.php)
Message: Table 'pos_inventory_system_db.transactions' doesn't exist
Stack trace: #0 C:\Users\Asus\Downloads\Website\api\transactions.php(38): mysqli->query('SELECT t.id, t....')
#1 {main}

Error at 2026-03-28 15:24:28
Message: Table 'pos_inventory_system_db.products' doesn't exist
Stack trace: #0 C:\Users\Asus\Downloads\Website\api\products.php(36): mysqli->query('SELECT p.id, p....')
#1 {main}

Error at 2026-03-28 15:24:28 (transactions.php)
Message: Table 'pos_inventory_system_db.transactions' doesn't exist
Stack trace: #0 C:\Users\Asus\Downloads\Website\api\transactions.php(38): mysqli->query('SELECT t.id, t....')
#1 {main}

Error at 2026-03-28 15:24:29
Message: Table 'pos_inventory_system_db.products' doesn't exist
Stack trace: #0 C:\Users\Asus\Downloads\Website\api\products.php(36): mysqli->query('SELECT p.id, p....')
#1 {main}

Error at 2026-03-28 15:24:29 (transactions.php)
Message: Table 'pos_inventory_system_db.transactions' doesn't exist
Stack trace: #0 C:\Users\Asus\Downloads\Website\api\transactions.php(38): mysqli->query('SELECT t.id, t....')
#1 {main}

Error at 2026-03-28 15:24:29
Message: Table 'pos_inventory_system_db.products' doesn't exist
Stack trace: #0 C:\Users\Asus\Downloads\Website\api\products.php(36): mysqli->query('SELECT p.id, p....')
#1 {main}

Error at 2026-03-28 15:24:29 (transactions.php)
Message: Table 'pos_inventory_system_db.transactions' doesn't exist
Stack trace: #0 C:\Users\Asus\Downloads\Website\api\transactions.php(38): mysqli->query('SELECT t.id, t....')
#1 {main}

Error at 2026-03-28 15:24:29
Message: Table 'pos_inventory_system_db.products' doesn't exist
Stack trace: #0 C:\Users\Asus\Downloads\Website\api\products.php(36): mysqli->query('SELECT p.id, p....')
#1 {main}

Error at 2026-03-28 15:24:30 (transactions.php)
Message: Table 'pos_inventory_system_db.transactions' doesn't exist
Stack trace: #0 C:\Users\Asus\Downloads\Website\api\transactions.php(38): mysqli->query('SELECT t.id, t....')
#1 {main}

Error at 2026-03-28 15:24:30
Message: Table 'pos_inventory_system_db.products' doesn't exist
Stack trace: #0 C:\Users\Asus\Downloads\Website\api\products.php(36): mysqli->query('SELECT p.id, p....')
#1 {main}

Error at 2026-03-28 15:24:30 (transactions.php)
Message: Table 'pos_inventory_system_db.transactions' doesn't exist
Stack trace: #0 C:\Users\Asus\Downloads\Website\api\transactions.php(38): mysqli->query('SELECT t.id, t....')
#1 {main}

Error at 2026-03-28 15:24:30
Message: Table 'pos_inventory_system_db.products' doesn't exist
Stack trace: #0 C:\Users\Asus\Downloads\Website\api\products.php(36): mysqli->query('SELECT p.id, p....')
#1 {main}

Error at 2026-03-28 15:24:30 (transactions.php)
Message: Table 'pos_inventory_system_db.transactions' doesn't exist
Stack trace: #0 C:\Users\Asus\Downloads\Website\api\transactions.php(38): mysqli->query('SELECT t.id, t....')
#1 {main}

Error at 2026-03-28 15:24:31
Message: Table 'pos_inventory_system_db.products' doesn't exist
Stack trace: #0 C:\Users\Asus\Downloads\Website\api\products.php(36): mysqli->query('SELECT p.id, p....')
#1 {main}

Error at 2026-03-28 15:24:31 (transactions.php)
Message: Table 'pos_inventory_system_db.transactions' doesn't exist
Stack trace: #0 C:\Users\Asus\Downloads\Website\api\transactions.php(38): mysqli->query('SELECT t.id, t....')
#1 {main}

Error at 2026-03-28 15:24:31
Message: Table 'pos_inventory_system_db.products' doesn't exist
Stack trace: #0 C:\Users\Asus\Downloads\Website\api\products.php(36): mysqli->query('SELECT p.id, p....')
#1 {main}

Error at 2026-03-28 15:24:31 (transactions.php)
Message: Table 'pos_inventory_system_db.transactions' doesn't exist
Stack trace: #0 C:\Users\Asus\Downloads\Website\api\transactions.php(38): mysqli->query('SELECT t.id, t....')
#1 {main}

Error at 2026-03-28 15:24:32
Message: Table 'pos_inventory_system_db.products' doesn't exist
Stack trace: #0 C:\Users\Asus\Downloads\Website\api\products.php(36): mysqli->query('SELECT p.id, p....')
#1 {main}

Error at 2026-03-28 15:24:32 (transactions.php)
Message: Table 'pos_inventory_system_db.transactions' doesn't exist
Stack trace: #0 C:\Users\Asus\Downloads\Website\api\transactions.php(38): mysqli->query('SELECT t.id, t....')
#1 {main}

Error at 2026-03-28 15:24:32
Message: Table 'pos_inventory_system_db.products' doesn't exist
Stack trace: #0 C:\Users\Asus\Downloads\Website\api\products.php(36): mysqli->query('SELECT p.id, p....')
#1 {main}

Error at 2026-03-28 15:24:32 (transactions.php)
Message: Table 'pos_inventory_system_db.transactions' doesn't exist
Stack trace: #0 C:\Users\Asus\Downloads\Website\api\transactions.php(38): mysqli->query('SELECT t.id, t....')
#1 {main}

Error at 2026-03-28 15:24:33
Message: Table 'pos_inventory_system_db.products' doesn't exist
Stack trace: #0 C:\Users\Asus\Downloads\Website\api\products.php(36): mysqli->query('SELECT p.id, p....')
#1 {main}

Error at 2026-03-28 15:24:33 (transactions.php)
Message: Table 'pos_inventory_system_db.transactions' doesn't exist
Stack trace: #0 C:\Users\Asus\Downloads\Website\api\transactions.php(38): mysqli->query('SELECT t.id, t....')
#1 {main}

Error at 2026-03-28 15:24:33
Message: Table 'pos_inventory_system_db.products' doesn't exist
Stack trace: #0 C:\Users\Asus\Downloads\Website\api\products.php(36): mysqli->query('SELECT p.id, p....')
#1 {main}

Error at 2026-03-28 15:24:34 (transactions.php)
Message: Table 'pos_inventory_system_db.transactions' doesn't exist
Stack trace: #0 C:\Users\Asus\Downloads\Website\api\transactions.php(38): mysqli->query('SELECT t.id, t....')
#1 {main}

Error at 2026-03-28 15:24:34
Message: Table 'pos_inventory_system_db.products' doesn't exist
Stack trace: #0 C:\Users\Asus\Downloads\Website\api\products.php(36): mysqli->query('SELECT p.id, p....')
#1 {main}

Error at 2026-03-28 15:24:34 (transactions.php)
Message: Table 'pos_inventory_system_db.transactions' doesn't exist
Stack trace: #0 C:\Users\Asus\Downloads\Website\api\transactions.php(38): mysqli->query('SELECT t.id, t....')
#1 {main}

Error at 2026-03-28 15:24:34
Message: Table 'pos_inventory_system_db.products' doesn't exist
Stack trace: #0 C:\Users\Asus\Downloads\Website\api\products.php(36): mysqli->query('SELECT p.id, p....')
#1 {main}

Error at 2026-03-28 15:24:35 (transactions.php)
Message: Table 'pos_inventory_system_db.transactions' doesn't exist
Stack trace: #0 C:\Users\Asus\Downloads\Website\api\transactions.php(38): mysqli->query('SELECT t.id, t....')
#1 {main}

Error at 2026-03-28 15:24:35
Message: Table 'pos_inventory_system_db.products' doesn't exist
Stack trace: #0 C:\Users\Asus\Downloads\Website\api\products.php(36): mysqli->query('SELECT p.id, p....')
#1 {main}

Error at 2026-03-28 15:24:35 (transactions.php)
Message: Table 'pos_inventory_system_db.transactions' doesn't exist
Stack trace: #0 C:\Users\Asus\Downloads\Website\api\transactions.php(38): mysqli->query('SELECT t.id, t....')
#1 {main}

Error at 2026-03-28 15:24:35
Message: Table 'pos_inventory_system_db.products' doesn't exist
Stack trace: #0 C:\Users\Asus\Downloads\Website\api\products.php(36): mysqli->query('SELECT p.id, p....')
#1 {main}

Error at 2026-03-28 15:24:36 (transactions.php)
Message: Table 'pos_inventory_system_db.transactions' doesn't exist
Stack trace: #0 C:\Users\Asus\Downloads\Website\api\transactions.php(38): mysqli->query('SELECT t.id, t....')
#1 {main}

Error at 2026-03-28 15:24:36
Message: Table 'pos_inventory_system_db.products' doesn't exist
Stack trace: #0 C:\Users\Asus\Downloads\Website\api\products.php(36): mysqli->query('SELECT p.id, p....')
#1 {main}

Error at 2026-03-28 15:24:36 (transactions.php)
Message: Table 'pos_inventory_system_db.transactions' doesn't exist
Stack trace: #0 C:\Users\Asus\Downloads\Website\api\transactions.php(38): mysqli->query('SELECT t.id, t....')
#1 {main}

Error at 2026-03-28 15:24:36
Message: Table 'pos_inventory_system_db.products' doesn't exist
Stack trace: #0 C:\Users\Asus\Downloads\Website\api\products.php(36): mysqli->query('SELECT p.id, p....')
#1 {main}

Error at 2026-03-28 15:24:36 (transactions.php)
Message: Table 'pos_inventory_system_db.transactions' doesn't exist
Stack trace: #0 C:\Users\Asus\Downloads\Website\api\transactions.php(38): mysqli->query('SELECT t.id, t....')
#1 {main}

Error at 2026-03-28 15:24:37
Message: Table 'pos_inventory_system_db.products' doesn't exist
Stack trace: #0 C:\Users\Asus\Downloads\Website\api\products.php(36): mysqli->query('SELECT p.id, p....')
#1 {main}

Error at 2026-03-28 15:24:37 (transactions.php)
Message: Table 'pos_inventory_system_db.transactions' doesn't exist
Stack trace: #0 C:\Users\Asus\Downloads\Website\api\transactions.php(38): mysqli->query('SELECT t.id, t....')
#1 {main}

Error at 2026-03-28 15:24:37
Message: Table 'pos_inventory_system_db.products' doesn't exist
Stack trace: #0 C:\Users\Asus\Downloads\Website\api\products.php(36): mysqli->query('SELECT p.id, p....')
#1 {main}

Error at 2026-03-28 15:24:37 (transactions.php)
Message: Table 'pos_inventory_system_db.transactions' doesn't exist
Stack trace: #0 C:\Users\Asus\Downloads\Website\api\transactions.php(38): mysqli->query('SELECT t.id, t....')
#1 {main}

Error at 2026-03-28 15:24:38
Message: Table 'pos_inventory_system_db.products' doesn't exist
Stack trace: #0 C:\Users\Asus\Downloads\Website\api\products.php(36): mysqli->query('SELECT p.id, p....')
#1 {main}

Error at 2026-03-28 15:24:38 (transactions.php)
Message: Table 'pos_inventory_system_db.transactions' doesn't exist
Stack trace: #0 C:\Users\Asus\Downloads\Website\api\transactions.php(38): mysqli->query('SELECT t.id, t....')
#1 {main}

Error at 2026-03-28 15:24:39
Message: Table 'pos_inventory_system_db.products' doesn't exist
Stack trace: #0 C:\Users\Asus\Downloads\Website\api\products.php(36): mysqli->query('SELECT p.id, p....')
#1 {main}

Error at 2026-03-28 15:24:39 (transactions.php)
Message: Table 'pos_inventory_system_db.transactions' doesn't exist
Stack trace: #0 C:\Users\Asus\Downloads\Website\api\transactions.php(38): mysqli->query('SELECT t.id, t....')
#1 {main}

Error at 2026-03-28 15:24:39
Message: Table 'pos_inventory_system_db.products' doesn't exist
Stack trace: #0 C:\Users\Asus\Downloads\Website\api\products.php(36): mysqli->query('SELECT p.id, p....')
#1 {main}

Error at 2026-03-28 15:24:39
Message: Table 'pos_inventory_system_db.products' doesn't exist
Stack trace: #0 C:\Users\Asus\Downloads\Website\api\products.php(36): mysqli->query('SELECT p.id, p....')
#1 {main}

Error at 2026-03-28 15:24:39 (transactions.php)
Message: Table 'pos_inventory_system_db.transactions' doesn't exist
Stack trace: #0 C:\Users\Asus\Downloads\Website\api\transactions.php(38): mysqli->query('SELECT t.id, t....')
#1 {main}

Error at 2026-03-28 15:24:39 (transactions.php)
Message: Table 'pos_inventory_system_db.transactions' doesn't exist
Stack trace: #0 C:\Users\Asus\Downloads\Website\api\transactions.php(38): mysqli->query('SELECT t.id, t....')
#1 {main}

Error at 2026-03-28 15:24:39
Message: Table 'pos_inventory_system_db.products' doesn't exist
Stack trace: #0 C:\Users\Asus\Downloads\Website\api\products.php(36): mysqli->query('SELECT p.id, p....')
#1 {main}

Error at 2026-03-28 15:24:39 (transactions.php)
Message: Table 'pos_inventory_system_db.transactions' doesn't exist
Stack trace: #0 C:\Users\Asus\Downloads\Website\api\transactions.php(38): mysqli->query('SELECT t.id, t....')
#1 {main}

Error at 2026-03-28 15:24:40
Message: Table 'pos_inventory_system_db.products' doesn't exist
Stack trace: #0 C:\Users\Asus\Downloads\Website\api\products.php(36): mysqli->query('SELECT p.id, p....')
#1 {main}

Error at 2026-03-28 15:24:40 (transactions.php)
Message: Table 'pos_inventory_system_db.transactions' doesn't exist
Stack trace: #0 C:\Users\Asus\Downloads\Website\api\transactions.php(38): mysqli->query('SELECT t.id, t....')
#1 {main}

Error at 2026-03-28 15:24:41
Message: Table 'pos_inventory_system_db.products' doesn't exist
Stack trace: #0 C:\Users\Asus\Downloads\Website\api\products.php(36): mysqli->query('SELECT p.id, p....')
#1 {main}

Error at 2026-03-28 15:24:41 (transactions.php)
Message: Table 'pos_inventory_system_db.transactions' doesn't exist
Stack trace: #0 C:\Users\Asus\Downloads\Website\api\transactions.php(38): mysqli->query('SELECT t.id, t....')
#1 {main}

Error at 2026-03-28 15:24:41
Message: Table 'pos_inventory_system_db.products' doesn't exist
Stack trace: #0 C:\Users\Asus\Downloads\Website\api\products.php(36): mysqli->query('SELECT p.id, p....')
#1 {main}

Error at 2026-03-28 15:24:41 (transactions.php)
Message: Table 'pos_inventory_system_db.transactions' doesn't exist
Stack trace: #0 C:\Users\Asus\Downloads\Website\api\transactions.php(38): mysqli->query('SELECT t.id, t....')
#1 {main}

Error at 2026-03-28 15:24:41
Message: Table 'pos_inventory_system_db.products' doesn't exist
Stack trace: #0 C:\Users\Asus\Downloads\Website\api\products.php(36): mysqli->query('SELECT p.id, p....')
#1 {main}

Error at 2026-03-28 15:24:41 (transactions.php)
Message: Table 'pos_inventory_system_db.transactions' doesn't exist
Stack trace: #0 C:\Users\Asus\Downloads\Website\api\transactions.php(38): mysqli->query('SELECT t.id, t....')
#1 {main}

Error at 2026-03-28 15:24:42
Message: Table 'pos_inventory_system_db.products' doesn't exist
Stack trace: #0 C:\Users\Asus\Downloads\Website\api\products.php(36): mysqli->query('SELECT p.id, p....')
#1 {main}

Error at 2026-03-28 15:24:42 (transactions.php)
Message: Table 'pos_inventory_system_db.transactions' doesn't exist
Stack trace: #0 C:\Users\Asus\Downloads\Website\api\transactions.php(38): mysqli->query('SELECT t.id, t....')
#1 {main}

Error at 2026-03-28 15:24:43
Message: Table 'pos_inventory_system_db.products' doesn't exist
Stack trace: #0 C:\Users\Asus\Downloads\Website\api\products.php(36): mysqli->query('SELECT p.id, p....')
#1 {main}

Error at 2026-03-28 15:24:43 (transactions.php)
Message: Table 'pos_inventory_system_db.transactions' doesn't exist
Stack trace: #0 C:\Users\Asus\Downloads\Website\api\transactions.php(38): mysqli->query('SELECT t.id, t....')
#1 {main}

Error at 2026-03-28 15:24:43
Message: Table 'pos_inventory_system_db.products' doesn't exist
Stack trace: #0 C:\Users\Asus\Downloads\Website\api\products.php(36): mysqli->query('SELECT p.id, p....')
#1 {main}

Error at 2026-03-28 15:24:43 (transactions.php)
Message: Table 'pos_inventory_system_db.transactions' doesn't exist
Stack trace: #0 C:\Users\Asus\Downloads\Website\api\transactions.php(38): mysqli->query('SELECT t.id, t....')
#1 {main}

Error at 2026-03-28 15:24:43
Message: Table 'pos_inventory_system_db.products' doesn't exist
Stack trace: #0 C:\Users\Asus\Downloads\Website\api\products.php(36): mysqli->query('SELECT p.id, p....')
#1 {main}

Error at 2026-03-28 15:24:43 (transactions.php)
Message: Table 'pos_inventory_system_db.transactions' doesn't exist
Stack trace: #0 C:\Users\Asus\Downloads\Website\api\transactions.php(38): mysqli->query('SELECT t.id, t....')
#1 {main}

Error at 2026-03-28 15:24:44
Message: Table 'pos_inventory_system_db.products' doesn't exist
Stack trace: #0 C:\Users\Asus\Downloads\Website\api\products.php(36): mysqli->query('SELECT p.id, p....')
#1 {main}

Error at 2026-03-28 15:24:44 (transactions.php)
Message: Table 'pos_inventory_system_db.transactions' doesn't exist
Stack trace: #0 C:\Users\Asus\Downloads\Website\api\transactions.php(38): mysqli->query('SELECT t.id, t....')
#1 {main}

Error at 2026-03-28 15:24:44
Message: Table 'pos_inventory_system_db.products' doesn't exist
Stack trace: #0 C:\Users\Asus\Downloads\Website\api\products.php(36): mysqli->query('SELECT p.id, p....')
#1 {main}

Error at 2026-03-28 15:24:45 (transactions.php)
Message: Table 'pos_inventory_system_db.transactions' doesn't exist
Stack trace: #0 C:\Users\Asus\Downloads\Website\api\transactions.php(38): mysqli->query('SELECT t.id, t....')
#1 {main}

Error at 2026-03-28 15:24:45
Message: Table 'pos_inventory_system_db.products' doesn't exist
Stack trace: #0 C:\Users\Asus\Downloads\Website\api\products.php(36): mysqli->query('SELECT p.id, p....')
#1 {main}

Error at 2026-03-28 15:24:45 (transactions.php)
Message: Table 'pos_inventory_system_db.transactions' doesn't exist
Stack trace: #0 C:\Users\Asus\Downloads\Website\api\transactions.php(38): mysqli->query('SELECT t.id, t....')
#1 {main}

Error at 2026-03-28 15:24:45
Message: Table 'pos_inventory_system_db.products' doesn't exist
Stack trace: #0 C:\Users\Asus\Downloads\Website\api\products.php(36): mysqli->query('SELECT p.id, p....')
#1 {main}

Error at 2026-03-28 15:24:46 (transactions.php)
Message: Table 'pos_inventory_system_db.transactions' doesn't exist
Stack trace: #0 C:\Users\Asus\Downloads\Website\api\transactions.php(38): mysqli->query('SELECT t.id, t....')
#1 {main}

Error at 2026-03-28 15:24:46
Message: Table 'pos_inventory_system_db.products' doesn't exist
Stack trace: #0 C:\Users\Asus\Downloads\Website\api\products.php(36): mysqli->query('SELECT p.id, p....')
#1 {main}

Error at 2026-03-28 15:24:46 (transactions.php)
Message: Table 'pos_inventory_system_db.transactions' doesn't exist
Stack trace: #0 C:\Users\Asus\Downloads\Website\api\transactions.php(38): mysqli->query('SELECT t.id, t....')
#1 {main}

Error at 2026-03-28 15:24:47
Message: Table 'pos_inventory_system_db.products' doesn't exist
Stack trace: #0 C:\Users\Asus\Downloads\Website\api\products.php(36): mysqli->query('SELECT p.id, p....')
#1 {main}

Error at 2026-03-28 15:24:47 (transactions.php)
Message: Table 'pos_inventory_system_db.transactions' doesn't exist
Stack trace: #0 C:\Users\Asus\Downloads\Website\api\transactions.php(38): mysqli->query('SELECT t.id, t....')
#1 {main}

Error at 2026-03-28 15:24:47
Message: Table 'pos_inventory_system_db.products' doesn't exist
Stack trace: #0 C:\Users\Asus\Downloads\Website\api\products.php(36): mysqli->query('SELECT p.id, p....')
#1 {main}

Error at 2026-03-28 15:24:47 (transactions.php)
Message: Table 'pos_inventory_system_db.transactions' doesn't exist
Stack trace: #0 C:\Users\Asus\Downloads\Website\api\transactions.php(38): mysqli->query('SELECT t.id, t....')
#1 {main}

Error at 2026-03-28 15:24:47
Message: Table 'pos_inventory_system_db.products' doesn't exist
Stack trace: #0 C:\Users\Asus\Downloads\Website\api\products.php(36): mysqli->query('SELECT p.id, p....')
#1 {main}

Error at 2026-03-28 15:24:47 (transactions.php)
Message: Table 'pos_inventory_system_db.transactions' doesn't exist
Stack trace: #0 C:\Users\Asus\Downloads\Website\api\transactions.php(38): mysqli->query('SELECT t.id, t....')
#1 {main}

Error at 2026-03-28 15:24:48
Message: Table 'pos_inventory_system_db.products' doesn't exist
Stack trace: #0 C:\Users\Asus\Downloads\Website\api\products.php(36): mysqli->query('SELECT p.id, p....')
#1 {main}

Error at 2026-03-28 15:24:48 (transactions.php)
Message: Table 'pos_inventory_system_db.transactions' doesn't exist
Stack trace: #0 C:\Users\Asus\Downloads\Website\api\transactions.php(38): mysqli->query('SELECT t.id, t....')
#1 {main}

Error at 2026-03-28 15:24:48
Message: Table 'pos_inventory_system_db.products' doesn't exist
Stack trace: #0 C:\Users\Asus\Downloads\Website\api\products.php(36): mysqli->query('SELECT p.id, p....')
#1 {main}

Error at 2026-03-28 15:24:48 (transactions.php)
Message: Table 'pos_inventory_system_db.transactions' doesn't exist
Stack trace: #0 C:\Users\Asus\Downloads\Website\api\transactions.php(38): mysqli->query('SELECT t.id, t....')
#1 {main}

Error at 2026-03-28 15:24:49
Message: Table 'pos_inventory_system_db.products' doesn't exist
Stack trace: #0 C:\Users\Asus\Downloads\Website\api\products.php(36): mysqli->query('SELECT p.id, p....')
#1 {main}

Error at 2026-03-28 15:24:49 (transactions.php)
Message: Table 'pos_inventory_system_db.transactions' doesn't exist
Stack trace: #0 C:\Users\Asus\Downloads\Website\api\transactions.php(38): mysqli->query('SELECT t.id, t....')
#1 {main}

Error at 2026-03-28 15:24:49
Message: Table 'pos_inventory_system_db.products' doesn't exist
Stack trace: #0 C:\Users\Asus\Downloads\Website\api\products.php(36): mysqli->query('SELECT p.id, p....')
#1 {main}

Error at 2026-03-28 15:24:49 (transactions.php)
Message: Table 'pos_inventory_system_db.transactions' doesn't exist
Stack trace: #0 C:\Users\Asus\Downloads\Website\api\transactions.php(38): mysqli->query('SELECT t.id, t....')
#1 {main}

Error at 2026-03-28 15:24:50
Message: Table 'pos_inventory_system_db.products' doesn't exist
Stack trace: #0 C:\Users\Asus\Downloads\Website\api\products.php(36): mysqli->query('SELECT p.id, p....')
#1 {main}

Error at 2026-03-28 15:24:50 (transactions.php)
Message: Table 'pos_inventory_system_db.transactions' doesn't exist
Stack trace: #0 C:\Users\Asus\Downloads\Website\api\transactions.php(38): mysqli->query('SELECT t.id, t....')
#1 {main}

Error at 2026-03-28 15:24:50
Message: Table 'pos_inventory_system_db.products' doesn't exist
Stack trace: #0 C:\Users\Asus\Downloads\Website\api\products.php(36): mysqli->query('SELECT p.id, p....')
#1 {main}

Error at 2026-03-28 15:24:51 (transactions.php)
Message: Table 'pos_inventory_system_db.transactions' doesn't exist
Stack trace: #0 C:\Users\Asus\Downloads\Website\api\transactions.php(38): mysqli->query('SELECT t.id, t....')
#1 {main}

Error at 2026-03-28 15:24:51
Message: Table 'pos_inventory_system_db.products' doesn't exist
Stack trace: #0 C:\Users\Asus\Downloads\Website\api\products.php(36): mysqli->query('SELECT p.id, p....')
#1 {main}

Error at 2026-03-28 15:24:51 (transactions.php)
Message: Table 'pos_inventory_system_db.transactions' doesn't exist
Stack trace: #0 C:\Users\Asus\Downloads\Website\api\transactions.php(38): mysqli->query('SELECT t.id, t....')
#1 {main}

Error at 2026-03-28 15:24:51
Message: Table 'pos_inventory_system_db.products' doesn't exist
Stack trace: #0 C:\Users\Asus\Downloads\Website\api\products.php(36): mysqli->query('SELECT p.id, p....')
#1 {main}

Error at 2026-03-28 15:24:51 (transactions.php)
Message: Table 'pos_inventory_system_db.transactions' doesn't exist
Stack trace: #0 C:\Users\Asus\Downloads\Website\api\transactions.php(38): mysqli->query('SELECT t.id, t....')
#1 {main}

Error at 2026-03-28 15:24:52
Message: Table 'pos_inventory_system_db.products' doesn't exist
Stack trace: #0 C:\Users\Asus\Downloads\Website\api\products.php(36): mysqli->query('SELECT p.id, p....')
#1 {main}

Error at 2026-03-28 15:24:52 (transactions.php)
Message: Table 'pos_inventory_system_db.transactions' doesn't exist
Stack trace: #0 C:\Users\Asus\Downloads\Website\api\transactions.php(38): mysqli->query('SELECT t.id, t....')
#1 {main}

Error at 2026-03-28 15:24:52
Message: Table 'pos_inventory_system_db.products' doesn't exist
Stack trace: #0 C:\Users\Asus\Downloads\Website\api\products.php(36): mysqli->query('SELECT p.id, p....')
#1 {main}

Error at 2026-03-28 15:24:52 (transactions.php)
Message: Table 'pos_inventory_system_db.transactions' doesn't exist
Stack trace: #0 C:\Users\Asus\Downloads\Website\api\transactions.php(38): mysqli->query('SELECT t.id, t....')
#1 {main}

Error at 2026-03-28 15:24:53
Message: Table 'pos_inventory_system_db.products' doesn't exist
Stack trace: #0 C:\Users\Asus\Downloads\Website\api\products.php(36): mysqli->query('SELECT p.id, p....')
#1 {main}

Error at 2026-03-28 15:24:53 (transactions.php)
Message: Table 'pos_inventory_system_db.transactions' doesn't exist
Stack trace: #0 C:\Users\Asus\Downloads\Website\api\transactions.php(38): mysqli->query('SELECT t.id, t....')
#1 {main}

Error at 2026-03-28 15:24:53
Message: Table 'pos_inventory_system_db.products' doesn't exist
Stack trace: #0 C:\Users\Asus\Downloads\Website\api\products.php(36): mysqli->query('SELECT p.id, p....')
#1 {main}

Error at 2026-03-28 15:24:54 (transactions.php)
Message: Table 'pos_inventory_system_db.transactions' doesn't exist
Stack trace: #0 C:\Users\Asus\Downloads\Website\api\transactions.php(38): mysqli->query('SELECT t.id, t....')
#1 {main}

Error at 2026-03-28 15:24:54
Message: Table 'pos_inventory_system_db.products' doesn't exist
Stack trace: #0 C:\Users\Asus\Downloads\Website\api\products.php(36): mysqli->query('SELECT p.id, p....')
#1 {main}

Error at 2026-03-28 15:24:54 (transactions.php)
Message: Table 'pos_inventory_system_db.transactions' doesn't exist
Stack trace: #0 C:\Users\Asus\Downloads\Website\api\transactions.php(38): mysqli->query('SELECT t.id, t....')
#1 {main}

Error at 2026-03-28 15:24:54
Message: Table 'pos_inventory_system_db.products' doesn't exist
Stack trace: #0 C:\Users\Asus\Downloads\Website\api\products.php(36): mysqli->query('SELECT p.id, p....')
#1 {main}

Error at 2026-03-28 15:24:55 (transactions.php)
Message: Table 'pos_inventory_system_db.transactions' doesn't exist
Stack trace: #0 C:\Users\Asus\Downloads\Website\api\transactions.php(38): mysqli->query('SELECT t.id, t....')
#1 {main}

Error at 2026-03-28 15:24:55
Message: Table 'pos_inventory_system_db.products' doesn't exist
Stack trace: #0 C:\Users\Asus\Downloads\Website\api\products.php(36): mysqli->query('SELECT p.id, p....')
#1 {main}

Error at 2026-03-28 15:24:55 (transactions.php)
Message: Table 'pos_inventory_system_db.transactions' doesn't exist
Stack trace: #0 C:\Users\Asus\Downloads\Website\api\transactions.php(38): mysqli->query('SELECT t.id, t....')
#1 {main}

Error at 2026-03-28 15:24:55
Message: Table 'pos_inventory_system_db.products' doesn't exist
Stack trace: #0 C:\Users\Asus\Downloads\Website\api\products.php(36): mysqli->query('SELECT p.id, p....')
#1 {main}

Error at 2026-03-28 15:24:55 (transactions.php)
Message: Table 'pos_inventory_system_db.transactions' doesn't exist
Stack trace: #0 C:\Users\Asus\Downloads\Website\api\transactions.php(38): mysqli->query('SELECT t.id, t....')
#1 {main}

Error at 2026-03-28 15:24:56
Message: Table 'pos_inventory_system_db.products' doesn't exist
Stack trace: #0 C:\Users\Asus\Downloads\Website\api\products.php(36): mysqli->query('SELECT p.id, p....')
#1 {main}

Error at 2026-03-28 15:24:56 (transactions.php)
Message: Table 'pos_inventory_system_db.transactions' doesn't exist
Stack trace: #0 C:\Users\Asus\Downloads\Website\api\transactions.php(38): mysqli->query('SELECT t.id, t....')
#1 {main}

Error at 2026-03-28 15:24:56
Message: Table 'pos_inventory_system_db.products' doesn't exist
Stack trace: #0 C:\Users\Asus\Downloads\Website\api\products.php(36): mysqli->query('SELECT p.id, p....')
#1 {main}

Error at 2026-03-28 15:24:56 (transactions.php)
Message: Table 'pos_inventory_system_db.transactions' doesn't exist
Stack trace: #0 C:\Users\Asus\Downloads\Website\api\transactions.php(38): mysqli->query('SELECT t.id, t....')
#1 {main}

Error at 2026-03-28 15:24:57
Message: Table 'pos_inventory_system_db.products' doesn't exist
Stack trace: #0 C:\Users\Asus\Downloads\Website\api\products.php(36): mysqli->query('SELECT p.id, p....')
#1 {main}

Error at 2026-03-28 15:24:57 (transactions.php)
Message: Table 'pos_inventory_system_db.transactions' doesn't exist
Stack trace: #0 C:\Users\Asus\Downloads\Website\api\transactions.php(38): mysqli->query('SELECT t.id, t....')
#1 {main}

Error at 2026-03-28 15:24:57
Message: Table 'pos_inventory_system_db.products' doesn't exist
Stack trace: #0 C:\Users\Asus\Downloads\Website\api\products.php(36): mysqli->query('SELECT p.id, p....')
#1 {main}

Error at 2026-03-28 15:24:57 (transactions.php)
Message: Table 'pos_inventory_system_db.transactions' doesn't exist
Stack trace: #0 C:\Users\Asus\Downloads\Website\api\transactions.php(38): mysqli->query('SELECT t.id, t....')
#1 {main}

Error at 2026-03-28 15:24:58
Message: Table 'pos_inventory_system_db.products' doesn't exist
Stack trace: #0 C:\Users\Asus\Downloads\Website\api\products.php(36): mysqli->query('SELECT p.id, p....')
#1 {main}

Error at 2026-03-28 15:24:58 (transactions.php)
Message: Table 'pos_inventory_system_db.transactions' doesn't exist
Stack trace: #0 C:\Users\Asus\Downloads\Website\api\transactions.php(38): mysqli->query('SELECT t.id, t....')
#1 {main}

Error at 2026-03-28 15:24:59
Message: Table 'pos_inventory_system_db.products' doesn't exist
Stack trace: #0 C:\Users\Asus\Downloads\Website\api\products.php(36): mysqli->query('SELECT p.id, p....')
#1 {main}

Error at 2026-03-28 15:24:59 (transactions.php)
Message: Table 'pos_inventory_system_db.transactions' doesn't exist
Stack trace: #0 C:\Users\Asus\Downloads\Website\api\transactions.php(38): mysqli->query('SELECT t.id, t....')
#1 {main}

Error at 2026-03-28 15:24:59
Message: Table 'pos_inventory_system_db.products' doesn't exist
Stack trace: #0 C:\Users\Asus\Downloads\Website\api\products.php(36): mysqli->query('SELECT p.id, p....')
#1 {main}

Error at 2026-03-28 15:24:59 (transactions.php)
Message: Table 'pos_inventory_system_db.transactions' doesn't exist
Stack trace: #0 C:\Users\Asus\Downloads\Website\api\transactions.php(38): mysqli->query('SELECT t.id, t....')
#1 {main}

Error at 2026-03-28 15:24:59
Message: Table 'pos_inventory_system_db.products' doesn't exist
Stack trace: #0 C:\Users\Asus\Downloads\Website\api\products.php(36): mysqli->query('SELECT p.id, p....')
#1 {main}

Error at 2026-03-28 15:24:59 (transactions.php)
Message: Table 'pos_inventory_system_db.transactions' doesn't exist
Stack trace: #0 C:\Users\Asus\Downloads\Website\api\transactions.php(38): mysqli->query('SELECT t.id, t....')
#1 {main}

Error at 2026-03-28 15:25:00
Message: Table 'pos_inventory_system_db.products' doesn't exist
Stack trace: #0 C:\Users\Asus\Downloads\Website\api\products.php(36): mysqli->query('SELECT p.id, p....')
#1 {main}

Error at 2026-03-28 15:25:00 (transactions.php)
Message: Table 'pos_inventory_system_db.transactions' doesn't exist
Stack trace: #0 C:\Users\Asus\Downloads\Website\api\transactions.php(38): mysqli->query('SELECT t.id, t....')
#1 {main}

Error at 2026-03-28 15:25:00
Message: Table 'pos_inventory_system_db.products' doesn't exist
Stack trace: #0 C:\Users\Asus\Downloads\Website\api\products.php(36): mysqli->query('SELECT p.id, p....')
#1 {main}

Error at 2026-03-28 15:25:00 (transactions.php)
Message: Table 'pos_inventory_system_db.transactions' doesn't exist
Stack trace: #0 C:\Users\Asus\Downloads\Website\api\transactions.php(38): mysqli->query('SELECT t.id, t....')
#1 {main}

Error at 2026-03-28 15:25:01
Message: Table 'pos_inventory_system_db.products' doesn't exist
Stack trace: #0 C:\Users\Asus\Downloads\Website\api\products.php(36): mysqli->query('SELECT p.id, p....')
#1 {main}

Error at 2026-03-28 15:25:01 (transactions.php)
Message: Table 'pos_inventory_system_db.transactions' doesn't exist
Stack trace: #0 C:\Users\Asus\Downloads\Website\api\transactions.php(38): mysqli->query('SELECT t.id, t....')
#1 {main}

Error at 2026-03-28 15:25:01
Message: Table 'pos_inventory_system_db.products' doesn't exist
Stack trace: #0 C:\Users\Asus\Downloads\Website\api\products.php(36): mysqli->query('SELECT p.id, p....')
#1 {main}

Error at 2026-03-28 15:25:01 (transactions.php)
Message: Table 'pos_inventory_system_db.transactions' doesn't exist
Stack trace: #0 C:\Users\Asus\Downloads\Website\api\transactions.php(38): mysqli->query('SELECT t.id, t....')
#1 {main}

Error at 2026-03-28 15:25:02
Message: Table 'pos_inventory_system_db.products' doesn't exist
Stack trace: #0 C:\Users\Asus\Downloads\Website\api\products.php(36): mysqli->query('SELECT p.id, p....')
#1 {main}

Error at 2026-03-28 15:25:02 (transactions.php)
Message: Table 'pos_inventory_system_db.transactions' doesn't exist
Stack trace: #0 C:\Users\Asus\Downloads\Website\api\transactions.php(38): mysqli->query('SELECT t.id, t....')
#1 {main}

Error at 2026-03-28 15:25:02
Message: Table 'pos_inventory_system_db.products' doesn't exist
Stack trace: #0 C:\Users\Asus\Downloads\Website\api\products.php(36): mysqli->query('SELECT p.id, p....')
#1 {main}

Error at 2026-03-28 15:25:02 (transactions.php)
Message: Table 'pos_inventory_system_db.transactions' doesn't exist
Stack trace: #0 C:\Users\Asus\Downloads\Website\api\transactions.php(38): mysqli->query('SELECT t.id, t....')
#1 {main}

Error at 2026-03-28 15:25:03
Message: Table 'pos_inventory_system_db.products' doesn't exist
Stack trace: #0 C:\Users\Asus\Downloads\Website\api\products.php(36): mysqli->query('SELECT p.id, p....')
#1 {main}

Error at 2026-03-28 15:25:03 (transactions.php)
Message: Table 'pos_inventory_system_db.transactions' doesn't exist
Stack trace: #0 C:\Users\Asus\Downloads\Website\api\transactions.php(38): mysqli->query('SELECT t.id, t....')
#1 {main}

Error at 2026-03-28 15:25:03
Message: Table 'pos_inventory_system_db.products' doesn't exist
Stack trace: #0 C:\Users\Asus\Downloads\Website\api\products.php(36): mysqli->query('SELECT p.id, p....')
#1 {main}

Error at 2026-03-28 15:25:04 (transactions.php)
Message: Table 'pos_inventory_system_db.transactions' doesn't exist
Stack trace: #0 C:\Users\Asus\Downloads\Website\api\transactions.php(38): mysqli->query('SELECT t.id, t....')
#1 {main}

Error at 2026-03-28 15:25:04
Message: Table 'pos_inventory_system_db.products' doesn't exist
Stack trace: #0 C:\Users\Asus\Downloads\Website\api\products.php(36): mysqli->query('SELECT p.id, p....')
#1 {main}

Error at 2026-03-28 15:25:04 (transactions.php)
Message: Table 'pos_inventory_system_db.transactions' doesn't exist
Stack trace: #0 C:\Users\Asus\Downloads\Website\api\transactions.php(38): mysqli->query('SELECT t.id, t....')
#1 {main}

Error at 2026-03-28 15:25:05
Message: Table 'pos_inventory_system_db.products' doesn't exist
Stack trace: #0 C:\Users\Asus\Downloads\Website\api\products.php(36): mysqli->query('SELECT p.id, p....')
#1 {main}

Error at 2026-03-28 15:25:05 (transactions.php)
Message: Table 'pos_inventory_system_db.transactions' doesn't exist
Stack trace: #0 C:\Users\Asus\Downloads\Website\api\transactions.php(38): mysqli->query('SELECT t.id, t....')
#1 {main}

Error at 2026-03-28 15:25:05
Message: Table 'pos_inventory_system_db.products' doesn't exist
Stack trace: #0 C:\Users\Asus\Downloads\Website\api\products.php(36): mysqli->query('SELECT p.id, p....')
#1 {main}

Error at 2026-03-28 15:25:05 (transactions.php)
Message: Table 'pos_inventory_system_db.transactions' doesn't exist
Stack trace: #0 C:\Users\Asus\Downloads\Website\api\transactions.php(38): mysqli->query('SELECT t.id, t....')
#1 {main}

Error at 2026-03-28 15:25:05
Message: Table 'pos_inventory_system_db.products' doesn't exist
Stack trace: #0 C:\Users\Asus\Downloads\Website\api\products.php(36): mysqli->query('SELECT p.id, p....')
#1 {main}

Error at 2026-03-28 15:25:06 (transactions.php)
Message: Table 'pos_inventory_system_db.transactions' doesn't exist
Stack trace: #0 C:\Users\Asus\Downloads\Website\api\transactions.php(38): mysqli->query('SELECT t.id, t....')
#1 {main}

Error at 2026-03-28 15:25:06
Message: Table 'pos_inventory_system_db.products' doesn't exist
Stack trace: #0 C:\Users\Asus\Downloads\Website\api\products.php(36): mysqli->query('SELECT p.id, p....')
#1 {main}

Error at 2026-03-28 15:25:06 (transactions.php)
Message: Table 'pos_inventory_system_db.transactions' doesn't exist
Stack trace: #0 C:\Users\Asus\Downloads\Website\api\transactions.php(38): mysqli->query('SELECT t.id, t....')
#1 {main}

Error at 2026-03-28 15:25:06
Message: Table 'pos_inventory_system_db.products' doesn't exist
Stack trace: #0 C:\Users\Asus\Downloads\Website\api\products.php(36): mysqli->query('SELECT p.id, p....')
#1 {main}

Error at 2026-03-28 15:25:06 (transactions.php)
Message: Table 'pos_inventory_system_db.transactions' doesn't exist
Stack trace: #0 C:\Users\Asus\Downloads\Website\api\transactions.php(38): mysqli->query('SELECT t.id, t....')
#1 {main}

Error at 2026-03-28 15:25:07
Message: Table 'pos_inventory_system_db.products' doesn't exist
Stack trace: #0 C:\Users\Asus\Downloads\Website\api\products.php(36): mysqli->query('SELECT p.id, p....')
#1 {main}

Error at 2026-03-28 15:25:07 (transactions.php)
Message: Table 'pos_inventory_system_db.transactions' doesn't exist
Stack trace: #0 C:\Users\Asus\Downloads\Website\api\transactions.php(38): mysqli->query('SELECT t.id, t....')
#1 {main}

Error at 2026-03-28 15:25:07
Message: Table 'pos_inventory_system_db.products' doesn't exist
Stack trace: #0 C:\Users\Asus\Downloads\Website\api\products.php(36): mysqli->query('SELECT p.id, p....')
#1 {main}

Error at 2026-03-28 15:25:07 (transactions.php)
Message: Table 'pos_inventory_system_db.transactions' doesn't exist
Stack trace: #0 C:\Users\Asus\Downloads\Website\api\transactions.php(38): mysqli->query('SELECT t.id, t....')
#1 {main}

Error at 2026-03-28 15:25:08
Message: Table 'pos_inventory_system_db.products' doesn't exist
Stack trace: #0 C:\Users\Asus\Downloads\Website\api\products.php(36): mysqli->query('SELECT p.id, p....')
#1 {main}

Error at 2026-03-28 15:25:08 (transactions.php)
Message: Table 'pos_inventory_system_db.transactions' doesn't exist
Stack trace: #0 C:\Users\Asus\Downloads\Website\api\transactions.php(38): mysqli->query('SELECT t.id, t....')
#1 {main}

Error at 2026-03-28 15:25:08
Message: Table 'pos_inventory_system_db.products' doesn't exist
Stack trace: #0 C:\Users\Asus\Downloads\Website\api\products.php(36): mysqli->query('SELECT p.id, p....')
#1 {main}

Error at 2026-03-28 15:25:08 (transactions.php)
Message: Table 'pos_inventory_system_db.transactions' doesn't exist
Stack trace: #0 C:\Users\Asus\Downloads\Website\api\transactions.php(38): mysqli->query('SELECT t.id, t....')
#1 {main}

Error at 2026-03-28 15:25:09
Message: Table 'pos_inventory_system_db.products' doesn't exist
Stack trace: #0 C:\Users\Asus\Downloads\Website\api\products.php(36): mysqli->query('SELECT p.id, p....')
#1 {main}

Error at 2026-03-28 15:25:09 (transactions.php)
Message: Table 'pos_inventory_system_db.transactions' doesn't exist
Stack trace: #0 C:\Users\Asus\Downloads\Website\api\transactions.php(38): mysqli->query('SELECT t.id, t....')
#1 {main}

Error at 2026-03-28 15:25:09
Message: Table 'pos_inventory_system_db.products' doesn't exist
Stack trace: #0 C:\Users\Asus\Downloads\Website\api\products.php(36): mysqli->query('SELECT p.id, p....')
#1 {main}

Error at 2026-03-28 15:25:09 (transactions.php)
Message: Table 'pos_inventory_system_db.transactions' doesn't exist
Stack trace: #0 C:\Users\Asus\Downloads\Website\api\transactions.php(38): mysqli->query('SELECT t.id, t....')
#1 {main}

Error at 2026-03-28 15:25:10
Message: Table 'pos_inventory_system_db.products' doesn't exist
Stack trace: #0 C:\Users\Asus\Downloads\Website\api\products.php(36): mysqli->query('SELECT p.id, p....')
#1 {main}

Error at 2026-03-28 15:25:10 (transactions.php)
Message: Table 'pos_inventory_system_db.transactions' doesn't exist
Stack trace: #0 C:\Users\Asus\Downloads\Website\api\transactions.php(38): mysqli->query('SELECT t.id, t....')
#1 {main}

Error at 2026-03-28 15:25:11
Message: Table 'pos_inventory_system_db.products' doesn't exist
Stack trace: #0 C:\Users\Asus\Downloads\Website\api\products.php(36): mysqli->query('SELECT p.id, p....')
#1 {main}

Error at 2026-03-28 15:25:11 (transactions.php)
Message: Table 'pos_inventory_system_db.transactions' doesn't exist
Stack trace: #0 C:\Users\Asus\Downloads\Website\api\transactions.php(38): mysqli->query('SELECT t.id, t....')
#1 {main}

Error at 2026-03-28 15:25:11
Message: Table 'pos_inventory_system_db.products' doesn't exist
Stack trace: #0 C:\Users\Asus\Downloads\Website\api\products.php(36): mysqli->query('SELECT p.id, p....')
#1 {main}

Error at 2026-03-28 15:25:11 (transactions.php)
Message: Table 'pos_inventory_system_db.transactions' doesn't exist
Stack trace: #0 C:\Users\Asus\Downloads\Website\api\transactions.php(38): mysqli->query('SELECT t.id, t....')
#1 {main}

Error at 2026-03-28 15:25:11
Message: Table 'pos_inventory_system_db.products' doesn't exist
Stack trace: #0 C:\Users\Asus\Downloads\Website\api\products.php(36): mysqli->query('SELECT p.id, p....')
#1 {main}

Error at 2026-03-28 15:25:11 (transactions.php)
Message: Table 'pos_inventory_system_db.transactions' doesn't exist
Stack trace: #0 C:\Users\Asus\Downloads\Website\api\transactions.php(38): mysqli->query('SELECT t.id, t....')
#1 {main}

Error at 2026-03-28 15:25:12
Message: Table 'pos_inventory_system_db.products' doesn't exist
Stack trace: #0 C:\Users\Asus\Downloads\Website\api\products.php(36): mysqli->query('SELECT p.id, p....')
#1 {main}

Error at 2026-03-28 15:25:12 (transactions.php)
Message: Table 'pos_inventory_system_db.transactions' doesn't exist
Stack trace: #0 C:\Users\Asus\Downloads\Website\api\transactions.php(38): mysqli->query('SELECT t.id, t....')
#1 {main}

Error at 2026-03-28 15:25:13
Message: Table 'pos_inventory_system_db.products' doesn't exist
Stack trace: #0 C:\Users\Asus\Downloads\Website\api\products.php(36): mysqli->query('SELECT p.id, p....')
#1 {main}

Error at 2026-03-28 15:25:13 (transactions.php)
Message: Table 'pos_inventory_system_db.transactions' doesn't exist
Stack trace: #0 C:\Users\Asus\Downloads\Website\api\transactions.php(38): mysqli->query('SELECT t.id, t....')
#1 {main}

Error at 2026-03-28 15:25:13
Message: Table 'pos_inventory_system_db.products' doesn't exist
Stack trace: #0 C:\Users\Asus\Downloads\Website\api\products.php(36): mysqli->query('SELECT p.id, p....')
#1 {main}

Error at 2026-03-28 15:25:13 (transactions.php)
Message: Table 'pos_inventory_system_db.transactions' doesn't exist
Stack trace: #0 C:\Users\Asus\Downloads\Website\api\transactions.php(38): mysqli->query('SELECT t.id, t....')
#1 {main}

Error at 2026-03-28 15:25:13
Message: Table 'pos_inventory_system_db.products' doesn't exist
Stack trace: #0 C:\Users\Asus\Downloads\Website\api\products.php(36): mysqli->query('SELECT p.id, p....')
#1 {main}

Error at 2026-03-28 15:25:13 (transactions.php)
Message: Table 'pos_inventory_system_db.transactions' doesn't exist
Stack trace: #0 C:\Users\Asus\Downloads\Website\api\transactions.php(38): mysqli->query('SELECT t.id, t....')
#1 {main}

Error at 2026-03-28 15:25:14
Message: Table 'pos_inventory_system_db.products' doesn't exist
Stack trace: #0 C:\Users\Asus\Downloads\Website\api\products.php(36): mysqli->query('SELECT p.id, p....')
#1 {main}

Error at 2026-03-28 15:25:14 (transactions.php)
Message: Table 'pos_inventory_system_db.transactions' doesn't exist
Stack trace: #0 C:\Users\Asus\Downloads\Website\api\transactions.php(38): mysqli->query('SELECT t.id, t....')
#1 {main}

Error at 2026-03-28 15:25:14
Message: Table 'pos_inventory_system_db.products' doesn't exist
Stack trace: #0 C:\Users\Asus\Downloads\Website\api\products.php(36): mysqli->query('SELECT p.id, p....')
#1 {main}

Error at 2026-03-28 15:25:14 (transactions.php)
Message: Table 'pos_inventory_system_db.transactions' doesn't exist
Stack trace: #0 C:\Users\Asus\Downloads\Website\api\transactions.php(38): mysqli->query('SELECT t.id, t....')
#1 {main}

Error at 2026-03-28 15:25:15
Message: Table 'pos_inventory_system_db.products' doesn't exist
Stack trace: #0 C:\Users\Asus\Downloads\Website\api\products.php(36): mysqli->query('SELECT p.id, p....')
#1 {main}

Error at 2026-03-28 15:25:15 (transactions.php)
Message: Table 'pos_inventory_system_db.transactions' doesn't exist
Stack trace: #0 C:\Users\Asus\Downloads\Website\api\transactions.php(38): mysqli->query('SELECT t.id, t....')
#1 {main}

Error at 2026-03-28 15:25:15
Message: Table 'pos_inventory_system_db.products' doesn't exist
Stack trace: #0 C:\Users\Asus\Downloads\Website\api\products.php(36): mysqli->query('SELECT p.id, p....')
#1 {main}

Error at 2026-03-28 15:25:16 (transactions.php)
Message: Table 'pos_inventory_system_db.transactions' doesn't exist
Stack trace: #0 C:\Users\Asus\Downloads\Website\api\transactions.php(38): mysqli->query('SELECT t.id, t....')
#1 {main}

Error at 2026-03-28 15:25:16
Message: Table 'pos_inventory_system_db.products' doesn't exist
Stack trace: #0 C:\Users\Asus\Downloads\Website\api\products.php(36): mysqli->query('SELECT p.id, p....')
#1 {main}

Error at 2026-03-28 15:25:16 (transactions.php)
Message: Table 'pos_inventory_system_db.transactions' doesn't exist
Stack trace: #0 C:\Users\Asus\Downloads\Website\api\transactions.php(38): mysqli->query('SELECT t.id, t....')
#1 {main}

Error at 2026-03-28 15:25:16
Message: Table 'pos_inventory_system_db.products' doesn't exist
Stack trace: #0 C:\Users\Asus\Downloads\Website\api\products.php(36): mysqli->query('SELECT p.id, p....')
#1 {main}

Error at 2026-03-28 15:25:17 (transactions.php)
Message: Table 'pos_inventory_system_db.transactions' doesn't exist
Stack trace: #0 C:\Users\Asus\Downloads\Website\api\transactions.php(38): mysqli->query('SELECT t.id, t....')
#1 {main}

Error at 2026-03-28 15:25:17
Message: Table 'pos_inventory_system_db.products' doesn't exist
Stack trace: #0 C:\Users\Asus\Downloads\Website\api\products.php(36): mysqli->query('SELECT p.id, p....')
#1 {main}

Error at 2026-03-28 15:25:17 (transactions.php)
Message: Table 'pos_inventory_system_db.transactions' doesn't exist
Stack trace: #0 C:\Users\Asus\Downloads\Website\api\transactions.php(38): mysqli->query('SELECT t.id, t....')
#1 {main}

Error at 2026-03-28 15:25:17
Message: Table 'pos_inventory_system_db.products' doesn't exist
Stack trace: #0 C:\Users\Asus\Downloads\Website\api\products.php(36): mysqli->query('SELECT p.id, p....')
#1 {main}

Error at 2026-03-28 15:25:18 (transactions.php)
Message: Table 'pos_inventory_system_db.transactions' doesn't exist
Stack trace: #0 C:\Users\Asus\Downloads\Website\api\transactions.php(38): mysqli->query('SELECT t.id, t....')
#1 {main}

Error at 2026-03-28 15:25:18
Message: Table 'pos_inventory_system_db.products' doesn't exist
Stack trace: #0 C:\Users\Asus\Downloads\Website\api\products.php(36): mysqli->query('SELECT p.id, p....')
#1 {main}

Error at 2026-03-28 15:25:18 (transactions.php)
Message: Table 'pos_inventory_system_db.transactions' doesn't exist
Stack trace: #0 C:\Users\Asus\Downloads\Website\api\transactions.php(38): mysqli->query('SELECT t.id, t....')
#1 {main}

Error at 2026-03-28 15:25:18
Message: Table 'pos_inventory_system_db.products' doesn't exist
Stack trace: #0 C:\Users\Asus\Downloads\Website\api\products.php(36): mysqli->query('SELECT p.id, p....')
#1 {main}

Error at 2026-03-28 15:25:18 (transactions.php)
Message: Table 'pos_inventory_system_db.transactions' doesn't exist
Stack trace: #0 C:\Users\Asus\Downloads\Website\api\transactions.php(38): mysqli->query('SELECT t.id, t....')
#1 {main}

Error at 2026-03-28 15:25:19
Message: Table 'pos_inventory_system_db.products' doesn't exist
Stack trace: #0 C:\Users\Asus\Downloads\Website\api\products.php(36): mysqli->query('SELECT p.id, p....')
#1 {main}

Error at 2026-03-28 15:25:19 (transactions.php)
Message: Table 'pos_inventory_system_db.transactions' doesn't exist
Stack trace: #0 C:\Users\Asus\Downloads\Website\api\transactions.php(38): mysqli->query('SELECT t.id, t....')
#1 {main}

Error at 2026-03-28 15:25:19
Message: Table 'pos_inventory_system_db.products' doesn't exist
Stack trace: #0 C:\Users\Asus\Downloads\Website\api\products.php(36): mysqli->query('SELECT p.id, p....')
#1 {main}

Error at 2026-03-28 15:25:20 (transactions.php)
Message: Table 'pos_inventory_system_db.transactions' doesn't exist
Stack trace: #0 C:\Users\Asus\Downloads\Website\api\transactions.php(38): mysqli->query('SELECT t.id, t....')
#1 {main}

Error at 2026-03-28 15:25:20
Message: Table 'pos_inventory_system_db.products' doesn't exist
Stack trace: #0 C:\Users\Asus\Downloads\Website\api\products.php(36): mysqli->query('SELECT p.id, p....')
#1 {main}

Error at 2026-03-28 15:25:20 (transactions.php)
Message: Table 'pos_inventory_system_db.transactions' doesn't exist
Stack trace: #0 C:\Users\Asus\Downloads\Website\api\transactions.php(38): mysqli->query('SELECT t.id, t....')
#1 {main}

Error at 2026-03-28 15:25:20
Message: Table 'pos_inventory_system_db.products' doesn't exist
Stack trace: #0 C:\Users\Asus\Downloads\Website\api\products.php(36): mysqli->query('SELECT p.id, p....')
#1 {main}

Error at 2026-03-28 15:25:20 (transactions.php)
Message: Table 'pos_inventory_system_db.transactions' doesn't exist
Stack trace: #0 C:\Users\Asus\Downloads\Website\api\transactions.php(38): mysqli->query('SELECT t.id, t....')
#1 {main}

Error at 2026-03-28 15:25:21
Message: Table 'pos_inventory_system_db.products' doesn't exist
Stack trace: #0 C:\Users\Asus\Downloads\Website\api\products.php(36): mysqli->query('SELECT p.id, p....')
#1 {main}

Error at 2026-03-28 15:25:21 (transactions.php)
Message: Table 'pos_inventory_system_db.transactions' doesn't exist
Stack trace: #0 C:\Users\Asus\Downloads\Website\api\transactions.php(38): mysqli->query('SELECT t.id, t....')
#1 {main}

Error at 2026-03-28 15:25:21
Message: Table 'pos_inventory_system_db.products' doesn't exist
Stack trace: #0 C:\Users\Asus\Downloads\Website\api\products.php(36): mysqli->query('SELECT p.id, p....')
#1 {main}

Error at 2026-03-28 15:25:21 (transactions.php)
Message: Table 'pos_inventory_system_db.transactions' doesn't exist
Stack trace: #0 C:\Users\Asus\Downloads\Website\api\transactions.php(38): mysqli->query('SELECT t.id, t....')
#1 {main}

Error at 2026-03-28 15:25:22
Message: Table 'pos_inventory_system_db.products' doesn't exist
Stack trace: #0 C:\Users\Asus\Downloads\Website\api\products.php(36): mysqli->query('SELECT p.id, p....')
#1 {main}

Error at 2026-03-28 15:25:22 (transactions.php)
Message: Table 'pos_inventory_system_db.transactions' doesn't exist
Stack trace: #0 C:\Users\Asus\Downloads\Website\api\transactions.php(38): mysqli->query('SELECT t.id, t....')
#1 {main}

Error at 2026-03-28 15:25:22
Message: Table 'pos_inventory_system_db.products' doesn't exist
Stack trace: #0 C:\Users\Asus\Downloads\Website\api\products.php(36): mysqli->query('SELECT p.id, p....')
#1 {main}

Error at 2026-03-28 15:25:22 (transactions.php)
Message: Table 'pos_inventory_system_db.transactions' doesn't exist
Stack trace: #0 C:\Users\Asus\Downloads\Website\api\transactions.php(38): mysqli->query('SELECT t.id, t....')
#1 {main}

Error at 2026-03-28 15:25:23
Message: Table 'pos_inventory_system_db.products' doesn't exist
Stack trace: #0 C:\Users\Asus\Downloads\Website\api\products.php(36): mysqli->query('SELECT p.id, p....')
#1 {main}

Error at 2026-03-28 15:25:23 (transactions.php)
Message: Table 'pos_inventory_system_db.transactions' doesn't exist
Stack trace: #0 C:\Users\Asus\Downloads\Website\api\transactions.php(38): mysqli->query('SELECT t.id, t....')
#1 {main}

Error at 2026-03-28 15:25:23
Message: Table 'pos_inventory_system_db.products' doesn't exist
Stack trace: #0 C:\Users\Asus\Downloads\Website\api\products.php(36): mysqli->query('SELECT p.id, p....')
#1 {main}

Error at 2026-03-28 15:25:23 (transactions.php)
Message: Table 'pos_inventory_system_db.transactions' doesn't exist
Stack trace: #0 C:\Users\Asus\Downloads\Website\api\transactions.php(38): mysqli->query('SELECT t.id, t....')
#1 {main}

Error at 2026-03-28 15:25:24
Message: Table 'pos_inventory_system_db.products' doesn't exist
Stack trace: #0 C:\Users\Asus\Downloads\Website\api\products.php(36): mysqli->query('SELECT p.id, p....')
#1 {main}

Error at 2026-03-28 15:25:24 (transactions.php)
Message: Table 'pos_inventory_system_db.transactions' doesn't exist
Stack trace: #0 C:\Users\Asus\Downloads\Website\api\transactions.php(38): mysqli->query('SELECT t.id, t....')
#1 {main}

Error at 2026-03-28 15:25:24
Message: Table 'pos_inventory_system_db.products' doesn't exist
Stack trace: #0 C:\Users\Asus\Downloads\Website\api\products.php(36): mysqli->query('SELECT p.id, p....')
#1 {main}

Error at 2026-03-28 15:25:24 (transactions.php)
Message: Table 'pos_inventory_system_db.transactions' doesn't exist
Stack trace: #0 C:\Users\Asus\Downloads\Website\api\transactions.php(38): mysqli->query('SELECT t.id, t....')
#1 {main}

Error at 2026-03-28 15:25:25
Message: Table 'pos_inventory_system_db.products' doesn't exist
Stack trace: #0 C:\Users\Asus\Downloads\Website\api\products.php(36): mysqli->query('SELECT p.id, p....')
#1 {main}

Error at 2026-03-28 15:25:25 (transactions.php)
Message: Table 'pos_inventory_system_db.transactions' doesn't exist
Stack trace: #0 C:\Users\Asus\Downloads\Website\api\transactions.php(38): mysqli->query('SELECT t.id, t....')
#1 {main}

Error at 2026-03-28 15:25:25
Message: Table 'pos_inventory_system_db.products' doesn't exist
Stack trace: #0 C:\Users\Asus\Downloads\Website\api\products.php(36): mysqli->query('SELECT p.id, p....')
#1 {main}

Error at 2026-03-28 15:25:25 (transactions.php)
Message: Table 'pos_inventory_system_db.transactions' doesn't exist
Stack trace: #0 C:\Users\Asus\Downloads\Website\api\transactions.php(38): mysqli->query('SELECT t.id, t....')
#1 {main}

Error at 2026-03-28 15:25:26
Message: Table 'pos_inventory_system_db.products' doesn't exist
Stack trace: #0 C:\Users\Asus\Downloads\Website\api\products.php(36): mysqli->query('SELECT p.id, p....')
#1 {main}

Error at 2026-03-28 15:25:26 (transactions.php)
Message: Table 'pos_inventory_system_db.transactions' doesn't exist
Stack trace: #0 C:\Users\Asus\Downloads\Website\api\transactions.php(38): mysqli->query('SELECT t.id, t....')
#1 {main}

Error at 2026-03-28 15:25:26
Message: Table 'pos_inventory_system_db.products' doesn't exist
Stack trace: #0 C:\Users\Asus\Downloads\Website\api\products.php(36): mysqli->query('SELECT p.id, p....')
#1 {main}

Error at 2026-03-28 15:25:26 (transactions.php)
Message: Table 'pos_inventory_system_db.transactions' doesn't exist
Stack trace: #0 C:\Users\Asus\Downloads\Website\api\transactions.php(38): mysqli->query('SELECT t.id, t....')
#1 {main}

Error at 2026-03-28 15:25:27
Message: Table 'pos_inventory_system_db.products' doesn't exist
Stack trace: #0 C:\Users\Asus\Downloads\Website\api\products.php(36): mysqli->query('SELECT p.id, p....')
#1 {main}

Error at 2026-03-28 15:25:27 (transactions.php)
Message: Table 'pos_inventory_system_db.transactions' doesn't exist
Stack trace: #0 C:\Users\Asus\Downloads\Website\api\transactions.php(38): mysqli->query('SELECT t.id, t....')
#1 {main}

Error at 2026-03-28 15:25:27
Message: Table 'pos_inventory_system_db.products' doesn't exist
Stack trace: #0 C:\Users\Asus\Downloads\Website\api\products.php(36): mysqli->query('SELECT p.id, p....')
#1 {main}

Error at 2026-03-28 15:25:27 (transactions.php)
Message: Table 'pos_inventory_system_db.transactions' doesn't exist
Stack trace: #0 C:\Users\Asus\Downloads\Website\api\transactions.php(38): mysqli->query('SELECT t.id, t....')
#1 {main}

Error at 2026-03-28 15:25:28
Message: Table 'pos_inventory_system_db.products' doesn't exist
Stack trace: #0 C:\Users\Asus\Downloads\Website\api\products.php(36): mysqli->query('SELECT p.id, p....')
#1 {main}

Error at 2026-03-28 15:25:28 (transactions.php)
Message: Table 'pos_inventory_system_db.transactions' doesn't exist
Stack trace: #0 C:\Users\Asus\Downloads\Website\api\transactions.php(38): mysqli->query('SELECT t.id, t....')
#1 {main}

Error at 2026-03-28 15:25:29
Message: Table 'pos_inventory_system_db.products' doesn't exist
Stack trace: #0 C:\Users\Asus\Downloads\Website\api\products.php(36): mysqli->query('SELECT p.id, p....')
#1 {main}

Error at 2026-03-28 15:25:29 (transactions.php)
Message: Table 'pos_inventory_system_db.transactions' doesn't exist
Stack trace: #0 C:\Users\Asus\Downloads\Website\api\transactions.php(38): mysqli->query('SELECT t.id, t....')
#1 {main}

Error at 2026-03-28 15:25:29
Message: Table 'pos_inventory_system_db.products' doesn't exist
Stack trace: #0 C:\Users\Asus\Downloads\Website\api\products.php(36): mysqli->query('SELECT p.id, p....')
#1 {main}

Error at 2026-03-28 15:25:29 (transactions.php)
Message: Table 'pos_inventory_system_db.transactions' doesn't exist
Stack trace: #0 C:\Users\Asus\Downloads\Website\api\transactions.php(38): mysqli->query('SELECT t.id, t....')
#1 {main}

Error at 2026-03-28 15:25:29
Message: Table 'pos_inventory_system_db.products' doesn't exist
Stack trace: #0 C:\Users\Asus\Downloads\Website\api\products.php(36): mysqli->query('SELECT p.id, p....')
#1 {main}

Error at 2026-03-28 15:25:29 (transactions.php)
Message: Table 'pos_inventory_system_db.transactions' doesn't exist
Stack trace: #0 C:\Users\Asus\Downloads\Website\api\transactions.php(38): mysqli->query('SELECT t.id, t....')
#1 {main}

Error at 2026-03-28 15:25:30
Message: Table 'pos_inventory_system_db.products' doesn't exist
Stack trace: #0 C:\Users\Asus\Downloads\Website\api\products.php(36): mysqli->query('SELECT p.id, p....')
#1 {main}

Error at 2026-03-28 15:25:30 (transactions.php)
Message: Table 'pos_inventory_system_db.transactions' doesn't exist
Stack trace: #0 C:\Users\Asus\Downloads\Website\api\transactions.php(38): mysqli->query('SELECT t.id, t....')
#1 {main}

Error at 2026-03-28 15:25:30
Message: Table 'pos_inventory_system_db.products' doesn't exist
Stack trace: #0 C:\Users\Asus\Downloads\Website\api\products.php(36): mysqli->query('SELECT p.id, p....')
#1 {main}

Error at 2026-03-28 15:25:30 (transactions.php)
Message: Table 'pos_inventory_system_db.transactions' doesn't exist
Stack trace: #0 C:\Users\Asus\Downloads\Website\api\transactions.php(38): mysqli->query('SELECT t.id, t....')
#1 {main}

Error at 2026-03-28 15:25:31
Message: Table 'pos_inventory_system_db.products' doesn't exist
Stack trace: #0 C:\Users\Asus\Downloads\Website\api\products.php(36): mysqli->query('SELECT p.id, p....')
#1 {main}

Error at 2026-03-28 15:25:31 (transactions.php)
Message: Table 'pos_inventory_system_db.transactions' doesn't exist
Stack trace: #0 C:\Users\Asus\Downloads\Website\api\transactions.php(38): mysqli->query('SELECT t.id, t....')
#1 {main}

Error at 2026-03-28 15:25:31
Message: Table 'pos_inventory_system_db.products' doesn't exist
Stack trace: #0 C:\Users\Asus\Downloads\Website\api\products.php(36): mysqli->query('SELECT p.id, p....')
#1 {main}

Error at 2026-03-28 15:25:31 (transactions.php)
Message: Table 'pos_inventory_system_db.transactions' doesn't exist
Stack trace: #0 C:\Users\Asus\Downloads\Website\api\transactions.php(38): mysqli->query('SELECT t.id, t....')
#1 {main}

Error at 2026-03-28 15:25:32
Message: Table 'pos_inventory_system_db.products' doesn't exist
Stack trace: #0 C:\Users\Asus\Downloads\Website\api\products.php(36): mysqli->query('SELECT p.id, p....')
#1 {main}

Error at 2026-03-28 15:25:32 (transactions.php)
Message: Table 'pos_inventory_system_db.transactions' doesn't exist
Stack trace: #0 C:\Users\Asus\Downloads\Website\api\transactions.php(38): mysqli->query('SELECT t.id, t....')
#1 {main}

Error at 2026-03-28 15:25:32
Message: Table 'pos_inventory_system_db.products' doesn't exist
Stack trace: #0 C:\Users\Asus\Downloads\Website\api\products.php(36): mysqli->query('SELECT p.id, p....')
#1 {main}

Error at 2026-03-28 15:25:32 (transactions.php)
Message: Table 'pos_inventory_system_db.transactions' doesn't exist
Stack trace: #0 C:\Users\Asus\Downloads\Website\api\transactions.php(38): mysqli->query('SELECT t.id, t....')
#1 {main}

Error at 2026-03-28 15:25:33
Message: Table 'pos_inventory_system_db.products' doesn't exist
Stack trace: #0 C:\Users\Asus\Downloads\Website\api\products.php(36): mysqli->query('SELECT p.id, p....')
#1 {main}

Error at 2026-03-28 15:25:33 (transactions.php)
Message: Table 'pos_inventory_system_db.transactions' doesn't exist
Stack trace: #0 C:\Users\Asus\Downloads\Website\api\transactions.php(38): mysqli->query('SELECT t.id, t....')
#1 {main}

Error at 2026-03-28 15:25:33
Message: Table 'pos_inventory_system_db.products' doesn't exist
Stack trace: #0 C:\Users\Asus\Downloads\Website\api\products.php(36): mysqli->query('SELECT p.id, p....')
#1 {main}

Error at 2026-03-28 15:25:33 (transactions.php)
Message: Table 'pos_inventory_system_db.transactions' doesn't exist
Stack trace: #0 C:\Users\Asus\Downloads\Website\api\transactions.php(38): mysqli->query('SELECT t.id, t....')
#1 {main}

Error at 2026-03-28 15:25:34
Message: Table 'pos_inventory_system_db.products' doesn't exist
Stack trace: #0 C:\Users\Asus\Downloads\Website\api\products.php(36): mysqli->query('SELECT p.id, p....')
#1 {main}

Error at 2026-03-28 15:25:34 (transactions.php)
Message: Table 'pos_inventory_system_db.transactions' doesn't exist
Stack trace: #0 C:\Users\Asus\Downloads\Website\api\transactions.php(38): mysqli->query('SELECT t.id, t....')
#1 {main}

Error at 2026-03-28 15:25:34
Message: Table 'pos_inventory_system_db.products' doesn't exist
Stack trace: #0 C:\Users\Asus\Downloads\Website\api\products.php(36): mysqli->query('SELECT p.id, p....')
#1 {main}

Error at 2026-03-28 15:25:34 (transactions.php)
Message: Table 'pos_inventory_system_db.transactions' doesn't exist
Stack trace: #0 C:\Users\Asus\Downloads\Website\api\transactions.php(38): mysqli->query('SELECT t.id, t....')
#1 {main}

Error at 2026-03-28 15:25:35
Message: Table 'pos_inventory_system_db.products' doesn't exist
Stack trace: #0 C:\Users\Asus\Downloads\Website\api\products.php(36): mysqli->query('SELECT p.id, p....')
#1 {main}

Error at 2026-03-28 15:25:35 (transactions.php)
Message: Table 'pos_inventory_system_db.transactions' doesn't exist
Stack trace: #0 C:\Users\Asus\Downloads\Website\api\transactions.php(38): mysqli->query('SELECT t.id, t....')
#1 {main}

Error at 2026-03-28 15:25:35
Message: Table 'pos_inventory_system_db.products' doesn't exist
Stack trace: #0 C:\Users\Asus\Downloads\Website\api\products.php(36): mysqli->query('SELECT p.id, p....')
#1 {main}

Error at 2026-03-28 15:25:36 (transactions.php)
Message: Table 'pos_inventory_system_db.transactions' doesn't exist
Stack trace: #0 C:\Users\Asus\Downloads\Website\api\transactions.php(38): mysqli->query('SELECT t.id, t....')
#1 {main}

Error at 2026-03-28 15:25:36
Message: Table 'pos_inventory_system_db.products' doesn't exist
Stack trace: #0 C:\Users\Asus\Downloads\Website\api\products.php(36): mysqli->query('SELECT p.id, p....')
#1 {main}

Error at 2026-03-28 15:25:36 (transactions.php)
Message: Table 'pos_inventory_system_db.transactions' doesn't exist
Stack trace: #0 C:\Users\Asus\Downloads\Website\api\transactions.php(38): mysqli->query('SELECT t.id, t....')
#1 {main}

Error at 2026-03-28 15:25:37
Message: Table 'pos_inventory_system_db.products' doesn't exist
Stack trace: #0 C:\Users\Asus\Downloads\Website\api\products.php(36): mysqli->query('SELECT p.id, p....')
#1 {main}

Error at 2026-03-28 15:25:37 (transactions.php)
Message: Table 'pos_inventory_system_db.transactions' doesn't exist
Stack trace: #0 C:\Users\Asus\Downloads\Website\api\transactions.php(38): mysqli->query('SELECT t.id, t....')
#1 {main}

Error at 2026-03-28 15:25:38
Message: Table 'pos_inventory_system_db.products' doesn't exist
Stack trace: #0 C:\Users\Asus\Downloads\Website\api\products.php(36): mysqli->query('SELECT p.id, p....')
#1 {main}

Error at 2026-03-28 15:25:38 (transactions.php)
Message: Table 'pos_inventory_system_db.transactions' doesn't exist
Stack trace: #0 C:\Users\Asus\Downloads\Website\api\transactions.php(38): mysqli->query('SELECT t.id, t....')
#1 {main}

Error at 2026-03-28 15:25:39
Message: Table 'pos_inventory_system_db.products' doesn't exist
Stack trace: #0 C:\Users\Asus\Downloads\Website\api\products.php(36): mysqli->query('SELECT p.id, p....')
#1 {main}

Error at 2026-03-28 15:25:39
Message: Table 'pos_inventory_system_db.products' doesn't exist
Stack trace: #0 C:\Users\Asus\Downloads\Website\api\products.php(36): mysqli->query('SELECT p.id, p....')
#1 {main}

Error at 2026-03-28 15:25:39 (transactions.php)
Message: Table 'pos_inventory_system_db.transactions' doesn't exist
Stack trace: #0 C:\Users\Asus\Downloads\Website\api\transactions.php(38): mysqli->query('SELECT t.id, t....')
#1 {main}

Error at 2026-03-28 15:25:39 (transactions.php)
Message: Table 'pos_inventory_system_db.transactions' doesn't exist
Stack trace: #0 C:\Users\Asus\Downloads\Website\api\transactions.php(38): mysqli->query('SELECT t.id, t....')
#1 {main}

Error at 2026-03-28 15:25:39
Message: Table 'pos_inventory_system_db.products' doesn't exist
Stack trace: #0 C:\Users\Asus\Downloads\Website\api\products.php(36): mysqli->query('SELECT p.id, p....')
#1 {main}

Error at 2026-03-28 15:25:39 (transactions.php)
Message: Table 'pos_inventory_system_db.transactions' doesn't exist
Stack trace: #0 C:\Users\Asus\Downloads\Website\api\transactions.php(38): mysqli->query('SELECT t.id, t....')
#1 {main}

Error at 2026-03-28 15:25:40
Message: Table 'pos_inventory_system_db.products' doesn't exist
Stack trace: #0 C:\Users\Asus\Downloads\Website\api\products.php(36): mysqli->query('SELECT p.id, p....')
#1 {main}

Error at 2026-03-28 15:25:41 (transactions.php)
Message: Table 'pos_inventory_system_db.transactions' doesn't exist
Stack trace: #0 C:\Users\Asus\Downloads\Website\api\transactions.php(38): mysqli->query('SELECT t.id, t....')
#1 {main}

Error at 2026-03-28 15:25:41
Message: Table 'pos_inventory_system_db.products' doesn't exist
Stack trace: #0 C:\Users\Asus\Downloads\Website\api\products.php(36): mysqli->query('SELECT p.id, p....')
#1 {main}

Error at 2026-03-28 15:25:41 (transactions.php)
Message: Table 'pos_inventory_system_db.transactions' doesn't exist
Stack trace: #0 C:\Users\Asus\Downloads\Website\api\transactions.php(38): mysqli->query('SELECT t.id, t....')
#1 {main}

Error at 2026-03-28 15:25:42
Message: Table 'pos_inventory_system_db.products' doesn't exist
Stack trace: #0 C:\Users\Asus\Downloads\Website\api\products.php(36): mysqli->query('SELECT p.id, p....')
#1 {main}

Error at 2026-03-28 15:25:42 (transactions.php)
Message: Table 'pos_inventory_system_db.transactions' doesn't exist
Stack trace: #0 C:\Users\Asus\Downloads\Website\api\transactions.php(38): mysqli->query('SELECT t.id, t....')
#1 {main}

Error at 2026-03-28 15:25:43
Message: Table 'pos_inventory_system_db.products' doesn't exist
Stack trace: #0 C:\Users\Asus\Downloads\Website\api\products.php(36): mysqli->query('SELECT p.id, p....')
#1 {main}

Error at 2026-03-28 15:25:43 (transactions.php)
Message: Table 'pos_inventory_system_db.transactions' doesn't exist
Stack trace: #0 C:\Users\Asus\Downloads\Website\api\transactions.php(38): mysqli->query('SELECT t.id, t....')
#1 {main}

Error at 2026-03-28 15:25:44
Message: Table 'pos_inventory_system_db.products' doesn't exist
Stack trace: #0 C:\Users\Asus\Downloads\Website\api\products.php(36): mysqli->query('SELECT p.id, p....')
#1 {main}

Error at 2026-03-28 15:25:44 (transactions.php)
Message: Table 'pos_inventory_system_db.transactions' doesn't exist
Stack trace: #0 C:\Users\Asus\Downloads\Website\api\transactions.php(38): mysqli->query('SELECT t.id, t....')
#1 {main}

Error at 2026-03-28 15:25:45
Message: Table 'pos_inventory_system_db.products' doesn't exist
Stack trace: #0 C:\Users\Asus\Downloads\Website\api\products.php(36): mysqli->query('SELECT p.id, p....')
#1 {main}

Error at 2026-03-28 15:25:45 (transactions.php)
Message: Table 'pos_inventory_system_db.transactions' doesn't exist
Stack trace: #0 C:\Users\Asus\Downloads\Website\api\transactions.php(38): mysqli->query('SELECT t.id, t....')
#1 {main}

Error at 2026-03-28 15:25:46
Message: Table 'pos_inventory_system_db.products' doesn't exist
Stack trace: #0 C:\Users\Asus\Downloads\Website\api\products.php(36): mysqli->query('SELECT p.id, p....')
#1 {main}

Error at 2026-03-28 15:25:46 (transactions.php)
Message: Table 'pos_inventory_system_db.transactions' doesn't exist
Stack trace: #0 C:\Users\Asus\Downloads\Website\api\transactions.php(38): mysqli->query('SELECT t.id, t....')
#1 {main}

Error at 2026-03-28 15:25:48
Message: Table 'pos_inventory_system_db.products' doesn't exist
Stack trace: #0 C:\Users\Asus\Downloads\Website\api\products.php(36): mysqli->query('SELECT p.id, p....')
#1 {main}

Error at 2026-03-28 15:25:48 (transactions.php)
Message: Table 'pos_inventory_system_db.transactions' doesn't exist
Stack trace: #0 C:\Users\Asus\Downloads\Website\api\transactions.php(38): mysqli->query('SELECT t.id, t....')
#1 {main}

Error at 2026-03-28 15:25:48
Message: Table 'pos_inventory_system_db.products' doesn't exist
Stack trace: #0 C:\Users\Asus\Downloads\Website\api\products.php(36): mysqli->query('SELECT p.id, p....')
#1 {main}

Error at 2026-03-28 15:25:48 (transactions.php)
Message: Table 'pos_inventory_system_db.transactions' doesn't exist
Stack trace: #0 C:\Users\Asus\Downloads\Website\api\transactions.php(38): mysqli->query('SELECT t.id, t....')
#1 {main}

Error at 2026-03-28 15:25:50
Message: Table 'pos_inventory_system_db.products' doesn't exist
Stack trace: #0 C:\Users\Asus\Downloads\Website\api\products.php(36): mysqli->query('SELECT p.id, p....')
#1 {main}

Error at 2026-03-28 15:25:50 (transactions.php)
Message: Table 'pos_inventory_system_db.transactions' doesn't exist
Stack trace: #0 C:\Users\Asus\Downloads\Website\api\transactions.php(38): mysqli->query('SELECT t.id, t....')
#1 {main}

Error at 2026-03-28 15:25:50
Message: Table 'pos_inventory_system_db.products' doesn't exist
Stack trace: #0 C:\Users\Asus\Downloads\Website\api\products.php(36): mysqli->query('SELECT p.id, p....')
#1 {main}

Error at 2026-03-28 15:25:50 (transactions.php)
Message: Table 'pos_inventory_system_db.transactions' doesn't exist
Stack trace: #0 C:\Users\Asus\Downloads\Website\api\transactions.php(38): mysqli->query('SELECT t.id, t....')
#1 {main}

Error at 2026-03-28 15:25:52
Message: Table 'pos_inventory_system_db.products' doesn't exist
Stack trace: #0 C:\Users\Asus\Downloads\Website\api\products.php(36): mysqli->query('SELECT p.id, p....')
#1 {main}

Error at 2026-03-28 15:25:52 (transactions.php)
Message: Table 'pos_inventory_system_db.transactions' doesn't exist
Stack trace: #0 C:\Users\Asus\Downloads\Website\api\transactions.php(38): mysqli->query('SELECT t.id, t....')
#1 {main}

Error at 2026-03-28 15:25:52
Message: Table 'pos_inventory_system_db.products' doesn't exist
Stack trace: #0 C:\Users\Asus\Downloads\Website\api\products.php(36): mysqli->query('SELECT p.id, p....')
#1 {main}

Error at 2026-03-28 15:25:52 (transactions.php)
Message: Table 'pos_inventory_system_db.transactions' doesn't exist
Stack trace: #0 C:\Users\Asus\Downloads\Website\api\transactions.php(38): mysqli->query('SELECT t.id, t....')
#1 {main}

Error at 2026-03-28 15:25:53
Message: Table 'pos_inventory_system_db.products' doesn't exist
Stack trace: #0 C:\Users\Asus\Downloads\Website\api\products.php(36): mysqli->query('SELECT p.id, p....')
#1 {main}

Error at 2026-03-28 15:25:53 (transactions.php)
Message: Table 'pos_inventory_system_db.transactions' doesn't exist
Stack trace: #0 C:\Users\Asus\Downloads\Website\api\transactions.php(38): mysqli->query('SELECT t.id, t....')
#1 {main}

Error at 2026-03-28 15:25:54
Message: Table 'pos_inventory_system_db.products' doesn't exist
Stack trace: #0 C:\Users\Asus\Downloads\Website\api\products.php(36): mysqli->query('SELECT p.id, p....')
#1 {main}

Error at 2026-03-28 15:25:55 (transactions.php)
Message: Table 'pos_inventory_system_db.transactions' doesn't exist
Stack trace: #0 C:\Users\Asus\Downloads\Website\api\transactions.php(38): mysqli->query('SELECT t.id, t....')
#1 {main}

Error at 2026-03-28 15:25:55
Message: Table 'pos_inventory_system_db.products' doesn't exist
Stack trace: #0 C:\Users\Asus\Downloads\Website\api\products.php(36): mysqli->query('SELECT p.id, p....')
#1 {main}

Error at 2026-03-28 15:25:56 (transactions.php)
Message: Table 'pos_inventory_system_db.transactions' doesn't exist
Stack trace: #0 C:\Users\Asus\Downloads\Website\api\transactions.php(38): mysqli->query('SELECT t.id, t....')
#1 {main}

Error at 2026-03-28 15:25:56
Message: Table 'pos_inventory_system_db.products' doesn't exist
Stack trace: #0 C:\Users\Asus\Downloads\Website\api\products.php(36): mysqli->query('SELECT p.id, p....')
#1 {main}

Error at 2026-03-28 15:25:56 (transactions.php)
Message: Table 'pos_inventory_system_db.transactions' doesn't exist
Stack trace: #0 C:\Users\Asus\Downloads\Website\api\transactions.php(38): mysqli->query('SELECT t.id, t....')
#1 {main}

Error at 2026-03-28 15:25:58
Message: Table 'pos_inventory_system_db.products' doesn't exist
Stack trace: #0 C:\Users\Asus\Downloads\Website\api\products.php(36): mysqli->query('SELECT p.id, p....')
#1 {main}

Error at 2026-03-28 15:25:58 (transactions.php)
Message: Table 'pos_inventory_system_db.transactions' doesn't exist
Stack trace: #0 C:\Users\Asus\Downloads\Website\api\transactions.php(38): mysqli->query('SELECT t.id, t....')
#1 {main}

Error at 2026-03-28 15:25:58
Message: Table 'pos_inventory_system_db.products' doesn't exist
Stack trace: #0 C:\Users\Asus\Downloads\Website\api\products.php(36): mysqli->query('SELECT p.id, p....')
#1 {main}

Error at 2026-03-28 15:25:58 (transactions.php)
Message: Table 'pos_inventory_system_db.transactions' doesn't exist
Stack trace: #0 C:\Users\Asus\Downloads\Website\api\transactions.php(38): mysqli->query('SELECT t.id, t....')
#1 {main}

Error at 2026-03-28 15:25:59
Message: Table 'pos_inventory_system_db.products' doesn't exist
Stack trace: #0 C:\Users\Asus\Downloads\Website\api\products.php(36): mysqli->query('SELECT p.id, p....')
#1 {main}

Error at 2026-03-28 15:25:59 (transactions.php)
Message: Table 'pos_inventory_system_db.transactions' doesn't exist
Stack trace: #0 C:\Users\Asus\Downloads\Website\api\transactions.php(38): mysqli->query('SELECT t.id, t....')
#1 {main}

Error at 2026-03-28 15:26:00
Message: Table 'pos_inventory_system_db.products' doesn't exist
Stack trace: #0 C:\Users\Asus\Downloads\Website\api\products.php(36): mysqli->query('SELECT p.id, p....')
#1 {main}

Error at 2026-03-28 15:26:00 (transactions.php)
Message: Table 'pos_inventory_system_db.transactions' doesn't exist
Stack trace: #0 C:\Users\Asus\Downloads\Website\api\transactions.php(38): mysqli->query('SELECT t.id, t....')
#1 {main}

Error at 2026-03-28 15:26:01
Message: Table 'pos_inventory_system_db.products' doesn't exist
Stack trace: #0 C:\Users\Asus\Downloads\Website\api\products.php(36): mysqli->query('SELECT p.id, p....')
#1 {main}

Error at 2026-03-28 15:26:01 (transactions.php)
Message: Table 'pos_inventory_system_db.transactions' doesn't exist
Stack trace: #0 C:\Users\Asus\Downloads\Website\api\transactions.php(38): mysqli->query('SELECT t.id, t....')
#1 {main}

Error at 2026-03-28 15:26:02
Message: Table 'pos_inventory_system_db.products' doesn't exist
Stack trace: #0 C:\Users\Asus\Downloads\Website\api\products.php(36): mysqli->query('SELECT p.id, p....')
#1 {main}

Error at 2026-03-28 15:26:03 (transactions.php)
Message: Table 'pos_inventory_system_db.transactions' doesn't exist
Stack trace: #0 C:\Users\Asus\Downloads\Website\api\transactions.php(38): mysqli->query('SELECT t.id, t....')
#1 {main}

Error at 2026-03-28 15:26:03
Message: Table 'pos_inventory_system_db.products' doesn't exist
Stack trace: #0 C:\Users\Asus\Downloads\Website\api\products.php(36): mysqli->query('SELECT p.id, p....')
#1 {main}

Error at 2026-03-28 15:26:03 (transactions.php)
Message: Table 'pos_inventory_system_db.transactions' doesn't exist
Stack trace: #0 C:\Users\Asus\Downloads\Website\api\transactions.php(38): mysqli->query('SELECT t.id, t....')
#1 {main}

Error at 2026-03-28 15:26:04
Message: Table 'pos_inventory_system_db.products' doesn't exist
Stack trace: #0 C:\Users\Asus\Downloads\Website\api\products.php(36): mysqli->query('SELECT p.id, p....')
#1 {main}

Error at 2026-03-28 15:26:05 (transactions.php)
Message: Table 'pos_inventory_system_db.transactions' doesn't exist
Stack trace: #0 C:\Users\Asus\Downloads\Website\api\transactions.php(38): mysqli->query('SELECT t.id, t....')
#1 {main}

Error at 2026-03-28 15:26:05
Message: Table 'pos_inventory_system_db.products' doesn't exist
Stack trace: #0 C:\Users\Asus\Downloads\Website\api\products.php(36): mysqli->query('SELECT p.id, p....')
#1 {main}

Error at 2026-03-28 15:26:05 (transactions.php)
Message: Table 'pos_inventory_system_db.transactions' doesn't exist
Stack trace: #0 C:\Users\Asus\Downloads\Website\api\transactions.php(38): mysqli->query('SELECT t.id, t....')
#1 {main}

Error at 2026-03-28 15:26:06
Message: Table 'pos_inventory_system_db.products' doesn't exist
Stack trace: #0 C:\Users\Asus\Downloads\Website\api\products.php(36): mysqli->query('SELECT p.id, p....')
#1 {main}

Error at 2026-03-28 15:26:06 (transactions.php)
Message: Table 'pos_inventory_system_db.transactions' doesn't exist
Stack trace: #0 C:\Users\Asus\Downloads\Website\api\transactions.php(38): mysqli->query('SELECT t.id, t....')
#1 {main}

Error at 2026-03-28 15:26:08
Message: Table 'pos_inventory_system_db.products' doesn't exist
Stack trace: #0 C:\Users\Asus\Downloads\Website\api\products.php(36): mysqli->query('SELECT p.id, p....')
#1 {main}

Error at 2026-03-28 15:26:08 (transactions.php)
Message: Table 'pos_inventory_system_db.transactions' doesn't exist
Stack trace: #0 C:\Users\Asus\Downloads\Website\api\transactions.php(38): mysqli->query('SELECT t.id, t....')
#1 {main}

Error at 2026-03-28 15:26:08
Message: Table 'pos_inventory_system_db.products' doesn't exist
Stack trace: #0 C:\Users\Asus\Downloads\Website\api\products.php(36): mysqli->query('SELECT p.id, p....')
#1 {main}

Error at 2026-03-28 15:26:08 (transactions.php)
Message: Table 'pos_inventory_system_db.transactions' doesn't exist
Stack trace: #0 C:\Users\Asus\Downloads\Website\api\transactions.php(38): mysqli->query('SELECT t.id, t....')
#1 {main}

Error at 2026-03-28 15:26:10
Message: Table 'pos_inventory_system_db.products' doesn't exist
Stack trace: #0 C:\Users\Asus\Downloads\Website\api\products.php(36): mysqli->query('SELECT p.id, p....')
#1 {main}

Error at 2026-03-28 15:26:10 (transactions.php)
Message: Table 'pos_inventory_system_db.transactions' doesn't exist
Stack trace: #0 C:\Users\Asus\Downloads\Website\api\transactions.php(38): mysqli->query('SELECT t.id, t....')
#1 {main}

Error at 2026-03-28 15:26:10
Message: Table 'pos_inventory_system_db.products' doesn't exist
Stack trace: #0 C:\Users\Asus\Downloads\Website\api\products.php(36): mysqli->query('SELECT p.id, p....')
#1 {main}

Error at 2026-03-28 15:26:10 (transactions.php)
Message: Table 'pos_inventory_system_db.transactions' doesn't exist
Stack trace: #0 C:\Users\Asus\Downloads\Website\api\transactions.php(38): mysqli->query('SELECT t.id, t....')
#1 {main}

Error at 2026-03-28 15:26:11
Message: Table 'pos_inventory_system_db.products' doesn't exist
Stack trace: #0 C:\Users\Asus\Downloads\Website\api\products.php(36): mysqli->query('SELECT p.id, p....')
#1 {main}

Error at 2026-03-28 15:26:11 (transactions.php)
Message: Table 'pos_inventory_system_db.transactions' doesn't exist
Stack trace: #0 C:\Users\Asus\Downloads\Website\api\transactions.php(38): mysqli->query('SELECT t.id, t....')
#1 {main}

Error at 2026-03-28 15:26:12
Message: Table 'pos_inventory_system_db.products' doesn't exist
Stack trace: #0 C:\Users\Asus\Downloads\Website\api\products.php(36): mysqli->query('SELECT p.id, p....')
#1 {main}

Error at 2026-03-28 15:26:12 (transactions.php)
Message: Table 'pos_inventory_system_db.transactions' doesn't exist
Stack trace: #0 C:\Users\Asus\Downloads\Website\api\transactions.php(38): mysqli->query('SELECT t.id, t....')
#1 {main}

Error at 2026-03-28 15:26:13
Message: Table 'pos_inventory_system_db.products' doesn't exist
Stack trace: #0 C:\Users\Asus\Downloads\Website\api\products.php(36): mysqli->query('SELECT p.id, p....')
#1 {main}

Error at 2026-03-28 15:26:14 (transactions.php)
Message: Table 'pos_inventory_system_db.transactions' doesn't exist
Stack trace: #0 C:\Users\Asus\Downloads\Website\api\transactions.php(38): mysqli->query('SELECT t.id, t....')
#1 {main}

Error at 2026-03-28 15:26:14
Message: Table 'pos_inventory_system_db.products' doesn't exist
Stack trace: #0 C:\Users\Asus\Downloads\Website\api\products.php(36): mysqli->query('SELECT p.id, p....')
#1 {main}

Error at 2026-03-28 15:26:14 (transactions.php)
Message: Table 'pos_inventory_system_db.transactions' doesn't exist
Stack trace: #0 C:\Users\Asus\Downloads\Website\api\transactions.php(38): mysqli->query('SELECT t.id, t....')
#1 {main}

Error at 2026-03-28 15:26:15
Message: Table 'pos_inventory_system_db.products' doesn't exist
Stack trace: #0 C:\Users\Asus\Downloads\Website\api\products.php(36): mysqli->query('SELECT p.id, p....')
#1 {main}

Error at 2026-03-28 15:26:16 (transactions.php)
Message: Table 'pos_inventory_system_db.transactions' doesn't exist
Stack trace: #0 C:\Users\Asus\Downloads\Website\api\transactions.php(38): mysqli->query('SELECT t.id, t....')
#1 {main}

Error at 2026-03-28 15:26:16
Message: Table 'pos_inventory_system_db.products' doesn't exist
Stack trace: #0 C:\Users\Asus\Downloads\Website\api\products.php(36): mysqli->query('SELECT p.id, p....')
#1 {main}

Error at 2026-03-28 15:26:16 (transactions.php)
Message: Table 'pos_inventory_system_db.transactions' doesn't exist
Stack trace: #0 C:\Users\Asus\Downloads\Website\api\transactions.php(38): mysqli->query('SELECT t.id, t....')
#1 {main}

Error at 2026-03-28 15:26:17
Message: Table 'pos_inventory_system_db.products' doesn't exist
Stack trace: #0 C:\Users\Asus\Downloads\Website\api\products.php(36): mysqli->query('SELECT p.id, p....')
#1 {main}

Error at 2026-03-28 15:26:17 (transactions.php)
Message: Table 'pos_inventory_system_db.transactions' doesn't exist
Stack trace: #0 C:\Users\Asus\Downloads\Website\api\transactions.php(38): mysqli->query('SELECT t.id, t....')
#1 {main}

Error at 2026-03-28 15:26:18
Message: Table 'pos_inventory_system_db.products' doesn't exist
Stack trace: #0 C:\Users\Asus\Downloads\Website\api\products.php(36): mysqli->query('SELECT p.id, p....')
#1 {main}

Error at 2026-03-28 15:26:18 (transactions.php)
Message: Table 'pos_inventory_system_db.transactions' doesn't exist
Stack trace: #0 C:\Users\Asus\Downloads\Website\api\transactions.php(38): mysqli->query('SELECT t.id, t....')
#1 {main}

Error at 2026-03-28 15:26:19
Message: Table 'pos_inventory_system_db.products' doesn't exist
Stack trace: #0 C:\Users\Asus\Downloads\Website\api\products.php(36): mysqli->query('SELECT p.id, p....')
#1 {main}

Error at 2026-03-28 15:26:19 (transactions.php)
Message: Table 'pos_inventory_system_db.transactions' doesn't exist
Stack trace: #0 C:\Users\Asus\Downloads\Website\api\transactions.php(38): mysqli->query('SELECT t.id, t....')
#1 {main}

Error at 2026-03-28 15:26:20
Message: Table 'pos_inventory_system_db.products' doesn't exist
Stack trace: #0 C:\Users\Asus\Downloads\Website\api\products.php(36): mysqli->query('SELECT p.id, p....')
#1 {main}

Error at 2026-03-28 15:26:20 (transactions.php)
Message: Table 'pos_inventory_system_db.transactions' doesn't exist
Stack trace: #0 C:\Users\Asus\Downloads\Website\api\transactions.php(38): mysqli->query('SELECT t.id, t....')
#1 {main}

Error at 2026-03-28 15:26:21
Message: Table 'pos_inventory_system_db.products' doesn't exist
Stack trace: #0 C:\Users\Asus\Downloads\Website\api\products.php(36): mysqli->query('SELECT p.id, p....')
#1 {main}

Error at 2026-03-28 15:26:22 (transactions.php)
Message: Table 'pos_inventory_system_db.transactions' doesn't exist
Stack trace: #0 C:\Users\Asus\Downloads\Website\api\transactions.php(38): mysqli->query('SELECT t.id, t....')
#1 {main}

Error at 2026-03-28 15:26:22
Message: Table 'pos_inventory_system_db.products' doesn't exist
Stack trace: #0 C:\Users\Asus\Downloads\Website\api\products.php(36): mysqli->query('SELECT p.id, p....')
#1 {main}

Error at 2026-03-28 15:26:22 (transactions.php)
Message: Table 'pos_inventory_system_db.transactions' doesn't exist
Stack trace: #0 C:\Users\Asus\Downloads\Website\api\transactions.php(38): mysqli->query('SELECT t.id, t....')
#1 {main}

Error at 2026-03-28 15:26:23
Message: Table 'pos_inventory_system_db.products' doesn't exist
Stack trace: #0 C:\Users\Asus\Downloads\Website\api\products.php(36): mysqli->query('SELECT p.id, p....')
#1 {main}

Error at 2026-03-28 15:26:23 (transactions.php)
Message: Table 'pos_inventory_system_db.transactions' doesn't exist
Stack trace: #0 C:\Users\Asus\Downloads\Website\api\transactions.php(38): mysqli->query('SELECT t.id, t....')
#1 {main}

Error at 2026-03-28 15:26:24
Message: Table 'pos_inventory_system_db.products' doesn't exist
Stack trace: #0 C:\Users\Asus\Downloads\Website\api\products.php(36): mysqli->query('SELECT p.id, p....')
#1 {main}

Error at 2026-03-28 15:26:24 (transactions.php)
Message: Table 'pos_inventory_system_db.transactions' doesn't exist
Stack trace: #0 C:\Users\Asus\Downloads\Website\api\transactions.php(38): mysqli->query('SELECT t.id, t....')
#1 {main}

Error at 2026-03-28 15:26:25
Message: Table 'pos_inventory_system_db.products' doesn't exist
Stack trace: #0 C:\Users\Asus\Downloads\Website\api\products.php(36): mysqli->query('SELECT p.id, p....')
#1 {main}

Error at 2026-03-28 15:26:26 (transactions.php)
Message: Table 'pos_inventory_system_db.transactions' doesn't exist
Stack trace: #0 C:\Users\Asus\Downloads\Website\api\transactions.php(38): mysqli->query('SELECT t.id, t....')
#1 {main}

Error at 2026-03-28 15:26:26
Message: Table 'pos_inventory_system_db.products' doesn't exist
Stack trace: #0 C:\Users\Asus\Downloads\Website\api\products.php(36): mysqli->query('SELECT p.id, p....')
#1 {main}

Error at 2026-03-28 15:26:26 (transactions.php)
Message: Table 'pos_inventory_system_db.transactions' doesn't exist
Stack trace: #0 C:\Users\Asus\Downloads\Website\api\transactions.php(38): mysqli->query('SELECT t.id, t....')
#1 {main}

Error at 2026-03-28 15:26:28
Message: Table 'pos_inventory_system_db.products' doesn't exist
Stack trace: #0 C:\Users\Asus\Downloads\Website\api\products.php(36): mysqli->query('SELECT p.id, p....')
#1 {main}

Error at 2026-03-28 15:26:28 (transactions.php)
Message: Table 'pos_inventory_system_db.transactions' doesn't exist
Stack trace: #0 C:\Users\Asus\Downloads\Website\api\transactions.php(38): mysqli->query('SELECT t.id, t....')
#1 {main}

Error at 2026-03-28 15:26:28
Message: Table 'pos_inventory_system_db.products' doesn't exist
Stack trace: #0 C:\Users\Asus\Downloads\Website\api\products.php(36): mysqli->query('SELECT p.id, p....')
#1 {main}

Error at 2026-03-28 15:26:28 (transactions.php)
Message: Table 'pos_inventory_system_db.transactions' doesn't exist
Stack trace: #0 C:\Users\Asus\Downloads\Website\api\transactions.php(38): mysqli->query('SELECT t.id, t....')
#1 {main}

Error at 2026-03-28 15:26:29
Message: Table 'pos_inventory_system_db.products' doesn't exist
Stack trace: #0 C:\Users\Asus\Downloads\Website\api\products.php(36): mysqli->query('SELECT p.id, p....')
#1 {main}

Error at 2026-03-28 15:26:29 (transactions.php)
Message: Table 'pos_inventory_system_db.transactions' doesn't exist
Stack trace: #0 C:\Users\Asus\Downloads\Website\api\transactions.php(38): mysqli->query('SELECT t.id, t....')
#1 {main}

Error at 2026-03-28 15:26:30
Message: Table 'pos_inventory_system_db.products' doesn't exist
Stack trace: #0 C:\Users\Asus\Downloads\Website\api\products.php(36): mysqli->query('SELECT p.id, p....')
#1 {main}

Error at 2026-03-28 15:26:30 (transactions.php)
Message: Table 'pos_inventory_system_db.transactions' doesn't exist
Stack trace: #0 C:\Users\Asus\Downloads\Website\api\transactions.php(38): mysqli->query('SELECT t.id, t....')
#1 {main}

Error at 2026-03-28 15:26:31
Message: Table 'pos_inventory_system_db.products' doesn't exist
Stack trace: #0 C:\Users\Asus\Downloads\Website\api\products.php(36): mysqli->query('SELECT p.id, p....')
#1 {main}

Error at 2026-03-28 15:26:32 (transactions.php)
Message: Table 'pos_inventory_system_db.transactions' doesn't exist
Stack trace: #0 C:\Users\Asus\Downloads\Website\api\transactions.php(38): mysqli->query('SELECT t.id, t....')
#1 {main}

Error at 2026-03-28 15:26:32
Message: Table 'pos_inventory_system_db.products' doesn't exist
Stack trace: #0 C:\Users\Asus\Downloads\Website\api\products.php(36): mysqli->query('SELECT p.id, p....')
#1 {main}

Error at 2026-03-28 15:26:32 (transactions.php)
Message: Table 'pos_inventory_system_db.transactions' doesn't exist
Stack trace: #0 C:\Users\Asus\Downloads\Website\api\transactions.php(38): mysqli->query('SELECT t.id, t....')
#1 {main}

Error at 2026-03-28 15:26:33
Message: Table 'pos_inventory_system_db.products' doesn't exist
Stack trace: #0 C:\Users\Asus\Downloads\Website\api\products.php(36): mysqli->query('SELECT p.id, p....')
#1 {main}

Error at 2026-03-28 15:26:33 (transactions.php)
Message: Table 'pos_inventory_system_db.transactions' doesn't exist
Stack trace: #0 C:\Users\Asus\Downloads\Website\api\transactions.php(38): mysqli->query('SELECT t.id, t....')
#1 {main}

Error at 2026-03-28 15:26:34
Message: Table 'pos_inventory_system_db.products' doesn't exist
Stack trace: #0 C:\Users\Asus\Downloads\Website\api\products.php(36): mysqli->query('SELECT p.id, p....')
#1 {main}

Error at 2026-03-28 15:26:34 (transactions.php)
Message: Table 'pos_inventory_system_db.transactions' doesn't exist
Stack trace: #0 C:\Users\Asus\Downloads\Website\api\transactions.php(38): mysqli->query('SELECT t.id, t....')
#1 {main}

Error at 2026-03-28 15:26:35
Message: Table 'pos_inventory_system_db.products' doesn't exist
Stack trace: #0 C:\Users\Asus\Downloads\Website\api\products.php(36): mysqli->query('SELECT p.id, p....')
#1 {main}

Error at 2026-03-28 15:26:36 (transactions.php)
Message: Table 'pos_inventory_system_db.transactions' doesn't exist
Stack trace: #0 C:\Users\Asus\Downloads\Website\api\transactions.php(38): mysqli->query('SELECT t.id, t....')
#1 {main}

Error at 2026-03-28 15:26:36
Message: Table 'pos_inventory_system_db.products' doesn't exist
Stack trace: #0 C:\Users\Asus\Downloads\Website\api\products.php(36): mysqli->query('SELECT p.id, p....')
#1 {main}

Error at 2026-03-28 15:26:36 (transactions.php)
Message: Table 'pos_inventory_system_db.transactions' doesn't exist
Stack trace: #0 C:\Users\Asus\Downloads\Website\api\transactions.php(38): mysqli->query('SELECT t.id, t....')
#1 {main}

Error at 2026-03-28 15:26:37
Message: Table 'pos_inventory_system_db.products' doesn't exist
Stack trace: #0 C:\Users\Asus\Downloads\Website\api\products.php(36): mysqli->query('SELECT p.id, p....')
#1 {main}

Error at 2026-03-28 15:26:37 (transactions.php)
Message: Table 'pos_inventory_system_db.transactions' doesn't exist
Stack trace: #0 C:\Users\Asus\Downloads\Website\api\transactions.php(38): mysqli->query('SELECT t.id, t....')
#1 {main}

Error at 2026-03-28 15:26:38
Message: Table 'pos_inventory_system_db.products' doesn't exist
Stack trace: #0 C:\Users\Asus\Downloads\Website\api\products.php(36): mysqli->query('SELECT p.id, p....')
#1 {main}

Error at 2026-03-28 15:26:38 (transactions.php)
Message: Table 'pos_inventory_system_db.transactions' doesn't exist
Stack trace: #0 C:\Users\Asus\Downloads\Website\api\transactions.php(38): mysqli->query('SELECT t.id, t....')
#1 {main}

Error at 2026-03-28 15:26:39
Message: Table 'pos_inventory_system_db.products' doesn't exist
Stack trace: #0 C:\Users\Asus\Downloads\Website\api\products.php(36): mysqli->query('SELECT p.id, p....')
#1 {main}

Error at 2026-03-28 15:26:39 (transactions.php)
Message: Table 'pos_inventory_system_db.transactions' doesn't exist
Stack trace: #0 C:\Users\Asus\Downloads\Website\api\transactions.php(38): mysqli->query('SELECT t.id, t....')
#1 {main}

Error at 2026-03-28 15:26:39
Message: Table 'pos_inventory_system_db.products' doesn't exist
Stack trace: #0 C:\Users\Asus\Downloads\Website\api\products.php(36): mysqli->query('SELECT p.id, p....')
#1 {main}

Error at 2026-03-28 15:26:39 (transactions.php)
Message: Table 'pos_inventory_system_db.transactions' doesn't exist
Stack trace: #0 C:\Users\Asus\Downloads\Website\api\transactions.php(38): mysqli->query('SELECT t.id, t....')
#1 {main}

Error at 2026-03-28 15:26:39
Message: Table 'pos_inventory_system_db.products' doesn't exist
Stack trace: #0 C:\Users\Asus\Downloads\Website\api\products.php(36): mysqli->query('SELECT p.id, p....')
#1 {main}

Error at 2026-03-28 15:26:39 (transactions.php)
Message: Table 'pos_inventory_system_db.transactions' doesn't exist
Stack trace: #0 C:\Users\Asus\Downloads\Website\api\transactions.php(38): mysqli->query('SELECT t.id, t....')
#1 {main}

Error at 2026-03-28 15:26:40
Message: Table 'pos_inventory_system_db.products' doesn't exist
Stack trace: #0 C:\Users\Asus\Downloads\Website\api\products.php(36): mysqli->query('SELECT p.id, p....')
#1 {main}

Error at 2026-03-28 15:26:40 (transactions.php)
Message: Table 'pos_inventory_system_db.transactions' doesn't exist
Stack trace: #0 C:\Users\Asus\Downloads\Website\api\transactions.php(38): mysqli->query('SELECT t.id, t....')
#1 {main}

Error at 2026-03-28 15:26:41
Message: Table 'pos_inventory_system_db.products' doesn't exist
Stack trace: #0 C:\Users\Asus\Downloads\Website\api\products.php(36): mysqli->query('SELECT p.id, p....')
#1 {main}

Error at 2026-03-28 15:26:41 (transactions.php)
Message: Table 'pos_inventory_system_db.transactions' doesn't exist
Stack trace: #0 C:\Users\Asus\Downloads\Website\api\transactions.php(38): mysqli->query('SELECT t.id, t....')
#1 {main}

Error at 2026-03-28 15:26:42
Message: Table 'pos_inventory_system_db.products' doesn't exist
Stack trace: #0 C:\Users\Asus\Downloads\Website\api\products.php(36): mysqli->query('SELECT p.id, p....')
#1 {main}

Error at 2026-03-28 15:26:42 (transactions.php)
Message: Table 'pos_inventory_system_db.transactions' doesn't exist
Stack trace: #0 C:\Users\Asus\Downloads\Website\api\transactions.php(38): mysqli->query('SELECT t.id, t....')
#1 {main}

Error at 2026-03-28 15:26:43
Message: Table 'pos_inventory_system_db.products' doesn't exist
Stack trace: #0 C:\Users\Asus\Downloads\Website\api\products.php(36): mysqli->query('SELECT p.id, p....')
#1 {main}

Error at 2026-03-28 15:26:44 (transactions.php)
Message: Table 'pos_inventory_system_db.transactions' doesn't exist
Stack trace: #0 C:\Users\Asus\Downloads\Website\api\transactions.php(38): mysqli->query('SELECT t.id, t....')
#1 {main}

Error at 2026-03-28 15:26:44
Message: Table 'pos_inventory_system_db.products' doesn't exist
Stack trace: #0 C:\Users\Asus\Downloads\Website\api\products.php(36): mysqli->query('SELECT p.id, p....')
#1 {main}

Error at 2026-03-28 15:26:44 (transactions.php)
Message: Table 'pos_inventory_system_db.transactions' doesn't exist
Stack trace: #0 C:\Users\Asus\Downloads\Website\api\transactions.php(38): mysqli->query('SELECT t.id, t....')
#1 {main}

Error at 2026-03-28 15:26:45
Message: Table 'pos_inventory_system_db.products' doesn't exist
Stack trace: #0 C:\Users\Asus\Downloads\Website\api\products.php(36): mysqli->query('SELECT p.id, p....')
#1 {main}

Error at 2026-03-28 15:26:45 (transactions.php)
Message: Table 'pos_inventory_system_db.transactions' doesn't exist
Stack trace: #0 C:\Users\Asus\Downloads\Website\api\transactions.php(38): mysqli->query('SELECT t.id, t....')
#1 {main}

Error at 2026-03-28 15:26:46
Message: Table 'pos_inventory_system_db.products' doesn't exist
Stack trace: #0 C:\Users\Asus\Downloads\Website\api\products.php(36): mysqli->query('SELECT p.id, p....')
#1 {main}

Error at 2026-03-28 15:26:46 (transactions.php)
Message: Table 'pos_inventory_system_db.transactions' doesn't exist
Stack trace: #0 C:\Users\Asus\Downloads\Website\api\transactions.php(38): mysqli->query('SELECT t.id, t....')
#1 {main}

Error at 2026-03-28 15:26:47
Message: Table 'pos_inventory_system_db.products' doesn't exist
Stack trace: #0 C:\Users\Asus\Downloads\Website\api\products.php(36): mysqli->query('SELECT p.id, p....')
#1 {main}

Error at 2026-03-28 15:26:47 (transactions.php)
Message: Table 'pos_inventory_system_db.transactions' doesn't exist
Stack trace: #0 C:\Users\Asus\Downloads\Website\api\transactions.php(38): mysqli->query('SELECT t.id, t....')
#1 {main}

Error at 2026-03-28 15:26:48
Message: Table 'pos_inventory_system_db.products' doesn't exist
Stack trace: #0 C:\Users\Asus\Downloads\Website\api\products.php(36): mysqli->query('SELECT p.id, p....')
#1 {main}

Error at 2026-03-28 15:26:48 (transactions.php)
Message: Table 'pos_inventory_system_db.transactions' doesn't exist
Stack trace: #0 C:\Users\Asus\Downloads\Website\api\transactions.php(38): mysqli->query('SELECT t.id, t....')
#1 {main}

Error at 2026-03-28 15:26:49
Message: Table 'pos_inventory_system_db.products' doesn't exist
Stack trace: #0 C:\Users\Asus\Downloads\Website\api\products.php(36): mysqli->query('SELECT p.id, p....')
#1 {main}

Error at 2026-03-28 15:26:49 (transactions.php)
Message: Table 'pos_inventory_system_db.transactions' doesn't exist
Stack trace: #0 C:\Users\Asus\Downloads\Website\api\transactions.php(38): mysqli->query('SELECT t.id, t....')
#1 {main}

Error at 2026-03-28 15:26:50
Message: Table 'pos_inventory_system_db.products' doesn't exist
Stack trace: #0 C:\Users\Asus\Downloads\Website\api\products.php(36): mysqli->query('SELECT p.id, p....')
#1 {main}

Error at 2026-03-28 15:26:50 (transactions.php)
Message: Table 'pos_inventory_system_db.transactions' doesn't exist
Stack trace: #0 C:\Users\Asus\Downloads\Website\api\transactions.php(38): mysqli->query('SELECT t.id, t....')
#1 {main}

Error at 2026-03-28 15:26:51
Message: Table 'pos_inventory_system_db.products' doesn't exist
Stack trace: #0 C:\Users\Asus\Downloads\Website\api\products.php(36): mysqli->query('SELECT p.id, p....')
#1 {main}

Error at 2026-03-28 15:26:52 (transactions.php)
Message: Table 'pos_inventory_system_db.transactions' doesn't exist
Stack trace: #0 C:\Users\Asus\Downloads\Website\api\transactions.php(38): mysqli->query('SELECT t.id, t....')
#1 {main}

Error at 2026-03-28 15:26:52
Message: Table 'pos_inventory_system_db.products' doesn't exist
Stack trace: #0 C:\Users\Asus\Downloads\Website\api\products.php(36): mysqli->query('SELECT p.id, p....')
#1 {main}

Error at 2026-03-28 15:26:52 (transactions.php)
Message: Table 'pos_inventory_system_db.transactions' doesn't exist
Stack trace: #0 C:\Users\Asus\Downloads\Website\api\transactions.php(38): mysqli->query('SELECT t.id, t....')
#1 {main}

Error at 2026-03-28 15:26:53
Message: Table 'pos_inventory_system_db.products' doesn't exist
Stack trace: #0 C:\Users\Asus\Downloads\Website\api\products.php(36): mysqli->query('SELECT p.id, p....')
#1 {main}

Error at 2026-03-28 15:26:54 (transactions.php)
Message: Table 'pos_inventory_system_db.transactions' doesn't exist
Stack trace: #0 C:\Users\Asus\Downloads\Website\api\transactions.php(38): mysqli->query('SELECT t.id, t....')
#1 {main}

Error at 2026-03-28 15:26:54
Message: Table 'pos_inventory_system_db.products' doesn't exist
Stack trace: #0 C:\Users\Asus\Downloads\Website\api\products.php(36): mysqli->query('SELECT p.id, p....')
#1 {main}

Error at 2026-03-28 15:26:54 (transactions.php)
Message: Table 'pos_inventory_system_db.transactions' doesn't exist
Stack trace: #0 C:\Users\Asus\Downloads\Website\api\transactions.php(38): mysqli->query('SELECT t.id, t....')
#1 {main}

Error at 2026-03-28 15:26:55
Message: Table 'pos_inventory_system_db.products' doesn't exist
Stack trace: #0 C:\Users\Asus\Downloads\Website\api\products.php(36): mysqli->query('SELECT p.id, p....')
#1 {main}

Error at 2026-03-28 15:26:55 (transactions.php)
Message: Table 'pos_inventory_system_db.transactions' doesn't exist
Stack trace: #0 C:\Users\Asus\Downloads\Website\api\transactions.php(38): mysqli->query('SELECT t.id, t....')
#1 {main}

Error at 2026-03-28 15:26:56
Message: Table 'pos_inventory_system_db.products' doesn't exist
Stack trace: #0 C:\Users\Asus\Downloads\Website\api\products.php(36): mysqli->query('SELECT p.id, p....')
#1 {main}

Error at 2026-03-28 15:26:56 (transactions.php)
Message: Table 'pos_inventory_system_db.transactions' doesn't exist
Stack trace: #0 C:\Users\Asus\Downloads\Website\api\transactions.php(38): mysqli->query('SELECT t.id, t....')
#1 {main}

Error at 2026-03-28 15:26:58
Message: Table 'pos_inventory_system_db.products' doesn't exist
Stack trace: #0 C:\Users\Asus\Downloads\Website\api\products.php(36): mysqli->query('SELECT p.id, p....')
#1 {main}

Error at 2026-03-28 15:26:58 (transactions.php)
Message: Table 'pos_inventory_system_db.transactions' doesn't exist
Stack trace: #0 C:\Users\Asus\Downloads\Website\api\transactions.php(38): mysqli->query('SELECT t.id, t....')
#1 {main}

Error at 2026-03-28 15:26:58
Message: Table 'pos_inventory_system_db.products' doesn't exist
Stack trace: #0 C:\Users\Asus\Downloads\Website\api\products.php(36): mysqli->query('SELECT p.id, p....')
#1 {main}

Error at 2026-03-28 15:26:58 (transactions.php)
Message: Table 'pos_inventory_system_db.transactions' doesn't exist
Stack trace: #0 C:\Users\Asus\Downloads\Website\api\transactions.php(38): mysqli->query('SELECT t.id, t....')
#1 {main}

Error at 2026-03-28 15:26:59
Message: Table 'pos_inventory_system_db.products' doesn't exist
Stack trace: #0 C:\Users\Asus\Downloads\Website\api\products.php(36): mysqli->query('SELECT p.id, p....')
#1 {main}

Error at 2026-03-28 15:26:59 (transactions.php)
Message: Table 'pos_inventory_system_db.transactions' doesn't exist
Stack trace: #0 C:\Users\Asus\Downloads\Website\api\transactions.php(38): mysqli->query('SELECT t.id, t....')
#1 {main}

Error at 2026-03-28 15:27:00
Message: Table 'pos_inventory_system_db.products' doesn't exist
Stack trace: #0 C:\Users\Asus\Downloads\Website\api\products.php(36): mysqli->query('SELECT p.id, p....')
#1 {main}

Error at 2026-03-28 15:27:00 (transactions.php)
Message: Table 'pos_inventory_system_db.transactions' doesn't exist
Stack trace: #0 C:\Users\Asus\Downloads\Website\api\transactions.php(38): mysqli->query('SELECT t.id, t....')
#1 {main}

Error at 2026-03-28 15:27:01
Message: Table 'pos_inventory_system_db.products' doesn't exist
Stack trace: #0 C:\Users\Asus\Downloads\Website\api\products.php(36): mysqli->query('SELECT p.id, p....')
#1 {main}

Error at 2026-03-28 15:27:01 (transactions.php)
Message: Table 'pos_inventory_system_db.transactions' doesn't exist
Stack trace: #0 C:\Users\Asus\Downloads\Website\api\transactions.php(38): mysqli->query('SELECT t.id, t....')
#1 {main}

Error at 2026-03-28 15:27:02
Message: Table 'pos_inventory_system_db.products' doesn't exist
Stack trace: #0 C:\Users\Asus\Downloads\Website\api\products.php(36): mysqli->query('SELECT p.id, p....')
#1 {main}

Error at 2026-03-28 15:27:02 (transactions.php)
Message: Table 'pos_inventory_system_db.transactions' doesn't exist
Stack trace: #0 C:\Users\Asus\Downloads\Website\api\transactions.php(38): mysqli->query('SELECT t.id, t....')
#1 {main}

Error at 2026-03-28 15:27:03
Message: Table 'pos_inventory_system_db.products' doesn't exist
Stack trace: #0 C:\Users\Asus\Downloads\Website\api\products.php(36): mysqli->query('SELECT p.id, p....')
#1 {main}

Error at 2026-03-28 15:27:03 (transactions.php)
Message: Table 'pos_inventory_system_db.transactions' doesn't exist
Stack trace: #0 C:\Users\Asus\Downloads\Website\api\transactions.php(38): mysqli->query('SELECT t.id, t....')
#1 {main}

Error at 2026-03-28 15:27:04
Message: Table 'pos_inventory_system_db.products' doesn't exist
Stack trace: #0 C:\Users\Asus\Downloads\Website\api\products.php(36): mysqli->query('SELECT p.id, p....')
#1 {main}

Error at 2026-03-28 15:27:04 (transactions.php)
Message: Table 'pos_inventory_system_db.transactions' doesn't exist
Stack trace: #0 C:\Users\Asus\Downloads\Website\api\transactions.php(38): mysqli->query('SELECT t.id, t....')
#1 {main}

Error at 2026-03-28 15:27:05
Message: Table 'pos_inventory_system_db.products' doesn't exist
Stack trace: #0 C:\Users\Asus\Downloads\Website\api\products.php(36): mysqli->query('SELECT p.id, p....')
#1 {main}

Error at 2026-03-28 15:27:06 (transactions.php)
Message: Table 'pos_inventory_system_db.transactions' doesn't exist
Stack trace: #0 C:\Users\Asus\Downloads\Website\api\transactions.php(38): mysqli->query('SELECT t.id, t....')
#1 {main}

Error at 2026-03-28 15:27:06
Message: Table 'pos_inventory_system_db.products' doesn't exist
Stack trace: #0 C:\Users\Asus\Downloads\Website\api\products.php(36): mysqli->query('SELECT p.id, p....')
#1 {main}

Error at 2026-03-28 15:27:06 (transactions.php)
Message: Table 'pos_inventory_system_db.transactions' doesn't exist
Stack trace: #0 C:\Users\Asus\Downloads\Website\api\transactions.php(38): mysqli->query('SELECT t.id, t....')
#1 {main}

Error at 2026-03-28 15:27:07
Message: Table 'pos_inventory_system_db.products' doesn't exist
Stack trace: #0 C:\Users\Asus\Downloads\Website\api\products.php(36): mysqli->query('SELECT p.id, p....')
#1 {main}

Error at 2026-03-28 15:27:08 (transactions.php)
Message: Table 'pos_inventory_system_db.transactions' doesn't exist
Stack trace: #0 C:\Users\Asus\Downloads\Website\api\transactions.php(38): mysqli->query('SELECT t.id, t....')
#1 {main}

Error at 2026-03-28 15:27:08
Message: Table 'pos_inventory_system_db.products' doesn't exist
Stack trace: #0 C:\Users\Asus\Downloads\Website\api\products.php(36): mysqli->query('SELECT p.id, p....')
#1 {main}

Error at 2026-03-28 15:27:08 (transactions.php)
Message: Table 'pos_inventory_system_db.transactions' doesn't exist
Stack trace: #0 C:\Users\Asus\Downloads\Website\api\transactions.php(38): mysqli->query('SELECT t.id, t....')
#1 {main}

Error at 2026-03-28 15:27:09
Message: Table 'pos_inventory_system_db.products' doesn't exist
Stack trace: #0 C:\Users\Asus\Downloads\Website\api\products.php(36): mysqli->query('SELECT p.id, p....')
#1 {main}

Error at 2026-03-28 15:27:10 (transactions.php)
Message: Table 'pos_inventory_system_db.transactions' doesn't exist
Stack trace: #0 C:\Users\Asus\Downloads\Website\api\transactions.php(38): mysqli->query('SELECT t.id, t....')
#1 {main}

Error at 2026-03-28 15:27:10
Message: Table 'pos_inventory_system_db.products' doesn't exist
Stack trace: #0 C:\Users\Asus\Downloads\Website\api\products.php(36): mysqli->query('SELECT p.id, p....')
#1 {main}

Error at 2026-03-28 15:27:10 (transactions.php)
Message: Table 'pos_inventory_system_db.transactions' doesn't exist
Stack trace: #0 C:\Users\Asus\Downloads\Website\api\transactions.php(38): mysqli->query('SELECT t.id, t....')
#1 {main}

Error at 2026-03-28 15:27:11
Message: Table 'pos_inventory_system_db.products' doesn't exist
Stack trace: #0 C:\Users\Asus\Downloads\Website\api\products.php(36): mysqli->query('SELECT p.id, p....')
#1 {main}

Error at 2026-03-28 15:27:12 (transactions.php)
Message: Table 'pos_inventory_system_db.transactions' doesn't exist
Stack trace: #0 C:\Users\Asus\Downloads\Website\api\transactions.php(38): mysqli->query('SELECT t.id, t....')
#1 {main}

Error at 2026-03-28 15:27:12
Message: Table 'pos_inventory_system_db.products' doesn't exist
Stack trace: #0 C:\Users\Asus\Downloads\Website\api\products.php(36): mysqli->query('SELECT p.id, p....')
#1 {main}

Error at 2026-03-28 15:27:12 (transactions.php)
Message: Table 'pos_inventory_system_db.transactions' doesn't exist
Stack trace: #0 C:\Users\Asus\Downloads\Website\api\transactions.php(38): mysqli->query('SELECT t.id, t....')
#1 {main}

Error at 2026-03-28 15:27:13
Message: Table 'pos_inventory_system_db.products' doesn't exist
Stack trace: #0 C:\Users\Asus\Downloads\Website\api\products.php(36): mysqli->query('SELECT p.id, p....')
#1 {main}

Error at 2026-03-28 15:27:14 (transactions.php)
Message: Table 'pos_inventory_system_db.transactions' doesn't exist
Stack trace: #0 C:\Users\Asus\Downloads\Website\api\transactions.php(38): mysqli->query('SELECT t.id, t....')
#1 {main}

Error at 2026-03-28 15:27:14
Message: Table 'pos_inventory_system_db.products' doesn't exist
Stack trace: #0 C:\Users\Asus\Downloads\Website\api\products.php(36): mysqli->query('SELECT p.id, p....')
#1 {main}

Error at 2026-03-28 15:27:14 (transactions.php)
Message: Table 'pos_inventory_system_db.transactions' doesn't exist
Stack trace: #0 C:\Users\Asus\Downloads\Website\api\transactions.php(38): mysqli->query('SELECT t.id, t....')
#1 {main}

Error at 2026-03-28 15:27:15
Message: Table 'pos_inventory_system_db.products' doesn't exist
Stack trace: #0 C:\Users\Asus\Downloads\Website\api\products.php(36): mysqli->query('SELECT p.id, p....')
#1 {main}

Error at 2026-03-28 15:27:15 (transactions.php)
Message: Table 'pos_inventory_system_db.transactions' doesn't exist
Stack trace: #0 C:\Users\Asus\Downloads\Website\api\transactions.php(38): mysqli->query('SELECT t.id, t....')
#1 {main}

Error at 2026-03-28 15:27:16
Message: Table 'pos_inventory_system_db.products' doesn't exist
Stack trace: #0 C:\Users\Asus\Downloads\Website\api\products.php(36): mysqli->query('SELECT p.id, p....')
#1 {main}

Error at 2026-03-28 15:27:16 (transactions.php)
Message: Table 'pos_inventory_system_db.transactions' doesn't exist
Stack trace: #0 C:\Users\Asus\Downloads\Website\api\transactions.php(38): mysqli->query('SELECT t.id, t....')
#1 {main}

Error at 2026-03-28 15:27:17
Message: Table 'pos_inventory_system_db.products' doesn't exist
Stack trace: #0 C:\Users\Asus\Downloads\Website\api\products.php(36): mysqli->query('SELECT p.id, p....')
#1 {main}

Error at 2026-03-28 15:27:18 (transactions.php)
Message: Table 'pos_inventory_system_db.transactions' doesn't exist
Stack trace: #0 C:\Users\Asus\Downloads\Website\api\transactions.php(38): mysqli->query('SELECT t.id, t....')
#1 {main}

Error at 2026-03-28 15:27:18
Message: Table 'pos_inventory_system_db.products' doesn't exist
Stack trace: #0 C:\Users\Asus\Downloads\Website\api\products.php(36): mysqli->query('SELECT p.id, p....')
#1 {main}

Error at 2026-03-28 15:27:18 (transactions.php)
Message: Table 'pos_inventory_system_db.transactions' doesn't exist
Stack trace: #0 C:\Users\Asus\Downloads\Website\api\transactions.php(38): mysqli->query('SELECT t.id, t....')
#1 {main}

Error at 2026-03-28 15:27:19
Message: Table 'pos_inventory_system_db.products' doesn't exist
Stack trace: #0 C:\Users\Asus\Downloads\Website\api\products.php(36): mysqli->query('SELECT p.id, p....')
#1 {main}

Error at 2026-03-28 15:27:19 (transactions.php)
Message: Table 'pos_inventory_system_db.transactions' doesn't exist
Stack trace: #0 C:\Users\Asus\Downloads\Website\api\transactions.php(38): mysqli->query('SELECT t.id, t....')
#1 {main}

Error at 2026-03-28 15:27:20
Message: Table 'pos_inventory_system_db.products' doesn't exist
Stack trace: #0 C:\Users\Asus\Downloads\Website\api\products.php(36): mysqli->query('SELECT p.id, p....')
#1 {main}

Error at 2026-03-28 15:27:20 (transactions.php)
Message: Table 'pos_inventory_system_db.transactions' doesn't exist
Stack trace: #0 C:\Users\Asus\Downloads\Website\api\transactions.php(38): mysqli->query('SELECT t.id, t....')
#1 {main}

Error at 2026-03-28 15:27:21
Message: Table 'pos_inventory_system_db.products' doesn't exist
Stack trace: #0 C:\Users\Asus\Downloads\Website\api\products.php(36): mysqli->query('SELECT p.id, p....')
#1 {main}

Error at 2026-03-28 15:27:21 (transactions.php)
Message: Table 'pos_inventory_system_db.transactions' doesn't exist
Stack trace: #0 C:\Users\Asus\Downloads\Website\api\transactions.php(38): mysqli->query('SELECT t.id, t....')
#1 {main}

Error at 2026-03-28 15:27:22
Message: Table 'pos_inventory_system_db.products' doesn't exist
Stack trace: #0 C:\Users\Asus\Downloads\Website\api\products.php(36): mysqli->query('SELECT p.id, p....')
#1 {main}

Error at 2026-03-28 15:27:22 (transactions.php)
Message: Table 'pos_inventory_system_db.transactions' doesn't exist
Stack trace: #0 C:\Users\Asus\Downloads\Website\api\transactions.php(38): mysqli->query('SELECT t.id, t....')
#1 {main}

Error at 2026-03-28 15:27:23
Message: Table 'pos_inventory_system_db.products' doesn't exist
Stack trace: #0 C:\Users\Asus\Downloads\Website\api\products.php(36): mysqli->query('SELECT p.id, p....')
#1 {main}

Error at 2026-03-28 15:27:23 (transactions.php)
Message: Table 'pos_inventory_system_db.transactions' doesn't exist
Stack trace: #0 C:\Users\Asus\Downloads\Website\api\transactions.php(38): mysqli->query('SELECT t.id, t....')
#1 {main}

Error at 2026-03-28 15:27:24
Message: Table 'pos_inventory_system_db.products' doesn't exist
Stack trace: #0 C:\Users\Asus\Downloads\Website\api\products.php(36): mysqli->query('SELECT p.id, p....')
#1 {main}

Error at 2026-03-28 15:27:24 (transactions.php)
Message: Table 'pos_inventory_system_db.transactions' doesn't exist
Stack trace: #0 C:\Users\Asus\Downloads\Website\api\transactions.php(38): mysqli->query('SELECT t.id, t....')
#1 {main}

Error at 2026-03-28 15:27:25
Message: Table 'pos_inventory_system_db.products' doesn't exist
Stack trace: #0 C:\Users\Asus\Downloads\Website\api\products.php(36): mysqli->query('SELECT p.id, p....')
#1 {main}

Error at 2026-03-28 15:27:25 (transactions.php)
Message: Table 'pos_inventory_system_db.transactions' doesn't exist
Stack trace: #0 C:\Users\Asus\Downloads\Website\api\transactions.php(38): mysqli->query('SELECT t.id, t....')
#1 {main}

Error at 2026-03-28 15:27:26
Message: Table 'pos_inventory_system_db.products' doesn't exist
Stack trace: #0 C:\Users\Asus\Downloads\Website\api\products.php(36): mysqli->query('SELECT p.id, p....')
#1 {main}

Error at 2026-03-28 15:27:26 (transactions.php)
Message: Table 'pos_inventory_system_db.transactions' doesn't exist
Stack trace: #0 C:\Users\Asus\Downloads\Website\api\transactions.php(38): mysqli->query('SELECT t.id, t....')
#1 {main}

Error at 2026-03-28 15:27:27
Message: Table 'pos_inventory_system_db.products' doesn't exist
Stack trace: #0 C:\Users\Asus\Downloads\Website\api\products.php(36): mysqli->query('SELECT p.id, p....')
#1 {main}

Error at 2026-03-28 15:27:27 (transactions.php)
Message: Table 'pos_inventory_system_db.transactions' doesn't exist
Stack trace: #0 C:\Users\Asus\Downloads\Website\api\transactions.php(38): mysqli->query('SELECT t.id, t....')
#1 {main}

Error at 2026-03-28 15:27:28
Message: Table 'pos_inventory_system_db.products' doesn't exist
Stack trace: #0 C:\Users\Asus\Downloads\Website\api\products.php(36): mysqli->query('SELECT p.id, p....')
#1 {main}

Error at 2026-03-28 15:27:28 (transactions.php)
Message: Table 'pos_inventory_system_db.transactions' doesn't exist
Stack trace: #0 C:\Users\Asus\Downloads\Website\api\transactions.php(38): mysqli->query('SELECT t.id, t....')
#1 {main}

Error at 2026-03-28 15:27:29
Message: Table 'pos_inventory_system_db.products' doesn't exist
Stack trace: #0 C:\Users\Asus\Downloads\Website\api\products.php(36): mysqli->query('SELECT p.id, p....')
#1 {main}

Error at 2026-03-28 15:27:29 (transactions.php)
Message: Table 'pos_inventory_system_db.transactions' doesn't exist
Stack trace: #0 C:\Users\Asus\Downloads\Website\api\transactions.php(38): mysqli->query('SELECT t.id, t....')
#1 {main}

Error at 2026-03-28 15:27:30
Message: Table 'pos_inventory_system_db.products' doesn't exist
Stack trace: #0 C:\Users\Asus\Downloads\Website\api\products.php(36): mysqli->query('SELECT p.id, p....')
#1 {main}

Error at 2026-03-28 15:27:30 (transactions.php)
Message: Table 'pos_inventory_system_db.transactions' doesn't exist
Stack trace: #0 C:\Users\Asus\Downloads\Website\api\transactions.php(38): mysqli->query('SELECT t.id, t....')
#1 {main}

Error at 2026-03-28 15:27:31
Message: Table 'pos_inventory_system_db.products' doesn't exist
Stack trace: #0 C:\Users\Asus\Downloads\Website\api\products.php(36): mysqli->query('SELECT p.id, p....')
#1 {main}

Error at 2026-03-28 15:27:32 (transactions.php)
Message: Table 'pos_inventory_system_db.transactions' doesn't exist
Stack trace: #0 C:\Users\Asus\Downloads\Website\api\transactions.php(38): mysqli->query('SELECT t.id, t....')
#1 {main}

Error at 2026-03-28 15:27:32
Message: Table 'pos_inventory_system_db.products' doesn't exist
Stack trace: #0 C:\Users\Asus\Downloads\Website\api\products.php(36): mysqli->query('SELECT p.id, p....')
#1 {main}

Error at 2026-03-28 15:27:32 (transactions.php)
Message: Table 'pos_inventory_system_db.transactions' doesn't exist
Stack trace: #0 C:\Users\Asus\Downloads\Website\api\transactions.php(38): mysqli->query('SELECT t.id, t....')
#1 {main}

Error at 2026-03-28 15:27:33
Message: Table 'pos_inventory_system_db.products' doesn't exist
Stack trace: #0 C:\Users\Asus\Downloads\Website\api\products.php(36): mysqli->query('SELECT p.id, p....')
#1 {main}

Error at 2026-03-28 15:27:33 (transactions.php)
Message: Table 'pos_inventory_system_db.transactions' doesn't exist
Stack trace: #0 C:\Users\Asus\Downloads\Website\api\transactions.php(38): mysqli->query('SELECT t.id, t....')
#1 {main}

Error at 2026-03-28 15:27:34
Message: Table 'pos_inventory_system_db.products' doesn't exist
Stack trace: #0 C:\Users\Asus\Downloads\Website\api\products.php(36): mysqli->query('SELECT p.id, p....')
#1 {main}

Error at 2026-03-28 15:27:34 (transactions.php)
Message: Table 'pos_inventory_system_db.transactions' doesn't exist
Stack trace: #0 C:\Users\Asus\Downloads\Website\api\transactions.php(38): mysqli->query('SELECT t.id, t....')
#1 {main}

Error at 2026-03-28 15:27:35
Message: Table 'pos_inventory_system_db.products' doesn't exist
Stack trace: #0 C:\Users\Asus\Downloads\Website\api\products.php(36): mysqli->query('SELECT p.id, p....')
#1 {main}

Error at 2026-03-28 15:27:35 (transactions.php)
Message: Table 'pos_inventory_system_db.transactions' doesn't exist
Stack trace: #0 C:\Users\Asus\Downloads\Website\api\transactions.php(38): mysqli->query('SELECT t.id, t....')
#1 {main}

Error at 2026-03-28 15:27:36
Message: Table 'pos_inventory_system_db.products' doesn't exist
Stack trace: #0 C:\Users\Asus\Downloads\Website\api\products.php(36): mysqli->query('SELECT p.id, p....')
#1 {main}

Error at 2026-03-28 15:27:36 (transactions.php)
Message: Table 'pos_inventory_system_db.transactions' doesn't exist
Stack trace: #0 C:\Users\Asus\Downloads\Website\api\transactions.php(38): mysqli->query('SELECT t.id, t....')
#1 {main}

Error at 2026-03-28 15:27:37
Message: Table 'pos_inventory_system_db.products' doesn't exist
Stack trace: #0 C:\Users\Asus\Downloads\Website\api\products.php(36): mysqli->query('SELECT p.id, p....')
#1 {main}

Error at 2026-03-28 15:27:37 (transactions.php)
Message: Table 'pos_inventory_system_db.transactions' doesn't exist
Stack trace: #0 C:\Users\Asus\Downloads\Website\api\transactions.php(38): mysqli->query('SELECT t.id, t....')
#1 {main}

Error at 2026-03-28 15:27:38
Message: Table 'pos_inventory_system_db.products' doesn't exist
Stack trace: #0 C:\Users\Asus\Downloads\Website\api\products.php(36): mysqli->query('SELECT p.id, p....')
#1 {main}

Error at 2026-03-28 15:27:38 (transactions.php)
Message: Table 'pos_inventory_system_db.transactions' doesn't exist
Stack trace: #0 C:\Users\Asus\Downloads\Website\api\transactions.php(38): mysqli->query('SELECT t.id, t....')
#1 {main}

Error at 2026-03-28 15:27:39
Message: Table 'pos_inventory_system_db.products' doesn't exist
Stack trace: #0 C:\Users\Asus\Downloads\Website\api\products.php(36): mysqli->query('SELECT p.id, p....')
#1 {main}

Error at 2026-03-28 15:27:39
Message: Table 'pos_inventory_system_db.products' doesn't exist
Stack trace: #0 C:\Users\Asus\Downloads\Website\api\products.php(36): mysqli->query('SELECT p.id, p....')
#1 {main}

Error at 2026-03-28 15:27:39 (transactions.php)
Message: Table 'pos_inventory_system_db.transactions' doesn't exist
Stack trace: #0 C:\Users\Asus\Downloads\Website\api\transactions.php(38): mysqli->query('SELECT t.id, t....')
#1 {main}

Error at 2026-03-28 15:27:39 (transactions.php)
Message: Table 'pos_inventory_system_db.transactions' doesn't exist
Stack trace: #0 C:\Users\Asus\Downloads\Website\api\transactions.php(38): mysqli->query('SELECT t.id, t....')
#1 {main}

Error at 2026-03-28 15:27:39
Message: Table 'pos_inventory_system_db.products' doesn't exist
Stack trace: #0 C:\Users\Asus\Downloads\Website\api\products.php(36): mysqli->query('SELECT p.id, p....')
#1 {main}

Error at 2026-03-28 15:27:39 (transactions.php)
Message: Table 'pos_inventory_system_db.transactions' doesn't exist
Stack trace: #0 C:\Users\Asus\Downloads\Website\api\transactions.php(38): mysqli->query('SELECT t.id, t....')
#1 {main}

Error at 2026-03-28 15:27:40
Message: Table 'pos_inventory_system_db.products' doesn't exist
Stack trace: #0 C:\Users\Asus\Downloads\Website\api\products.php(36): mysqli->query('SELECT p.id, p....')
#1 {main}

Error at 2026-03-28 15:27:40 (transactions.php)
Message: Table 'pos_inventory_system_db.transactions' doesn't exist
Stack trace: #0 C:\Users\Asus\Downloads\Website\api\transactions.php(38): mysqli->query('SELECT t.id, t....')
#1 {main}

Error at 2026-03-28 15:27:41
Message: Table 'pos_inventory_system_db.products' doesn't exist
Stack trace: #0 C:\Users\Asus\Downloads\Website\api\products.php(36): mysqli->query('SELECT p.id, p....')
#1 {main}

Error at 2026-03-28 15:27:41 (transactions.php)
Message: Table 'pos_inventory_system_db.transactions' doesn't exist
Stack trace: #0 C:\Users\Asus\Downloads\Website\api\transactions.php(38): mysqli->query('SELECT t.id, t....')
#1 {main}

Error at 2026-03-28 15:27:42
Message: Table 'pos_inventory_system_db.products' doesn't exist
Stack trace: #0 C:\Users\Asus\Downloads\Website\api\products.php(36): mysqli->query('SELECT p.id, p....')
#1 {main}

Error at 2026-03-28 15:27:42 (transactions.php)
Message: Table 'pos_inventory_system_db.transactions' doesn't exist
Stack trace: #0 C:\Users\Asus\Downloads\Website\api\transactions.php(38): mysqli->query('SELECT t.id, t....')
#1 {main}

Error at 2026-03-28 15:27:43
Message: Table 'pos_inventory_system_db.products' doesn't exist
Stack trace: #0 C:\Users\Asus\Downloads\Website\api\products.php(36): mysqli->query('SELECT p.id, p....')
#1 {main}

Error at 2026-03-28 15:27:44 (transactions.php)
Message: Table 'pos_inventory_system_db.transactions' doesn't exist
Stack trace: #0 C:\Users\Asus\Downloads\Website\api\transactions.php(38): mysqli->query('SELECT t.id, t....')
#1 {main}

Error at 2026-03-28 15:27:44
Message: Table 'pos_inventory_system_db.products' doesn't exist
Stack trace: #0 C:\Users\Asus\Downloads\Website\api\products.php(36): mysqli->query('SELECT p.id, p....')
#1 {main}

Error at 2026-03-28 15:27:44 (transactions.php)
Message: Table 'pos_inventory_system_db.transactions' doesn't exist
Stack trace: #0 C:\Users\Asus\Downloads\Website\api\transactions.php(38): mysqli->query('SELECT t.id, t....')
#1 {main}

Error at 2026-03-28 15:27:45
Message: Table 'pos_inventory_system_db.products' doesn't exist
Stack trace: #0 C:\Users\Asus\Downloads\Website\api\products.php(36): mysqli->query('SELECT p.id, p....')
#1 {main}

Error at 2026-03-28 15:27:45 (transactions.php)
Message: Table 'pos_inventory_system_db.transactions' doesn't exist
Stack trace: #0 C:\Users\Asus\Downloads\Website\api\transactions.php(38): mysqli->query('SELECT t.id, t....')
#1 {main}

Error at 2026-03-28 15:27:46
Message: Table 'pos_inventory_system_db.products' doesn't exist
Stack trace: #0 C:\Users\Asus\Downloads\Website\api\products.php(36): mysqli->query('SELECT p.id, p....')
#1 {main}

Error at 2026-03-28 15:27:46 (transactions.php)
Message: Table 'pos_inventory_system_db.transactions' doesn't exist
Stack trace: #0 C:\Users\Asus\Downloads\Website\api\transactions.php(38): mysqli->query('SELECT t.id, t....')
#1 {main}

Error at 2026-03-28 15:27:47
Message: Table 'pos_inventory_system_db.products' doesn't exist
Stack trace: #0 C:\Users\Asus\Downloads\Website\api\products.php(36): mysqli->query('SELECT p.id, p....')
#1 {main}

Error at 2026-03-28 15:27:47 (transactions.php)
Message: Table 'pos_inventory_system_db.transactions' doesn't exist
Stack trace: #0 C:\Users\Asus\Downloads\Website\api\transactions.php(38): mysqli->query('SELECT t.id, t....')
#1 {main}

Error at 2026-03-28 15:27:48
Message: Table 'pos_inventory_system_db.products' doesn't exist
Stack trace: #0 C:\Users\Asus\Downloads\Website\api\products.php(36): mysqli->query('SELECT p.id, p....')
#1 {main}

Error at 2026-03-28 15:27:48 (transactions.php)
Message: Table 'pos_inventory_system_db.transactions' doesn't exist
Stack trace: #0 C:\Users\Asus\Downloads\Website\api\transactions.php(38): mysqli->query('SELECT t.id, t....')
#1 {main}

Error at 2026-03-28 15:27:49
Message: Table 'pos_inventory_system_db.products' doesn't exist
Stack trace: #0 C:\Users\Asus\Downloads\Website\api\products.php(36): mysqli->query('SELECT p.id, p....')
#1 {main}

Error at 2026-03-28 15:27:49 (transactions.php)
Message: Table 'pos_inventory_system_db.transactions' doesn't exist
Stack trace: #0 C:\Users\Asus\Downloads\Website\api\transactions.php(38): mysqli->query('SELECT t.id, t....')
#1 {main}

Error at 2026-03-28 15:27:50
Message: Table 'pos_inventory_system_db.products' doesn't exist
Stack trace: #0 C:\Users\Asus\Downloads\Website\api\products.php(36): mysqli->query('SELECT p.id, p....')
#1 {main}

Error at 2026-03-28 15:27:50 (transactions.php)
Message: Table 'pos_inventory_system_db.transactions' doesn't exist
Stack trace: #0 C:\Users\Asus\Downloads\Website\api\transactions.php(38): mysqli->query('SELECT t.id, t....')
#1 {main}

Error at 2026-03-28 15:27:51
Message: Table 'pos_inventory_system_db.products' doesn't exist
Stack trace: #0 C:\Users\Asus\Downloads\Website\api\products.php(36): mysqli->query('SELECT p.id, p....')
#1 {main}

Error at 2026-03-28 15:27:51 (transactions.php)
Message: Table 'pos_inventory_system_db.transactions' doesn't exist
Stack trace: #0 C:\Users\Asus\Downloads\Website\api\transactions.php(38): mysqli->query('SELECT t.id, t....')
#1 {main}

Error at 2026-03-28 15:27:52
Message: Table 'pos_inventory_system_db.products' doesn't exist
Stack trace: #0 C:\Users\Asus\Downloads\Website\api\products.php(36): mysqli->query('SELECT p.id, p....')
#1 {main}

Error at 2026-03-28 15:27:52 (transactions.php)
Message: Table 'pos_inventory_system_db.transactions' doesn't exist
Stack trace: #0 C:\Users\Asus\Downloads\Website\api\transactions.php(38): mysqli->query('SELECT t.id, t....')
#1 {main}

Error at 2026-03-28 15:27:53
Message: Table 'pos_inventory_system_db.products' doesn't exist
Stack trace: #0 C:\Users\Asus\Downloads\Website\api\products.php(36): mysqli->query('SELECT p.id, p....')
#1 {main}

Error at 2026-03-28 15:27:53 (transactions.php)
Message: Table 'pos_inventory_system_db.transactions' doesn't exist
Stack trace: #0 C:\Users\Asus\Downloads\Website\api\transactions.php(38): mysqli->query('SELECT t.id, t....')
#1 {main}

Error at 2026-03-28 15:27:54
Message: Table 'pos_inventory_system_db.products' doesn't exist
Stack trace: #0 C:\Users\Asus\Downloads\Website\api\products.php(36): mysqli->query('SELECT p.id, p....')
#1 {main}

Error at 2026-03-28 15:27:54 (transactions.php)
Message: Table 'pos_inventory_system_db.transactions' doesn't exist
Stack trace: #0 C:\Users\Asus\Downloads\Website\api\transactions.php(38): mysqli->query('SELECT t.id, t....')
#1 {main}

Error at 2026-03-28 15:27:55
Message: Table 'pos_inventory_system_db.products' doesn't exist
Stack trace: #0 C:\Users\Asus\Downloads\Website\api\products.php(36): mysqli->query('SELECT p.id, p....')
#1 {main}

Error at 2026-03-28 15:27:55 (transactions.php)
Message: Table 'pos_inventory_system_db.transactions' doesn't exist
Stack trace: #0 C:\Users\Asus\Downloads\Website\api\transactions.php(38): mysqli->query('SELECT t.id, t....')
#1 {main}

Error at 2026-03-28 15:27:56
Message: Table 'pos_inventory_system_db.products' doesn't exist
Stack trace: #0 C:\Users\Asus\Downloads\Website\api\products.php(36): mysqli->query('SELECT p.id, p....')
#1 {main}

Error at 2026-03-28 15:27:56 (transactions.php)
Message: Table 'pos_inventory_system_db.transactions' doesn't exist
Stack trace: #0 C:\Users\Asus\Downloads\Website\api\transactions.php(38): mysqli->query('SELECT t.id, t....')
#1 {main}

Error at 2026-03-28 15:27:57
Message: Table 'pos_inventory_system_db.products' doesn't exist
Stack trace: #0 C:\Users\Asus\Downloads\Website\api\products.php(36): mysqli->query('SELECT p.id, p....')
#1 {main}

Error at 2026-03-28 15:27:58 (transactions.php)
Message: Table 'pos_inventory_system_db.transactions' doesn't exist
Stack trace: #0 C:\Users\Asus\Downloads\Website\api\transactions.php(38): mysqli->query('SELECT t.id, t....')
#1 {main}

Error at 2026-03-28 15:27:58
Message: Table 'pos_inventory_system_db.products' doesn't exist
Stack trace: #0 C:\Users\Asus\Downloads\Website\api\products.php(36): mysqli->query('SELECT p.id, p....')
#1 {main}

Error at 2026-03-28 15:27:58 (transactions.php)
Message: Table 'pos_inventory_system_db.transactions' doesn't exist
Stack trace: #0 C:\Users\Asus\Downloads\Website\api\transactions.php(38): mysqli->query('SELECT t.id, t....')
#1 {main}

Error at 2026-03-28 15:27:59
Message: Table 'pos_inventory_system_db.products' doesn't exist
Stack trace: #0 C:\Users\Asus\Downloads\Website\api\products.php(36): mysqli->query('SELECT p.id, p....')
#1 {main}

Error at 2026-03-28 15:27:59 (transactions.php)
Message: Table 'pos_inventory_system_db.transactions' doesn't exist
Stack trace: #0 C:\Users\Asus\Downloads\Website\api\transactions.php(38): mysqli->query('SELECT t.id, t....')
#1 {main}

Error at 2026-03-28 15:28:00
Message: Table 'pos_inventory_system_db.products' doesn't exist
Stack trace: #0 C:\Users\Asus\Downloads\Website\api\products.php(36): mysqli->query('SELECT p.id, p....')
#1 {main}

Error at 2026-03-28 15:28:00 (transactions.php)
Message: Table 'pos_inventory_system_db.transactions' doesn't exist
Stack trace: #0 C:\Users\Asus\Downloads\Website\api\transactions.php(38): mysqli->query('SELECT t.id, t....')
#1 {main}

Error at 2026-03-28 15:28:01
Message: Table 'pos_inventory_system_db.products' doesn't exist
Stack trace: #0 C:\Users\Asus\Downloads\Website\api\products.php(36): mysqli->query('SELECT p.id, p....')
#1 {main}

Error at 2026-03-28 15:28:01 (transactions.php)
Message: Table 'pos_inventory_system_db.transactions' doesn't exist
Stack trace: #0 C:\Users\Asus\Downloads\Website\api\transactions.php(38): mysqli->query('SELECT t.id, t....')
#1 {main}

Error at 2026-03-28 15:28:02
Message: Table 'pos_inventory_system_db.products' doesn't exist
Stack trace: #0 C:\Users\Asus\Downloads\Website\api\products.php(36): mysqli->query('SELECT p.id, p....')
#1 {main}

Error at 2026-03-28 15:28:02 (transactions.php)
Message: Table 'pos_inventory_system_db.transactions' doesn't exist
Stack trace: #0 C:\Users\Asus\Downloads\Website\api\transactions.php(38): mysqli->query('SELECT t.id, t....')
#1 {main}

Error at 2026-03-28 15:28:03
Message: Table 'pos_inventory_system_db.products' doesn't exist
Stack trace: #0 C:\Users\Asus\Downloads\Website\api\products.php(36): mysqli->query('SELECT p.id, p....')
#1 {main}

Error at 2026-03-28 15:28:03 (transactions.php)
Message: Table 'pos_inventory_system_db.transactions' doesn't exist
Stack trace: #0 C:\Users\Asus\Downloads\Website\api\transactions.php(38): mysqli->query('SELECT t.id, t....')
#1 {main}

Error at 2026-03-28 15:28:04
Message: Table 'pos_inventory_system_db.products' doesn't exist
Stack trace: #0 C:\Users\Asus\Downloads\Website\api\products.php(36): mysqli->query('SELECT p.id, p....')
#1 {main}

Error at 2026-03-28 15:28:04 (transactions.php)
Message: Table 'pos_inventory_system_db.transactions' doesn't exist
Stack trace: #0 C:\Users\Asus\Downloads\Website\api\transactions.php(38): mysqli->query('SELECT t.id, t....')
#1 {main}

Error at 2026-03-28 15:28:05
Message: Table 'pos_inventory_system_db.products' doesn't exist
Stack trace: #0 C:\Users\Asus\Downloads\Website\api\products.php(36): mysqli->query('SELECT p.id, p....')
#1 {main}

Error at 2026-03-28 15:28:05 (transactions.php)
Message: Table 'pos_inventory_system_db.transactions' doesn't exist
Stack trace: #0 C:\Users\Asus\Downloads\Website\api\transactions.php(38): mysqli->query('SELECT t.id, t....')
#1 {main}

Error at 2026-03-28 15:28:06
Message: Table 'pos_inventory_system_db.products' doesn't exist
Stack trace: #0 C:\Users\Asus\Downloads\Website\api\products.php(36): mysqli->query('SELECT p.id, p....')
#1 {main}

Error at 2026-03-28 15:28:06 (transactions.php)
Message: Table 'pos_inventory_system_db.transactions' doesn't exist
Stack trace: #0 C:\Users\Asus\Downloads\Website\api\transactions.php(38): mysqli->query('SELECT t.id, t....')
#1 {main}

Error at 2026-03-28 15:28:07
Message: Table 'pos_inventory_system_db.products' doesn't exist
Stack trace: #0 C:\Users\Asus\Downloads\Website\api\products.php(36): mysqli->query('SELECT p.id, p....')
#1 {main}

Error at 2026-03-28 15:28:07 (transactions.php)
Message: Table 'pos_inventory_system_db.transactions' doesn't exist
Stack trace: #0 C:\Users\Asus\Downloads\Website\api\transactions.php(38): mysqli->query('SELECT t.id, t....')
#1 {main}

Error at 2026-03-28 15:28:08
Message: Table 'pos_inventory_system_db.products' doesn't exist
Stack trace: #0 C:\Users\Asus\Downloads\Website\api\products.php(36): mysqli->query('SELECT p.id, p....')
#1 {main}

Error at 2026-03-28 15:28:08 (transactions.php)
Message: Table 'pos_inventory_system_db.transactions' doesn't exist
Stack trace: #0 C:\Users\Asus\Downloads\Website\api\transactions.php(38): mysqli->query('SELECT t.id, t....')
#1 {main}

Error at 2026-03-28 15:28:09
Message: Table 'pos_inventory_system_db.products' doesn't exist
Stack trace: #0 C:\Users\Asus\Downloads\Website\api\products.php(36): mysqli->query('SELECT p.id, p....')
#1 {main}

Error at 2026-03-28 15:28:09 (transactions.php)
Message: Table 'pos_inventory_system_db.transactions' doesn't exist
Stack trace: #0 C:\Users\Asus\Downloads\Website\api\transactions.php(38): mysqli->query('SELECT t.id, t....')
#1 {main}

Error at 2026-03-28 15:28:10
Message: Table 'pos_inventory_system_db.products' doesn't exist
Stack trace: #0 C:\Users\Asus\Downloads\Website\api\products.php(36): mysqli->query('SELECT p.id, p....')
#1 {main}

Error at 2026-03-28 15:28:10 (transactions.php)
Message: Table 'pos_inventory_system_db.transactions' doesn't exist
Stack trace: #0 C:\Users\Asus\Downloads\Website\api\transactions.php(38): mysqli->query('SELECT t.id, t....')
#1 {main}

Error at 2026-03-28 15:28:11
Message: Table 'pos_inventory_system_db.products' doesn't exist
Stack trace: #0 C:\Users\Asus\Downloads\Website\api\products.php(36): mysqli->query('SELECT p.id, p....')
#1 {main}

Error at 2026-03-28 15:28:11 (transactions.php)
Message: Table 'pos_inventory_system_db.transactions' doesn't exist
Stack trace: #0 C:\Users\Asus\Downloads\Website\api\transactions.php(38): mysqli->query('SELECT t.id, t....')
#1 {main}

Error at 2026-03-28 15:28:12
Message: Table 'pos_inventory_system_db.products' doesn't exist
Stack trace: #0 C:\Users\Asus\Downloads\Website\api\products.php(36): mysqli->query('SELECT p.id, p....')
#1 {main}

Error at 2026-03-28 15:28:12 (transactions.php)
Message: Table 'pos_inventory_system_db.transactions' doesn't exist
Stack trace: #0 C:\Users\Asus\Downloads\Website\api\transactions.php(38): mysqli->query('SELECT t.id, t....')
#1 {main}

Error at 2026-03-28 15:28:13
Message: Table 'pos_inventory_system_db.products' doesn't exist
Stack trace: #0 C:\Users\Asus\Downloads\Website\api\products.php(36): mysqli->query('SELECT p.id, p....')
#1 {main}

Error at 2026-03-28 15:28:14 (transactions.php)
Message: Table 'pos_inventory_system_db.transactions' doesn't exist
Stack trace: #0 C:\Users\Asus\Downloads\Website\api\transactions.php(38): mysqli->query('SELECT t.id, t....')
#1 {main}

Error at 2026-03-28 15:28:14
Message: Table 'pos_inventory_system_db.products' doesn't exist
Stack trace: #0 C:\Users\Asus\Downloads\Website\api\products.php(36): mysqli->query('SELECT p.id, p....')
#1 {main}

Error at 2026-03-28 15:28:14 (transactions.php)
Message: Table 'pos_inventory_system_db.transactions' doesn't exist
Stack trace: #0 C:\Users\Asus\Downloads\Website\api\transactions.php(38): mysqli->query('SELECT t.id, t....')
#1 {main}

Error at 2026-03-28 15:28:15
Message: Table 'pos_inventory_system_db.products' doesn't exist
Stack trace: #0 C:\Users\Asus\Downloads\Website\api\products.php(36): mysqli->query('SELECT p.id, p....')
#1 {main}

Error at 2026-03-28 15:28:15 (transactions.php)
Message: Table 'pos_inventory_system_db.transactions' doesn't exist
Stack trace: #0 C:\Users\Asus\Downloads\Website\api\transactions.php(38): mysqli->query('SELECT t.id, t....')
#1 {main}

Error at 2026-03-28 15:28:16
Message: Table 'pos_inventory_system_db.products' doesn't exist
Stack trace: #0 C:\Users\Asus\Downloads\Website\api\products.php(36): mysqli->query('SELECT p.id, p....')
#1 {main}

Error at 2026-03-28 15:28:16 (transactions.php)
Message: Table 'pos_inventory_system_db.transactions' doesn't exist
Stack trace: #0 C:\Users\Asus\Downloads\Website\api\transactions.php(38): mysqli->query('SELECT t.id, t....')
#1 {main}

Error at 2026-03-28 15:28:17
Message: Table 'pos_inventory_system_db.products' doesn't exist
Stack trace: #0 C:\Users\Asus\Downloads\Website\api\products.php(36): mysqli->query('SELECT p.id, p....')
#1 {main}

Error at 2026-03-28 15:28:17 (transactions.php)
Message: Table 'pos_inventory_system_db.transactions' doesn't exist
Stack trace: #0 C:\Users\Asus\Downloads\Website\api\transactions.php(38): mysqli->query('SELECT t.id, t....')
#1 {main}

Error at 2026-03-28 15:28:18
Message: Table 'pos_inventory_system_db.products' doesn't exist
Stack trace: #0 C:\Users\Asus\Downloads\Website\api\products.php(36): mysqli->query('SELECT p.id, p....')
#1 {main}

Error at 2026-03-28 15:28:18 (transactions.php)
Message: Table 'pos_inventory_system_db.transactions' doesn't exist
Stack trace: #0 C:\Users\Asus\Downloads\Website\api\transactions.php(38): mysqli->query('SELECT t.id, t....')
#1 {main}

Error at 2026-03-28 15:28:19
Message: Table 'pos_inventory_system_db.products' doesn't exist
Stack trace: #0 C:\Users\Asus\Downloads\Website\api\products.php(36): mysqli->query('SELECT p.id, p....')
#1 {main}

Error at 2026-03-28 15:28:20 (transactions.php)
Message: Table 'pos_inventory_system_db.transactions' doesn't exist
Stack trace: #0 C:\Users\Asus\Downloads\Website\api\transactions.php(38): mysqli->query('SELECT t.id, t....')
#1 {main}

Error at 2026-03-28 15:28:20
Message: Table 'pos_inventory_system_db.products' doesn't exist
Stack trace: #0 C:\Users\Asus\Downloads\Website\api\products.php(36): mysqli->query('SELECT p.id, p....')
#1 {main}

Error at 2026-03-28 15:28:20 (transactions.php)
Message: Table 'pos_inventory_system_db.transactions' doesn't exist
Stack trace: #0 C:\Users\Asus\Downloads\Website\api\transactions.php(38): mysqli->query('SELECT t.id, t....')
#1 {main}

Error at 2026-03-28 15:28:21
Message: Table 'pos_inventory_system_db.products' doesn't exist
Stack trace: #0 C:\Users\Asus\Downloads\Website\api\products.php(36): mysqli->query('SELECT p.id, p....')
#1 {main}

Error at 2026-03-28 15:28:21 (transactions.php)
Message: Table 'pos_inventory_system_db.transactions' doesn't exist
Stack trace: #0 C:\Users\Asus\Downloads\Website\api\transactions.php(38): mysqli->query('SELECT t.id, t....')
#1 {main}

Error at 2026-03-28 15:28:22
Message: Table 'pos_inventory_system_db.products' doesn't exist
Stack trace: #0 C:\Users\Asus\Downloads\Website\api\products.php(36): mysqli->query('SELECT p.id, p....')
#1 {main}

Error at 2026-03-28 15:28:22 (transactions.php)
Message: Table 'pos_inventory_system_db.transactions' doesn't exist
Stack trace: #0 C:\Users\Asus\Downloads\Website\api\transactions.php(38): mysqli->query('SELECT t.id, t....')
#1 {main}

Error at 2026-03-28 15:28:23
Message: Table 'pos_inventory_system_db.products' doesn't exist
Stack trace: #0 C:\Users\Asus\Downloads\Website\api\products.php(36): mysqli->query('SELECT p.id, p....')
#1 {main}

Error at 2026-03-28 15:28:23 (transactions.php)
Message: Table 'pos_inventory_system_db.transactions' doesn't exist
Stack trace: #0 C:\Users\Asus\Downloads\Website\api\transactions.php(38): mysqli->query('SELECT t.id, t....')
#1 {main}

Error at 2026-03-28 15:28:24
Message: Table 'pos_inventory_system_db.products' doesn't exist
Stack trace: #0 C:\Users\Asus\Downloads\Website\api\products.php(36): mysqli->query('SELECT p.id, p....')
#1 {main}

Error at 2026-03-28 15:28:24 (transactions.php)
Message: Table 'pos_inventory_system_db.transactions' doesn't exist
Stack trace: #0 C:\Users\Asus\Downloads\Website\api\transactions.php(38): mysqli->query('SELECT t.id, t....')
#1 {main}

Error at 2026-03-28 15:28:25
Message: Table 'pos_inventory_system_db.products' doesn't exist
Stack trace: #0 C:\Users\Asus\Downloads\Website\api\products.php(36): mysqli->query('SELECT p.id, p....')
#1 {main}

Error at 2026-03-28 15:28:26 (transactions.php)
Message: Table 'pos_inventory_system_db.transactions' doesn't exist
Stack trace: #0 C:\Users\Asus\Downloads\Website\api\transactions.php(38): mysqli->query('SELECT t.id, t....')
#1 {main}

Error at 2026-03-28 15:28:26
Message: Table 'pos_inventory_system_db.products' doesn't exist
Stack trace: #0 C:\Users\Asus\Downloads\Website\api\products.php(36): mysqli->query('SELECT p.id, p....')
#1 {main}

Error at 2026-03-28 15:28:26 (transactions.php)
Message: Table 'pos_inventory_system_db.transactions' doesn't exist
Stack trace: #0 C:\Users\Asus\Downloads\Website\api\transactions.php(38): mysqli->query('SELECT t.id, t....')
#1 {main}

Error at 2026-03-28 15:28:27
Message: Table 'pos_inventory_system_db.products' doesn't exist
Stack trace: #0 C:\Users\Asus\Downloads\Website\api\products.php(36): mysqli->query('SELECT p.id, p....')
#1 {main}

Error at 2026-03-28 15:28:27 (transactions.php)
Message: Table 'pos_inventory_system_db.transactions' doesn't exist
Stack trace: #0 C:\Users\Asus\Downloads\Website\api\transactions.php(38): mysqli->query('SELECT t.id, t....')
#1 {main}

Error at 2026-03-28 15:28:28
Message: Table 'pos_inventory_system_db.products' doesn't exist
Stack trace: #0 C:\Users\Asus\Downloads\Website\api\products.php(36): mysqli->query('SELECT p.id, p....')
#1 {main}

Error at 2026-03-28 15:28:28 (transactions.php)
Message: Table 'pos_inventory_system_db.transactions' doesn't exist
Stack trace: #0 C:\Users\Asus\Downloads\Website\api\transactions.php(38): mysqli->query('SELECT t.id, t....')
#1 {main}

Error at 2026-03-28 15:28:30
Message: Table 'pos_inventory_system_db.products' doesn't exist
Stack trace: #0 C:\Users\Asus\Downloads\Website\api\products.php(36): mysqli->query('SELECT p.id, p....')
#1 {main}

Error at 2026-03-28 15:28:30 (transactions.php)
Message: Table 'pos_inventory_system_db.transactions' doesn't exist
Stack trace: #0 C:\Users\Asus\Downloads\Website\api\transactions.php(38): mysqli->query('SELECT t.id, t....')
#1 {main}

Error at 2026-03-28 15:28:30
Message: Table 'pos_inventory_system_db.products' doesn't exist
Stack trace: #0 C:\Users\Asus\Downloads\Website\api\products.php(36): mysqli->query('SELECT p.id, p....')
#1 {main}

Error at 2026-03-28 15:28:30 (transactions.php)
Message: Table 'pos_inventory_system_db.transactions' doesn't exist
Stack trace: #0 C:\Users\Asus\Downloads\Website\api\transactions.php(38): mysqli->query('SELECT t.id, t....')
#1 {main}

Error at 2026-03-28 15:28:31
Message: Table 'pos_inventory_system_db.products' doesn't exist
Stack trace: #0 C:\Users\Asus\Downloads\Website\api\products.php(36): mysqli->query('SELECT p.id, p....')
#1 {main}

Error at 2026-03-28 15:28:31 (transactions.php)
Message: Table 'pos_inventory_system_db.transactions' doesn't exist
Stack trace: #0 C:\Users\Asus\Downloads\Website\api\transactions.php(38): mysqli->query('SELECT t.id, t....')
#1 {main}

Error at 2026-03-28 15:28:32
Message: Table 'pos_inventory_system_db.products' doesn't exist
Stack trace: #0 C:\Users\Asus\Downloads\Website\api\products.php(36): mysqli->query('SELECT p.id, p....')
#1 {main}

Error at 2026-03-28 15:28:32 (transactions.php)
Message: Table 'pos_inventory_system_db.transactions' doesn't exist
Stack trace: #0 C:\Users\Asus\Downloads\Website\api\transactions.php(38): mysqli->query('SELECT t.id, t....')
#1 {main}

Error at 2026-03-28 15:28:33
Message: Table 'pos_inventory_system_db.products' doesn't exist
Stack trace: #0 C:\Users\Asus\Downloads\Website\api\products.php(36): mysqli->query('SELECT p.id, p....')
#1 {main}

Error at 2026-03-28 15:28:33 (transactions.php)
Message: Table 'pos_inventory_system_db.transactions' doesn't exist
Stack trace: #0 C:\Users\Asus\Downloads\Website\api\transactions.php(38): mysqli->query('SELECT t.id, t....')
#1 {main}

Error at 2026-03-28 15:28:34
Message: Table 'pos_inventory_system_db.products' doesn't exist
Stack trace: #0 C:\Users\Asus\Downloads\Website\api\products.php(36): mysqli->query('SELECT p.id, p....')
#1 {main}

Error at 2026-03-28 15:28:34 (transactions.php)
Message: Table 'pos_inventory_system_db.transactions' doesn't exist
Stack trace: #0 C:\Users\Asus\Downloads\Website\api\transactions.php(38): mysqli->query('SELECT t.id, t....')
#1 {main}

Error at 2026-03-28 15:28:35
Message: Table 'pos_inventory_system_db.products' doesn't exist
Stack trace: #0 C:\Users\Asus\Downloads\Website\api\products.php(36): mysqli->query('SELECT p.id, p....')
#1 {main}

Error at 2026-03-28 15:28:36 (transactions.php)
Message: Table 'pos_inventory_system_db.transactions' doesn't exist
Stack trace: #0 C:\Users\Asus\Downloads\Website\api\transactions.php(38): mysqli->query('SELECT t.id, t....')
#1 {main}

Error at 2026-03-28 15:28:36
Message: Table 'pos_inventory_system_db.products' doesn't exist
Stack trace: #0 C:\Users\Asus\Downloads\Website\api\products.php(36): mysqli->query('SELECT p.id, p....')
#1 {main}

Error at 2026-03-28 15:28:36 (transactions.php)
Message: Table 'pos_inventory_system_db.transactions' doesn't exist
Stack trace: #0 C:\Users\Asus\Downloads\Website\api\transactions.php(38): mysqli->query('SELECT t.id, t....')
#1 {main}

Error at 2026-03-28 15:28:37
Message: Table 'pos_inventory_system_db.products' doesn't exist
Stack trace: #0 C:\Users\Asus\Downloads\Website\api\products.php(36): mysqli->query('SELECT p.id, p....')
#1 {main}

Error at 2026-03-28 15:28:37 (transactions.php)
Message: Table 'pos_inventory_system_db.transactions' doesn't exist
Stack trace: #0 C:\Users\Asus\Downloads\Website\api\transactions.php(38): mysqli->query('SELECT t.id, t....')
#1 {main}

Error at 2026-03-28 15:28:38
Message: Table 'pos_inventory_system_db.products' doesn't exist
Stack trace: #0 C:\Users\Asus\Downloads\Website\api\products.php(36): mysqli->query('SELECT p.id, p....')
#1 {main}

Error at 2026-03-28 15:28:38 (transactions.php)
Message: Table 'pos_inventory_system_db.transactions' doesn't exist
Stack trace: #0 C:\Users\Asus\Downloads\Website\api\transactions.php(38): mysqli->query('SELECT t.id, t....')
#1 {main}

Error at 2026-03-28 15:28:39
Message: Table 'pos_inventory_system_db.products' doesn't exist
Stack trace: #0 C:\Users\Asus\Downloads\Website\api\products.php(36): mysqli->query('SELECT p.id, p....')
#1 {main}

Error at 2026-03-28 15:28:39 (transactions.php)
Message: Table 'pos_inventory_system_db.transactions' doesn't exist
Stack trace: #0 C:\Users\Asus\Downloads\Website\api\transactions.php(38): mysqli->query('SELECT t.id, t....')
#1 {main}

Error at 2026-03-28 15:28:39
Message: Table 'pos_inventory_system_db.products' doesn't exist
Stack trace: #0 C:\Users\Asus\Downloads\Website\api\products.php(36): mysqli->query('SELECT p.id, p....')
#1 {main}

Error at 2026-03-28 15:28:39 (transactions.php)
Message: Table 'pos_inventory_system_db.transactions' doesn't exist
Stack trace: #0 C:\Users\Asus\Downloads\Website\api\transactions.php(38): mysqli->query('SELECT t.id, t....')
#1 {main}

Error at 2026-03-28 15:28:39
Message: Table 'pos_inventory_system_db.products' doesn't exist
Stack trace: #0 C:\Users\Asus\Downloads\Website\api\products.php(36): mysqli->query('SELECT p.id, p....')
#1 {main}

Error at 2026-03-28 15:28:39 (transactions.php)
Message: Table 'pos_inventory_system_db.transactions' doesn't exist
Stack trace: #0 C:\Users\Asus\Downloads\Website\api\transactions.php(38): mysqli->query('SELECT t.id, t....')
#1 {main}

Error at 2026-03-28 15:28:40
Message: Table 'pos_inventory_system_db.products' doesn't exist
Stack trace: #0 C:\Users\Asus\Downloads\Website\api\products.php(36): mysqli->query('SELECT p.id, p....')
#1 {main}

Error at 2026-03-28 15:28:40 (transactions.php)
Message: Table 'pos_inventory_system_db.transactions' doesn't exist
Stack trace: #0 C:\Users\Asus\Downloads\Website\api\transactions.php(38): mysqli->query('SELECT t.id, t....')
#1 {main}

Error at 2026-03-28 15:28:41
Message: Table 'pos_inventory_system_db.products' doesn't exist
Stack trace: #0 C:\Users\Asus\Downloads\Website\api\products.php(36): mysqli->query('SELECT p.id, p....')
#1 {main}

Error at 2026-03-28 15:28:41 (transactions.php)
Message: Table 'pos_inventory_system_db.transactions' doesn't exist
Stack trace: #0 C:\Users\Asus\Downloads\Website\api\transactions.php(38): mysqli->query('SELECT t.id, t....')
#1 {main}

Error at 2026-03-28 15:28:42
Message: Table 'pos_inventory_system_db.products' doesn't exist
Stack trace: #0 C:\Users\Asus\Downloads\Website\api\products.php(36): mysqli->query('SELECT p.id, p....')
#1 {main}

Error at 2026-03-28 15:28:42 (transactions.php)
Message: Table 'pos_inventory_system_db.transactions' doesn't exist
Stack trace: #0 C:\Users\Asus\Downloads\Website\api\transactions.php(38): mysqli->query('SELECT t.id, t....')
#1 {main}

Error at 2026-03-28 15:28:43
Message: Table 'pos_inventory_system_db.products' doesn't exist
Stack trace: #0 C:\Users\Asus\Downloads\Website\api\products.php(36): mysqli->query('SELECT p.id, p....')
#1 {main}

Error at 2026-03-28 15:28:43 (transactions.php)
Message: Table 'pos_inventory_system_db.transactions' doesn't exist
Stack trace: #0 C:\Users\Asus\Downloads\Website\api\transactions.php(38): mysqli->query('SELECT t.id, t....')
#1 {main}

Error at 2026-03-28 15:28:44
Message: Table 'pos_inventory_system_db.products' doesn't exist
Stack trace: #0 C:\Users\Asus\Downloads\Website\api\products.php(36): mysqli->query('SELECT p.id, p....')
#1 {main}

Error at 2026-03-28 15:28:44 (transactions.php)
Message: Table 'pos_inventory_system_db.transactions' doesn't exist
Stack trace: #0 C:\Users\Asus\Downloads\Website\api\transactions.php(38): mysqli->query('SELECT t.id, t....')
#1 {main}

Error at 2026-03-28 15:28:45
Message: Table 'pos_inventory_system_db.products' doesn't exist
Stack trace: #0 C:\Users\Asus\Downloads\Website\api\products.php(36): mysqli->query('SELECT p.id, p....')
#1 {main}

Error at 2026-03-28 15:28:45 (transactions.php)
Message: Table 'pos_inventory_system_db.transactions' doesn't exist
Stack trace: #0 C:\Users\Asus\Downloads\Website\api\transactions.php(38): mysqli->query('SELECT t.id, t....')
#1 {main}

Error at 2026-03-28 15:28:46
Message: Table 'pos_inventory_system_db.products' doesn't exist
Stack trace: #0 C:\Users\Asus\Downloads\Website\api\products.php(36): mysqli->query('SELECT p.id, p....')
#1 {main}

Error at 2026-03-28 15:28:46 (transactions.php)
Message: Table 'pos_inventory_system_db.transactions' doesn't exist
Stack trace: #0 C:\Users\Asus\Downloads\Website\api\transactions.php(38): mysqli->query('SELECT t.id, t....')
#1 {main}

Error at 2026-03-28 15:28:47
Message: Table 'pos_inventory_system_db.products' doesn't exist
Stack trace: #0 C:\Users\Asus\Downloads\Website\api\products.php(36): mysqli->query('SELECT p.id, p....')
#1 {main}

Error at 2026-03-28 15:28:47 (transactions.php)
Message: Table 'pos_inventory_system_db.transactions' doesn't exist
Stack trace: #0 C:\Users\Asus\Downloads\Website\api\transactions.php(38): mysqli->query('SELECT t.id, t....')
#1 {main}

Error at 2026-03-28 15:28:48
Message: Table 'pos_inventory_system_db.products' doesn't exist
Stack trace: #0 C:\Users\Asus\Downloads\Website\api\products.php(36): mysqli->query('SELECT p.id, p....')
#1 {main}

Error at 2026-03-28 15:28:48 (transactions.php)
Message: Table 'pos_inventory_system_db.transactions' doesn't exist
Stack trace: #0 C:\Users\Asus\Downloads\Website\api\transactions.php(38): mysqli->query('SELECT t.id, t....')
#1 {main}

Error at 2026-03-28 15:28:49
Message: Table 'pos_inventory_system_db.products' doesn't exist
Stack trace: #0 C:\Users\Asus\Downloads\Website\api\products.php(36): mysqli->query('SELECT p.id, p....')
#1 {main}

Error at 2026-03-28 15:28:49 (transactions.php)
Message: Table 'pos_inventory_system_db.transactions' doesn't exist
Stack trace: #0 C:\Users\Asus\Downloads\Website\api\transactions.php(38): mysqli->query('SELECT t.id, t....')
#1 {main}

Error at 2026-03-28 15:28:50
Message: Table 'pos_inventory_system_db.products' doesn't exist
Stack trace: #0 C:\Users\Asus\Downloads\Website\api\products.php(36): mysqli->query('SELECT p.id, p....')
#1 {main}

Error at 2026-03-28 15:28:50 (transactions.php)
Message: Table 'pos_inventory_system_db.transactions' doesn't exist
Stack trace: #0 C:\Users\Asus\Downloads\Website\api\transactions.php(38): mysqli->query('SELECT t.id, t....')
#1 {main}

Error at 2026-03-28 15:28:51
Message: Table 'pos_inventory_system_db.products' doesn't exist
Stack trace: #0 C:\Users\Asus\Downloads\Website\api\products.php(36): mysqli->query('SELECT p.id, p....')
#1 {main}

Error at 2026-03-28 15:28:51 (transactions.php)
Message: Table 'pos_inventory_system_db.transactions' doesn't exist
Stack trace: #0 C:\Users\Asus\Downloads\Website\api\transactions.php(38): mysqli->query('SELECT t.id, t....')
#1 {main}

Error at 2026-03-28 15:28:52
Message: Table 'pos_inventory_system_db.products' doesn't exist
Stack trace: #0 C:\Users\Asus\Downloads\Website\api\products.php(36): mysqli->query('SELECT p.id, p....')
#1 {main}

Error at 2026-03-28 15:28:52 (transactions.php)
Message: Table 'pos_inventory_system_db.transactions' doesn't exist
Stack trace: #0 C:\Users\Asus\Downloads\Website\api\transactions.php(38): mysqli->query('SELECT t.id, t....')
#1 {main}

Error at 2026-03-28 15:28:53
Message: Table 'pos_inventory_system_db.products' doesn't exist
Stack trace: #0 C:\Users\Asus\Downloads\Website\api\products.php(36): mysqli->query('SELECT p.id, p....')
#1 {main}

Error at 2026-03-28 15:28:53 (transactions.php)
Message: Table 'pos_inventory_system_db.transactions' doesn't exist
Stack trace: #0 C:\Users\Asus\Downloads\Website\api\transactions.php(38): mysqli->query('SELECT t.id, t....')
#1 {main}

Error at 2026-03-28 15:28:54
Message: Table 'pos_inventory_system_db.products' doesn't exist
Stack trace: #0 C:\Users\Asus\Downloads\Website\api\products.php(36): mysqli->query('SELECT p.id, p....')
#1 {main}

Error at 2026-03-28 15:28:54 (transactions.php)
Message: Table 'pos_inventory_system_db.transactions' doesn't exist
Stack trace: #0 C:\Users\Asus\Downloads\Website\api\transactions.php(38): mysqli->query('SELECT t.id, t....')
#1 {main}

Error at 2026-03-28 15:28:55
Message: Table 'pos_inventory_system_db.products' doesn't exist
Stack trace: #0 C:\Users\Asus\Downloads\Website\api\products.php(36): mysqli->query('SELECT p.id, p....')
#1 {main}

Error at 2026-03-28 15:28:55 (transactions.php)
Message: Table 'pos_inventory_system_db.transactions' doesn't exist
Stack trace: #0 C:\Users\Asus\Downloads\Website\api\transactions.php(38): mysqli->query('SELECT t.id, t....')
#1 {main}

Error at 2026-03-28 15:28:56
Message: Table 'pos_inventory_system_db.products' doesn't exist
Stack trace: #0 C:\Users\Asus\Downloads\Website\api\products.php(36): mysqli->query('SELECT p.id, p....')
#1 {main}

Error at 2026-03-28 15:28:56 (transactions.php)
Message: Table 'pos_inventory_system_db.transactions' doesn't exist
Stack trace: #0 C:\Users\Asus\Downloads\Website\api\transactions.php(38): mysqli->query('SELECT t.id, t....')
#1 {main}

Error at 2026-03-28 15:28:57
Message: Table 'pos_inventory_system_db.products' doesn't exist
Stack trace: #0 C:\Users\Asus\Downloads\Website\api\products.php(36): mysqli->query('SELECT p.id, p....')
#1 {main}

Error at 2026-03-28 15:28:57 (transactions.php)
Message: Table 'pos_inventory_system_db.transactions' doesn't exist
Stack trace: #0 C:\Users\Asus\Downloads\Website\api\transactions.php(38): mysqli->query('SELECT t.id, t....')
#1 {main}

Error at 2026-03-28 15:28:58
Message: Table 'pos_inventory_system_db.products' doesn't exist
Stack trace: #0 C:\Users\Asus\Downloads\Website\api\products.php(36): mysqli->query('SELECT p.id, p....')
#1 {main}

Error at 2026-03-28 15:28:58 (transactions.php)
Message: Table 'pos_inventory_system_db.transactions' doesn't exist
Stack trace: #0 C:\Users\Asus\Downloads\Website\api\transactions.php(38): mysqli->query('SELECT t.id, t....')
#1 {main}

Error at 2026-03-28 15:28:59
Message: Table 'pos_inventory_system_db.products' doesn't exist
Stack trace: #0 C:\Users\Asus\Downloads\Website\api\products.php(36): mysqli->query('SELECT p.id, p....')
#1 {main}

Error at 2026-03-28 15:29:00 (transactions.php)
Message: Table 'pos_inventory_system_db.transactions' doesn't exist
Stack trace: #0 C:\Users\Asus\Downloads\Website\api\transactions.php(38): mysqli->query('SELECT t.id, t....')
#1 {main}

Error at 2026-03-28 15:29:00
Message: Table 'pos_inventory_system_db.products' doesn't exist
Stack trace: #0 C:\Users\Asus\Downloads\Website\api\products.php(36): mysqli->query('SELECT p.id, p....')
#1 {main}

Error at 2026-03-28 15:29:00 (transactions.php)
Message: Table 'pos_inventory_system_db.transactions' doesn't exist
Stack trace: #0 C:\Users\Asus\Downloads\Website\api\transactions.php(38): mysqli->query('SELECT t.id, t....')
#1 {main}

Error at 2026-03-28 15:29:01
Message: Table 'pos_inventory_system_db.products' doesn't exist
Stack trace: #0 C:\Users\Asus\Downloads\Website\api\products.php(36): mysqli->query('SELECT p.id, p....')
#1 {main}

Error at 2026-03-28 15:29:02 (transactions.php)
Message: Table 'pos_inventory_system_db.transactions' doesn't exist
Stack trace: #0 C:\Users\Asus\Downloads\Website\api\transactions.php(38): mysqli->query('SELECT t.id, t....')
#1 {main}

Error at 2026-03-28 15:29:02
Message: Table 'pos_inventory_system_db.products' doesn't exist
Stack trace: #0 C:\Users\Asus\Downloads\Website\api\products.php(36): mysqli->query('SELECT p.id, p....')
#1 {main}

Error at 2026-03-28 15:29:02 (transactions.php)
Message: Table 'pos_inventory_system_db.transactions' doesn't exist
Stack trace: #0 C:\Users\Asus\Downloads\Website\api\transactions.php(38): mysqli->query('SELECT t.id, t....')
#1 {main}

Error at 2026-03-28 15:29:03
Message: Table 'pos_inventory_system_db.products' doesn't exist
Stack trace: #0 C:\Users\Asus\Downloads\Website\api\products.php(36): mysqli->query('SELECT p.id, p....')
#1 {main}

Error at 2026-03-28 15:29:03 (transactions.php)
Message: Table 'pos_inventory_system_db.transactions' doesn't exist
Stack trace: #0 C:\Users\Asus\Downloads\Website\api\transactions.php(38): mysqli->query('SELECT t.id, t....')
#1 {main}

Error at 2026-03-28 15:29:04
Message: Table 'pos_inventory_system_db.products' doesn't exist
Stack trace: #0 C:\Users\Asus\Downloads\Website\api\products.php(36): mysqli->query('SELECT p.id, p....')
#1 {main}

Error at 2026-03-28 15:29:04 (transactions.php)
Message: Table 'pos_inventory_system_db.transactions' doesn't exist
Stack trace: #0 C:\Users\Asus\Downloads\Website\api\transactions.php(38): mysqli->query('SELECT t.id, t....')
#1 {main}

Error at 2026-03-28 15:29:05
Message: Table 'pos_inventory_system_db.products' doesn't exist
Stack trace: #0 C:\Users\Asus\Downloads\Website\api\products.php(36): mysqli->query('SELECT p.id, p....')
#1 {main}

Error at 2026-03-28 15:29:05 (transactions.php)
Message: Table 'pos_inventory_system_db.transactions' doesn't exist
Stack trace: #0 C:\Users\Asus\Downloads\Website\api\transactions.php(38): mysqli->query('SELECT t.id, t....')
#1 {main}

Error at 2026-03-28 15:29:06
Message: Table 'pos_inventory_system_db.products' doesn't exist
Stack trace: #0 C:\Users\Asus\Downloads\Website\api\products.php(36): mysqli->query('SELECT p.id, p....')
#1 {main}

Error at 2026-03-28 15:29:06 (transactions.php)
Message: Table 'pos_inventory_system_db.transactions' doesn't exist
Stack trace: #0 C:\Users\Asus\Downloads\Website\api\transactions.php(38): mysqli->query('SELECT t.id, t....')
#1 {main}

Error at 2026-03-28 15:29:07
Message: Table 'pos_inventory_system_db.products' doesn't exist
Stack trace: #0 C:\Users\Asus\Downloads\Website\api\products.php(36): mysqli->query('SELECT p.id, p....')
#1 {main}

Error at 2026-03-28 15:29:07 (transactions.php)
Message: Table 'pos_inventory_system_db.transactions' doesn't exist
Stack trace: #0 C:\Users\Asus\Downloads\Website\api\transactions.php(38): mysqli->query('SELECT t.id, t....')
#1 {main}

Error at 2026-03-28 15:29:08
Message: Table 'pos_inventory_system_db.products' doesn't exist
Stack trace: #0 C:\Users\Asus\Downloads\Website\api\products.php(36): mysqli->query('SELECT p.id, p....')
#1 {main}

Error at 2026-03-28 15:29:09 (transactions.php)
Message: Table 'pos_inventory_system_db.transactions' doesn't exist
Stack trace: #0 C:\Users\Asus\Downloads\Website\api\transactions.php(38): mysqli->query('SELECT t.id, t....')
#1 {main}

Error at 2026-03-28 15:29:09
Message: Table 'pos_inventory_system_db.products' doesn't exist
Stack trace: #0 C:\Users\Asus\Downloads\Website\api\products.php(36): mysqli->query('SELECT p.id, p....')
#1 {main}

Error at 2026-03-28 15:29:09 (transactions.php)
Message: Table 'pos_inventory_system_db.transactions' doesn't exist
Stack trace: #0 C:\Users\Asus\Downloads\Website\api\transactions.php(38): mysqli->query('SELECT t.id, t....')
#1 {main}

Error at 2026-03-28 15:29:10
Message: Table 'pos_inventory_system_db.products' doesn't exist
Stack trace: #0 C:\Users\Asus\Downloads\Website\api\products.php(36): mysqli->query('SELECT p.id, p....')
#1 {main}

Error at 2026-03-28 15:29:10 (transactions.php)
Message: Table 'pos_inventory_system_db.transactions' doesn't exist
Stack trace: #0 C:\Users\Asus\Downloads\Website\api\transactions.php(38): mysqli->query('SELECT t.id, t....')
#1 {main}

Error at 2026-03-28 15:29:11
Message: Table 'pos_inventory_system_db.products' doesn't exist
Stack trace: #0 C:\Users\Asus\Downloads\Website\api\products.php(36): mysqli->query('SELECT p.id, p....')
#1 {main}

Error at 2026-03-28 15:29:11 (transactions.php)
Message: Table 'pos_inventory_system_db.transactions' doesn't exist
Stack trace: #0 C:\Users\Asus\Downloads\Website\api\transactions.php(38): mysqli->query('SELECT t.id, t....')
#1 {main}

Error at 2026-03-28 15:29:12
Message: Table 'pos_inventory_system_db.products' doesn't exist
Stack trace: #0 C:\Users\Asus\Downloads\Website\api\products.php(36): mysqli->query('SELECT p.id, p....')
#1 {main}

Error at 2026-03-28 15:29:12 (transactions.php)
Message: Table 'pos_inventory_system_db.transactions' doesn't exist
Stack trace: #0 C:\Users\Asus\Downloads\Website\api\transactions.php(38): mysqli->query('SELECT t.id, t....')
#1 {main}

Error at 2026-03-28 15:29:13
Message: Table 'pos_inventory_system_db.products' doesn't exist
Stack trace: #0 C:\Users\Asus\Downloads\Website\api\products.php(36): mysqli->query('SELECT p.id, p....')
#1 {main}

Error at 2026-03-28 15:29:14 (transactions.php)
Message: Table 'pos_inventory_system_db.transactions' doesn't exist
Stack trace: #0 C:\Users\Asus\Downloads\Website\api\transactions.php(38): mysqli->query('SELECT t.id, t....')
#1 {main}

Error at 2026-03-28 15:29:14
Message: Table 'pos_inventory_system_db.products' doesn't exist
Stack trace: #0 C:\Users\Asus\Downloads\Website\api\products.php(36): mysqli->query('SELECT p.id, p....')
#1 {main}

Error at 2026-03-28 15:29:14 (transactions.php)
Message: Table 'pos_inventory_system_db.transactions' doesn't exist
Stack trace: #0 C:\Users\Asus\Downloads\Website\api\transactions.php(38): mysqli->query('SELECT t.id, t....')
#1 {main}

Error at 2026-03-28 15:29:15
Message: Table 'pos_inventory_system_db.products' doesn't exist
Stack trace: #0 C:\Users\Asus\Downloads\Website\api\products.php(36): mysqli->query('SELECT p.id, p....')
#1 {main}

Error at 2026-03-28 15:29:15 (transactions.php)
Message: Table 'pos_inventory_system_db.transactions' doesn't exist
Stack trace: #0 C:\Users\Asus\Downloads\Website\api\transactions.php(38): mysqli->query('SELECT t.id, t....')
#1 {main}

Error at 2026-03-28 15:29:16
Message: Table 'pos_inventory_system_db.products' doesn't exist
Stack trace: #0 C:\Users\Asus\Downloads\Website\api\products.php(36): mysqli->query('SELECT p.id, p....')
#1 {main}

Error at 2026-03-28 15:29:16 (transactions.php)
Message: Table 'pos_inventory_system_db.transactions' doesn't exist
Stack trace: #0 C:\Users\Asus\Downloads\Website\api\transactions.php(38): mysqli->query('SELECT t.id, t....')
#1 {main}

Error at 2026-03-28 15:29:17
Message: Table 'pos_inventory_system_db.products' doesn't exist
Stack trace: #0 C:\Users\Asus\Downloads\Website\api\products.php(36): mysqli->query('SELECT p.id, p....')
#1 {main}

Error at 2026-03-28 15:29:18 (transactions.php)
Message: Table 'pos_inventory_system_db.transactions' doesn't exist
Stack trace: #0 C:\Users\Asus\Downloads\Website\api\transactions.php(38): mysqli->query('SELECT t.id, t....')
#1 {main}

Error at 2026-03-28 15:29:18
Message: Table 'pos_inventory_system_db.products' doesn't exist
Stack trace: #0 C:\Users\Asus\Downloads\Website\api\products.php(36): mysqli->query('SELECT p.id, p....')
#1 {main}

Error at 2026-03-28 15:29:18 (transactions.php)
Message: Table 'pos_inventory_system_db.transactions' doesn't exist
Stack trace: #0 C:\Users\Asus\Downloads\Website\api\transactions.php(38): mysqli->query('SELECT t.id, t....')
#1 {main}

Error at 2026-03-28 15:29:20
Message: Table 'pos_inventory_system_db.products' doesn't exist
Stack trace: #0 C:\Users\Asus\Downloads\Website\api\products.php(36): mysqli->query('SELECT p.id, p....')
#1 {main}

Error at 2026-03-28 15:29:20 (transactions.php)
Message: Table 'pos_inventory_system_db.transactions' doesn't exist
Stack trace: #0 C:\Users\Asus\Downloads\Website\api\transactions.php(38): mysqli->query('SELECT t.id, t....')
#1 {main}

Error at 2026-03-28 15:29:20
Message: Table 'pos_inventory_system_db.products' doesn't exist
Stack trace: #0 C:\Users\Asus\Downloads\Website\api\products.php(36): mysqli->query('SELECT p.id, p....')
#1 {main}

Error at 2026-03-28 15:29:20 (transactions.php)
Message: Table 'pos_inventory_system_db.transactions' doesn't exist
Stack trace: #0 C:\Users\Asus\Downloads\Website\api\transactions.php(38): mysqli->query('SELECT t.id, t....')
#1 {main}

Error at 2026-03-28 15:29:22
Message: Table 'pos_inventory_system_db.products' doesn't exist
Stack trace: #0 C:\Users\Asus\Downloads\Website\api\products.php(36): mysqli->query('SELECT p.id, p....')
#1 {main}

Error at 2026-03-28 15:29:22 (transactions.php)
Message: Table 'pos_inventory_system_db.transactions' doesn't exist
Stack trace: #0 C:\Users\Asus\Downloads\Website\api\transactions.php(38): mysqli->query('SELECT t.id, t....')
#1 {main}

Error at 2026-03-28 15:29:22
Message: Table 'pos_inventory_system_db.products' doesn't exist
Stack trace: #0 C:\Users\Asus\Downloads\Website\api\products.php(36): mysqli->query('SELECT p.id, p....')
#1 {main}

Error at 2026-03-28 15:29:22 (transactions.php)
Message: Table 'pos_inventory_system_db.transactions' doesn't exist
Stack trace: #0 C:\Users\Asus\Downloads\Website\api\transactions.php(38): mysqli->query('SELECT t.id, t....')
#1 {main}

Error at 2026-03-28 15:29:23
Message: Table 'pos_inventory_system_db.products' doesn't exist
Stack trace: #0 C:\Users\Asus\Downloads\Website\api\products.php(36): mysqli->query('SELECT p.id, p....')
#1 {main}

Error at 2026-03-28 15:29:24 (transactions.php)
Message: Table 'pos_inventory_system_db.transactions' doesn't exist
Stack trace: #0 C:\Users\Asus\Downloads\Website\api\transactions.php(38): mysqli->query('SELECT t.id, t....')
#1 {main}

Error at 2026-03-28 15:29:24
Message: Table 'pos_inventory_system_db.products' doesn't exist
Stack trace: #0 C:\Users\Asus\Downloads\Website\api\products.php(36): mysqli->query('SELECT p.id, p....')
#1 {main}

Error at 2026-03-28 15:29:24 (transactions.php)
Message: Table 'pos_inventory_system_db.transactions' doesn't exist
Stack trace: #0 C:\Users\Asus\Downloads\Website\api\transactions.php(38): mysqli->query('SELECT t.id, t....')
#1 {main}

Error at 2026-03-28 15:29:25
Message: Table 'pos_inventory_system_db.products' doesn't exist
Stack trace: #0 C:\Users\Asus\Downloads\Website\api\products.php(36): mysqli->query('SELECT p.id, p....')
#1 {main}

Error at 2026-03-28 15:29:25 (transactions.php)
Message: Table 'pos_inventory_system_db.transactions' doesn't exist
Stack trace: #0 C:\Users\Asus\Downloads\Website\api\transactions.php(38): mysqli->query('SELECT t.id, t....')
#1 {main}

Error at 2026-03-28 15:29:26
Message: Table 'pos_inventory_system_db.products' doesn't exist
Stack trace: #0 C:\Users\Asus\Downloads\Website\api\products.php(36): mysqli->query('SELECT p.id, p....')
#1 {main}

Error at 2026-03-28 15:29:26 (transactions.php)
Message: Table 'pos_inventory_system_db.transactions' doesn't exist
Stack trace: #0 C:\Users\Asus\Downloads\Website\api\transactions.php(38): mysqli->query('SELECT t.id, t....')
#1 {main}

Error at 2026-03-28 15:29:27
Message: Table 'pos_inventory_system_db.products' doesn't exist
Stack trace: #0 C:\Users\Asus\Downloads\Website\api\products.php(36): mysqli->query('SELECT p.id, p....')
#1 {main}

Error at 2026-03-28 15:29:28 (transactions.php)
Message: Table 'pos_inventory_system_db.transactions' doesn't exist
Stack trace: #0 C:\Users\Asus\Downloads\Website\api\transactions.php(38): mysqli->query('SELECT t.id, t....')
#1 {main}

Error at 2026-03-28 15:29:28
Message: Table 'pos_inventory_system_db.products' doesn't exist
Stack trace: #0 C:\Users\Asus\Downloads\Website\api\products.php(36): mysqli->query('SELECT p.id, p....')
#1 {main}

Error at 2026-03-28 15:29:28 (transactions.php)
Message: Table 'pos_inventory_system_db.transactions' doesn't exist
Stack trace: #0 C:\Users\Asus\Downloads\Website\api\transactions.php(38): mysqli->query('SELECT t.id, t....')
#1 {main}

Error at 2026-03-28 15:29:29
Message: Table 'pos_inventory_system_db.products' doesn't exist
Stack trace: #0 C:\Users\Asus\Downloads\Website\api\products.php(36): mysqli->query('SELECT p.id, p....')
#1 {main}

Error at 2026-03-28 15:29:30 (transactions.php)
Message: Table 'pos_inventory_system_db.transactions' doesn't exist
Stack trace: #0 C:\Users\Asus\Downloads\Website\api\transactions.php(38): mysqli->query('SELECT t.id, t....')
#1 {main}

Error at 2026-03-28 15:29:30
Message: Table 'pos_inventory_system_db.products' doesn't exist
Stack trace: #0 C:\Users\Asus\Downloads\Website\api\products.php(36): mysqli->query('SELECT p.id, p....')
#1 {main}

Error at 2026-03-28 15:29:30 (transactions.php)
Message: Table 'pos_inventory_system_db.transactions' doesn't exist
Stack trace: #0 C:\Users\Asus\Downloads\Website\api\transactions.php(38): mysqli->query('SELECT t.id, t....')
#1 {main}

Error at 2026-03-28 15:29:31
Message: Table 'pos_inventory_system_db.products' doesn't exist
Stack trace: #0 C:\Users\Asus\Downloads\Website\api\products.php(36): mysqli->query('SELECT p.id, p....')
#1 {main}

Error at 2026-03-28 15:29:31 (transactions.php)
Message: Table 'pos_inventory_system_db.transactions' doesn't exist
Stack trace: #0 C:\Users\Asus\Downloads\Website\api\transactions.php(38): mysqli->query('SELECT t.id, t....')
#1 {main}

Error at 2026-03-28 15:29:32
Message: Table 'pos_inventory_system_db.products' doesn't exist
Stack trace: #0 C:\Users\Asus\Downloads\Website\api\products.php(36): mysqli->query('SELECT p.id, p....')
#1 {main}

Error at 2026-03-28 15:29:32 (transactions.php)
Message: Table 'pos_inventory_system_db.transactions' doesn't exist
Stack trace: #0 C:\Users\Asus\Downloads\Website\api\transactions.php(38): mysqli->query('SELECT t.id, t....')
#1 {main}

Error at 2026-03-28 15:29:34
Message: Table 'pos_inventory_system_db.products' doesn't exist
Stack trace: #0 C:\Users\Asus\Downloads\Website\api\products.php(36): mysqli->query('SELECT p.id, p....')
#1 {main}

Error at 2026-03-28 15:29:34 (transactions.php)
Message: Table 'pos_inventory_system_db.transactions' doesn't exist
Stack trace: #0 C:\Users\Asus\Downloads\Website\api\transactions.php(38): mysqli->query('SELECT t.id, t....')
#1 {main}

Error at 2026-03-28 15:29:34
Message: Table 'pos_inventory_system_db.products' doesn't exist
Stack trace: #0 C:\Users\Asus\Downloads\Website\api\products.php(36): mysqli->query('SELECT p.id, p....')
#1 {main}

Error at 2026-03-28 15:29:34 (transactions.php)
Message: Table 'pos_inventory_system_db.transactions' doesn't exist
Stack trace: #0 C:\Users\Asus\Downloads\Website\api\transactions.php(38): mysqli->query('SELECT t.id, t....')
#1 {main}

Error at 2026-03-28 15:29:35
Message: Table 'pos_inventory_system_db.products' doesn't exist
Stack trace: #0 C:\Users\Asus\Downloads\Website\api\products.php(36): mysqli->query('SELECT p.id, p....')
#1 {main}

Error at 2026-03-28 15:29:35 (transactions.php)
Message: Table 'pos_inventory_system_db.transactions' doesn't exist
Stack trace: #0 C:\Users\Asus\Downloads\Website\api\transactions.php(38): mysqli->query('SELECT t.id, t....')
#1 {main}

Error at 2026-03-28 15:29:36
Message: Table 'pos_inventory_system_db.products' doesn't exist
Stack trace: #0 C:\Users\Asus\Downloads\Website\api\products.php(36): mysqli->query('SELECT p.id, p....')
#1 {main}

Error at 2026-03-28 15:29:36 (transactions.php)
Message: Table 'pos_inventory_system_db.transactions' doesn't exist
Stack trace: #0 C:\Users\Asus\Downloads\Website\api\transactions.php(38): mysqli->query('SELECT t.id, t....')
#1 {main}

Error at 2026-03-28 15:29:37
Message: Table 'pos_inventory_system_db.products' doesn't exist
Stack trace: #0 C:\Users\Asus\Downloads\Website\api\products.php(36): mysqli->query('SELECT p.id, p....')
#1 {main}

Error at 2026-03-28 15:29:37 (transactions.php)
Message: Table 'pos_inventory_system_db.transactions' doesn't exist
Stack trace: #0 C:\Users\Asus\Downloads\Website\api\transactions.php(38): mysqli->query('SELECT t.id, t....')
#1 {main}

Error at 2026-03-28 15:29:38
Message: Table 'pos_inventory_system_db.products' doesn't exist
Stack trace: #0 C:\Users\Asus\Downloads\Website\api\products.php(36): mysqli->query('SELECT p.id, p....')
#1 {main}

Error at 2026-03-28 15:29:38 (transactions.php)
Message: Table 'pos_inventory_system_db.transactions' doesn't exist
Stack trace: #0 C:\Users\Asus\Downloads\Website\api\transactions.php(38): mysqli->query('SELECT t.id, t....')
#1 {main}

Error at 2026-03-28 15:29:39
Message: Table 'pos_inventory_system_db.products' doesn't exist
Stack trace: #0 C:\Users\Asus\Downloads\Website\api\products.php(36): mysqli->query('SELECT p.id, p....')
#1 {main}

Error at 2026-03-28 15:29:39 (transactions.php)
Message: Table 'pos_inventory_system_db.transactions' doesn't exist
Stack trace: #0 C:\Users\Asus\Downloads\Website\api\transactions.php(38): mysqli->query('SELECT t.id, t....')
#1 {main}

Error at 2026-03-28 15:29:39
Message: Table 'pos_inventory_system_db.products' doesn't exist
Stack trace: #0 C:\Users\Asus\Downloads\Website\api\products.php(36): mysqli->query('SELECT p.id, p....')
#1 {main}

Error at 2026-03-28 15:29:39 (transactions.php)
Message: Table 'pos_inventory_system_db.transactions' doesn't exist
Stack trace: #0 C:\Users\Asus\Downloads\Website\api\transactions.php(38): mysqli->query('SELECT t.id, t....')
#1 {main}

Error at 2026-03-28 15:29:39
Message: Table 'pos_inventory_system_db.products' doesn't exist
Stack trace: #0 C:\Users\Asus\Downloads\Website\api\products.php(36): mysqli->query('SELECT p.id, p....')
#1 {main}

Error at 2026-03-28 15:29:39 (transactions.php)
Message: Table 'pos_inventory_system_db.transactions' doesn't exist
Stack trace: #0 C:\Users\Asus\Downloads\Website\api\transactions.php(38): mysqli->query('SELECT t.id, t....')
#1 {main}

Error at 2026-03-28 15:29:40
Message: Table 'pos_inventory_system_db.products' doesn't exist
Stack trace: #0 C:\Users\Asus\Downloads\Website\api\products.php(36): mysqli->query('SELECT p.id, p....')
#1 {main}

Error at 2026-03-28 15:29:40 (transactions.php)
Message: Table 'pos_inventory_system_db.transactions' doesn't exist
Stack trace: #0 C:\Users\Asus\Downloads\Website\api\transactions.php(38): mysqli->query('SELECT t.id, t....')
#1 {main}

Error at 2026-03-28 15:29:41
Message: Table 'pos_inventory_system_db.products' doesn't exist
Stack trace: #0 C:\Users\Asus\Downloads\Website\api\products.php(36): mysqli->query('SELECT p.id, p....')
#1 {main}

Error at 2026-03-28 15:29:41 (transactions.php)
Message: Table 'pos_inventory_system_db.transactions' doesn't exist
Stack trace: #0 C:\Users\Asus\Downloads\Website\api\transactions.php(38): mysqli->query('SELECT t.id, t....')
#1 {main}

Error at 2026-03-28 15:29:42
Message: Table 'pos_inventory_system_db.products' doesn't exist
Stack trace: #0 C:\Users\Asus\Downloads\Website\api\products.php(36): mysqli->query('SELECT p.id, p....')
#1 {main}

Error at 2026-03-28 15:29:42 (transactions.php)
Message: Table 'pos_inventory_system_db.transactions' doesn't exist
Stack trace: #0 C:\Users\Asus\Downloads\Website\api\transactions.php(38): mysqli->query('SELECT t.id, t....')
#1 {main}

Error at 2026-03-28 15:29:43
Message: Table 'pos_inventory_system_db.products' doesn't exist
Stack trace: #0 C:\Users\Asus\Downloads\Website\api\products.php(36): mysqli->query('SELECT p.id, p....')
#1 {main}

Error at 2026-03-28 15:29:43 (transactions.php)
Message: Table 'pos_inventory_system_db.transactions' doesn't exist
Stack trace: #0 C:\Users\Asus\Downloads\Website\api\transactions.php(38): mysqli->query('SELECT t.id, t....')
#1 {main}

Error at 2026-03-28 15:29:44
Message: Table 'pos_inventory_system_db.products' doesn't exist
Stack trace: #0 C:\Users\Asus\Downloads\Website\api\products.php(36): mysqli->query('SELECT p.id, p....')
#1 {main}

Error at 2026-03-28 15:29:45 (transactions.php)
Message: Table 'pos_inventory_system_db.transactions' doesn't exist
Stack trace: #0 C:\Users\Asus\Downloads\Website\api\transactions.php(38): mysqli->query('SELECT t.id, t....')
#1 {main}

Error at 2026-03-28 15:29:45
Message: Table 'pos_inventory_system_db.products' doesn't exist
Stack trace: #0 C:\Users\Asus\Downloads\Website\api\products.php(36): mysqli->query('SELECT p.id, p....')
#1 {main}

Error at 2026-03-28 15:29:45 (transactions.php)
Message: Table 'pos_inventory_system_db.transactions' doesn't exist
Stack trace: #0 C:\Users\Asus\Downloads\Website\api\transactions.php(38): mysqli->query('SELECT t.id, t....')
#1 {main}

Error at 2026-03-28 15:29:46
Message: Table 'pos_inventory_system_db.products' doesn't exist
Stack trace: #0 C:\Users\Asus\Downloads\Website\api\products.php(36): mysqli->query('SELECT p.id, p....')
#1 {main}

Error at 2026-03-28 15:29:46 (transactions.php)
Message: Table 'pos_inventory_system_db.transactions' doesn't exist
Stack trace: #0 C:\Users\Asus\Downloads\Website\api\transactions.php(38): mysqli->query('SELECT t.id, t....')
#1 {main}

Error at 2026-03-28 15:29:47
Message: Table 'pos_inventory_system_db.products' doesn't exist
Stack trace: #0 C:\Users\Asus\Downloads\Website\api\products.php(36): mysqli->query('SELECT p.id, p....')
#1 {main}

Error at 2026-03-28 15:29:47 (transactions.php)
Message: Table 'pos_inventory_system_db.transactions' doesn't exist
Stack trace: #0 C:\Users\Asus\Downloads\Website\api\transactions.php(38): mysqli->query('SELECT t.id, t....')
#1 {main}

Error at 2026-03-28 15:29:48
Message: Table 'pos_inventory_system_db.products' doesn't exist
Stack trace: #0 C:\Users\Asus\Downloads\Website\api\products.php(36): mysqli->query('SELECT p.id, p....')
#1 {main}

Error at 2026-03-28 15:29:48 (transactions.php)
Message: Table 'pos_inventory_system_db.transactions' doesn't exist
Stack trace: #0 C:\Users\Asus\Downloads\Website\api\transactions.php(38): mysqli->query('SELECT t.id, t....')
#1 {main}

Error at 2026-03-28 15:29:49
Message: Table 'pos_inventory_system_db.products' doesn't exist
Stack trace: #0 C:\Users\Asus\Downloads\Website\api\products.php(36): mysqli->query('SELECT p.id, p....')
#1 {main}

Error at 2026-03-28 15:29:49 (transactions.php)
Message: Table 'pos_inventory_system_db.transactions' doesn't exist
Stack trace: #0 C:\Users\Asus\Downloads\Website\api\transactions.php(38): mysqli->query('SELECT t.id, t....')
#1 {main}

Error at 2026-03-28 15:29:50
Message: Table 'pos_inventory_system_db.products' doesn't exist
Stack trace: #0 C:\Users\Asus\Downloads\Website\api\products.php(36): mysqli->query('SELECT p.id, p....')
#1 {main}

Error at 2026-03-28 15:29:51 (transactions.php)
Message: Table 'pos_inventory_system_db.transactions' doesn't exist
Stack trace: #0 C:\Users\Asus\Downloads\Website\api\transactions.php(38): mysqli->query('SELECT t.id, t....')
#1 {main}

Error at 2026-03-28 15:29:51
Message: Table 'pos_inventory_system_db.products' doesn't exist
Stack trace: #0 C:\Users\Asus\Downloads\Website\api\products.php(36): mysqli->query('SELECT p.id, p....')
#1 {main}

Error at 2026-03-28 15:29:52 (transactions.php)
Message: Table 'pos_inventory_system_db.transactions' doesn't exist
Stack trace: #0 C:\Users\Asus\Downloads\Website\api\transactions.php(38): mysqli->query('SELECT t.id, t....')
#1 {main}

Error at 2026-03-28 15:29:52
Message: Table 'pos_inventory_system_db.products' doesn't exist
Stack trace: #0 C:\Users\Asus\Downloads\Website\api\products.php(36): mysqli->query('SELECT p.id, p....')
#1 {main}

Error at 2026-03-28 15:29:53 (transactions.php)
Message: Table 'pos_inventory_system_db.transactions' doesn't exist
Stack trace: #0 C:\Users\Asus\Downloads\Website\api\transactions.php(38): mysqli->query('SELECT t.id, t....')
#1 {main}

Error at 2026-03-28 15:29:53
Message: Table 'pos_inventory_system_db.products' doesn't exist
Stack trace: #0 C:\Users\Asus\Downloads\Website\api\products.php(36): mysqli->query('SELECT p.id, p....')
#1 {main}

Error at 2026-03-28 15:29:54 (transactions.php)
Message: Table 'pos_inventory_system_db.transactions' doesn't exist
Stack trace: #0 C:\Users\Asus\Downloads\Website\api\transactions.php(38): mysqli->query('SELECT t.id, t....')
#1 {main}

Error at 2026-03-28 15:29:54
Message: Table 'pos_inventory_system_db.products' doesn't exist
Stack trace: #0 C:\Users\Asus\Downloads\Website\api\products.php(36): mysqli->query('SELECT p.id, p....')
#1 {main}

Error at 2026-03-28 15:29:54 (transactions.php)
Message: Table 'pos_inventory_system_db.transactions' doesn't exist
Stack trace: #0 C:\Users\Asus\Downloads\Website\api\transactions.php(38): mysqli->query('SELECT t.id, t....')
#1 {main}

Error at 2026-03-28 15:29:54
Message: Table 'pos_inventory_system_db.products' doesn't exist
Stack trace: #0 C:\Users\Asus\Downloads\Website\api\products.php(36): mysqli->query('SELECT p.id, p....')
#1 {main}

Error at 2026-03-28 15:29:55 (transactions.php)
Message: Table 'pos_inventory_system_db.transactions' doesn't exist
Stack trace: #0 C:\Users\Asus\Downloads\Website\api\transactions.php(38): mysqli->query('SELECT t.id, t....')
#1 {main}

Error at 2026-03-28 15:29:55
Message: Table 'pos_inventory_system_db.products' doesn't exist
Stack trace: #0 C:\Users\Asus\Downloads\Website\api\products.php(36): mysqli->query('SELECT p.id, p....')
#1 {main}

Error at 2026-03-28 15:29:55 (transactions.php)
Message: Table 'pos_inventory_system_db.transactions' doesn't exist
Stack trace: #0 C:\Users\Asus\Downloads\Website\api\transactions.php(38): mysqli->query('SELECT t.id, t....')
#1 {main}

Error at 2026-03-28 15:29:55
Message: Table 'pos_inventory_system_db.products' doesn't exist
Stack trace: #0 C:\Users\Asus\Downloads\Website\api\products.php(36): mysqli->query('SELECT p.id, p....')
#1 {main}

Error at 2026-03-28 15:29:56 (transactions.php)
Message: Table 'pos_inventory_system_db.transactions' doesn't exist
Stack trace: #0 C:\Users\Asus\Downloads\Website\api\transactions.php(38): mysqli->query('SELECT t.id, t....')
#1 {main}

Error at 2026-03-28 15:29:56
Message: Table 'pos_inventory_system_db.products' doesn't exist
Stack trace: #0 C:\Users\Asus\Downloads\Website\api\products.php(36): mysqli->query('SELECT p.id, p....')
#1 {main}

Error at 2026-03-28 15:29:56 (transactions.php)
Message: Table 'pos_inventory_system_db.transactions' doesn't exist
Stack trace: #0 C:\Users\Asus\Downloads\Website\api\transactions.php(38): mysqli->query('SELECT t.id, t....')
#1 {main}

Error at 2026-03-28 15:29:56
Message: Table 'pos_inventory_system_db.products' doesn't exist
Stack trace: #0 C:\Users\Asus\Downloads\Website\api\products.php(36): mysqli->query('SELECT p.id, p....')
#1 {main}

Error at 2026-03-28 15:29:57 (transactions.php)
Message: Table 'pos_inventory_system_db.transactions' doesn't exist
Stack trace: #0 C:\Users\Asus\Downloads\Website\api\transactions.php(38): mysqli->query('SELECT t.id, t....')
#1 {main}

Error at 2026-03-28 15:29:57
Message: Table 'pos_inventory_system_db.products' doesn't exist
Stack trace: #0 C:\Users\Asus\Downloads\Website\api\products.php(36): mysqli->query('SELECT p.id, p....')
#1 {main}

Error at 2026-03-28 15:29:57 (transactions.php)
Message: Table 'pos_inventory_system_db.transactions' doesn't exist
Stack trace: #0 C:\Users\Asus\Downloads\Website\api\transactions.php(38): mysqli->query('SELECT t.id, t....')
#1 {main}

Error at 2026-03-28 15:29:58
Message: Table 'pos_inventory_system_db.products' doesn't exist
Stack trace: #0 C:\Users\Asus\Downloads\Website\api\products.php(36): mysqli->query('SELECT p.id, p....')
#1 {main}

Error at 2026-03-28 15:29:58 (transactions.php)
Message: Table 'pos_inventory_system_db.transactions' doesn't exist
Stack trace: #0 C:\Users\Asus\Downloads\Website\api\transactions.php(38): mysqli->query('SELECT t.id, t....')
#1 {main}

Error at 2026-03-28 15:29:58
Message: Table 'pos_inventory_system_db.products' doesn't exist
Stack trace: #0 C:\Users\Asus\Downloads\Website\api\products.php(36): mysqli->query('SELECT p.id, p....')
#1 {main}

Error at 2026-03-28 15:29:58 (transactions.php)
Message: Table 'pos_inventory_system_db.transactions' doesn't exist
Stack trace: #0 C:\Users\Asus\Downloads\Website\api\transactions.php(38): mysqli->query('SELECT t.id, t....')
#1 {main}

Error at 2026-03-28 15:29:58
Message: Table 'pos_inventory_system_db.products' doesn't exist
Stack trace: #0 C:\Users\Asus\Downloads\Website\api\products.php(36): mysqli->query('SELECT p.id, p....')
#1 {main}

Error at 2026-03-28 15:29:58 (transactions.php)
Message: Table 'pos_inventory_system_db.transactions' doesn't exist
Stack trace: #0 C:\Users\Asus\Downloads\Website\api\transactions.php(38): mysqli->query('SELECT t.id, t....')
#1 {main}

Error at 2026-03-28 15:29:59
Message: Table 'pos_inventory_system_db.products' doesn't exist
Stack trace: #0 C:\Users\Asus\Downloads\Website\api\products.php(36): mysqli->query('SELECT p.id, p....')
#1 {main}

Error at 2026-03-28 15:29:59 (transactions.php)
Message: Table 'pos_inventory_system_db.transactions' doesn't exist
Stack trace: #0 C:\Users\Asus\Downloads\Website\api\transactions.php(38): mysqli->query('SELECT t.id, t....')
#1 {main}

Error at 2026-03-28 15:30:00
Message: Table 'pos_inventory_system_db.products' doesn't exist
Stack trace: #0 C:\Users\Asus\Downloads\Website\api\products.php(36): mysqli->query('SELECT p.id, p....')
#1 {main}

Error at 2026-03-28 15:30:00 (transactions.php)
Message: Table 'pos_inventory_system_db.transactions' doesn't exist
Stack trace: #0 C:\Users\Asus\Downloads\Website\api\transactions.php(38): mysqli->query('SELECT t.id, t....')
#1 {main}

Error at 2026-03-28 15:30:00
Message: Table 'pos_inventory_system_db.products' doesn't exist
Stack trace: #0 C:\Users\Asus\Downloads\Website\api\products.php(36): mysqli->query('SELECT p.id, p....')
#1 {main}

Error at 2026-03-28 15:30:00 (transactions.php)
Message: Table 'pos_inventory_system_db.transactions' doesn't exist
Stack trace: #0 C:\Users\Asus\Downloads\Website\api\transactions.php(38): mysqli->query('SELECT t.id, t....')
#1 {main}

Error at 2026-03-28 15:30:00
Message: Table 'pos_inventory_system_db.products' doesn't exist
Stack trace: #0 C:\Users\Asus\Downloads\Website\api\products.php(36): mysqli->query('SELECT p.id, p....')
#1 {main}

Error at 2026-03-28 15:30:00 (transactions.php)
Message: Table 'pos_inventory_system_db.transactions' doesn't exist
Stack trace: #0 C:\Users\Asus\Downloads\Website\api\transactions.php(38): mysqli->query('SELECT t.id, t....')
#1 {main}

Error at 2026-03-28 15:30:01
Message: Table 'pos_inventory_system_db.products' doesn't exist
Stack trace: #0 C:\Users\Asus\Downloads\Website\api\products.php(36): mysqli->query('SELECT p.id, p....')
#1 {main}

Error at 2026-03-28 15:30:01 (transactions.php)
Message: Table 'pos_inventory_system_db.transactions' doesn't exist
Stack trace: #0 C:\Users\Asus\Downloads\Website\api\transactions.php(38): mysqli->query('SELECT t.id, t....')
#1 {main}

Error at 2026-03-28 15:30:02
Message: Table 'pos_inventory_system_db.products' doesn't exist
Stack trace: #0 C:\Users\Asus\Downloads\Website\api\products.php(36): mysqli->query('SELECT p.id, p....')
#1 {main}

Error at 2026-03-28 15:30:02 (transactions.php)
Message: Table 'pos_inventory_system_db.transactions' doesn't exist
Stack trace: #0 C:\Users\Asus\Downloads\Website\api\transactions.php(38): mysqli->query('SELECT t.id, t....')
#1 {main}

Error at 2026-03-28 15:30:02
Message: Table 'pos_inventory_system_db.products' doesn't exist
Stack trace: #0 C:\Users\Asus\Downloads\Website\api\products.php(36): mysqli->query('SELECT p.id, p....')
#1 {main}

Error at 2026-03-28 15:30:02 (transactions.php)
Message: Table 'pos_inventory_system_db.transactions' doesn't exist
Stack trace: #0 C:\Users\Asus\Downloads\Website\api\transactions.php(38): mysqli->query('SELECT t.id, t....')
#1 {main}

Error at 2026-03-28 15:30:02
Message: Table 'pos_inventory_system_db.products' doesn't exist
Stack trace: #0 C:\Users\Asus\Downloads\Website\api\products.php(36): mysqli->query('SELECT p.id, p....')
#1 {main}

Error at 2026-03-28 15:30:03 (transactions.php)
Message: Table 'pos_inventory_system_db.transactions' doesn't exist
Stack trace: #0 C:\Users\Asus\Downloads\Website\api\transactions.php(38): mysqli->query('SELECT t.id, t....')
#1 {main}

Error at 2026-03-28 15:30:03
Message: Table 'pos_inventory_system_db.products' doesn't exist
Stack trace: #0 C:\Users\Asus\Downloads\Website\api\products.php(36): mysqli->query('SELECT p.id, p....')
#1 {main}

Error at 2026-03-28 15:30:03 (transactions.php)
Message: Table 'pos_inventory_system_db.transactions' doesn't exist
Stack trace: #0 C:\Users\Asus\Downloads\Website\api\transactions.php(38): mysqli->query('SELECT t.id, t....')
#1 {main}

Error at 2026-03-28 15:30:04
Message: Table 'pos_inventory_system_db.products' doesn't exist
Stack trace: #0 C:\Users\Asus\Downloads\Website\api\products.php(36): mysqli->query('SELECT p.id, p....')
#1 {main}

Error at 2026-03-28 15:30:04 (transactions.php)
Message: Table 'pos_inventory_system_db.transactions' doesn't exist
Stack trace: #0 C:\Users\Asus\Downloads\Website\api\transactions.php(38): mysqli->query('SELECT t.id, t....')
#1 {main}

Error at 2026-03-28 15:30:04
Message: Table 'pos_inventory_system_db.products' doesn't exist
Stack trace: #0 C:\Users\Asus\Downloads\Website\api\products.php(36): mysqli->query('SELECT p.id, p....')
#1 {main}

Error at 2026-03-28 15:30:04 (transactions.php)
Message: Table 'pos_inventory_system_db.transactions' doesn't exist
Stack trace: #0 C:\Users\Asus\Downloads\Website\api\transactions.php(38): mysqli->query('SELECT t.id, t....')
#1 {main}

Error at 2026-03-28 15:30:04
Message: Table 'pos_inventory_system_db.products' doesn't exist
Stack trace: #0 C:\Users\Asus\Downloads\Website\api\products.php(36): mysqli->query('SELECT p.id, p....')
#1 {main}

Error at 2026-03-28 15:30:04 (transactions.php)
Message: Table 'pos_inventory_system_db.transactions' doesn't exist
Stack trace: #0 C:\Users\Asus\Downloads\Website\api\transactions.php(38): mysqli->query('SELECT t.id, t....')
#1 {main}

Error at 2026-03-28 15:30:05
Message: Table 'pos_inventory_system_db.products' doesn't exist
Stack trace: #0 C:\Users\Asus\Downloads\Website\api\products.php(36): mysqli->query('SELECT p.id, p....')
#1 {main}

Error at 2026-03-28 15:30:05 (transactions.php)
Message: Table 'pos_inventory_system_db.transactions' doesn't exist
Stack trace: #0 C:\Users\Asus\Downloads\Website\api\transactions.php(38): mysqli->query('SELECT t.id, t....')
#1 {main}

Error at 2026-03-28 15:30:05
Message: Table 'pos_inventory_system_db.products' doesn't exist
Stack trace: #0 C:\Users\Asus\Downloads\Website\api\products.php(36): mysqli->query('SELECT p.id, p....')
#1 {main}

Error at 2026-03-28 15:30:06 (transactions.php)
Message: Table 'pos_inventory_system_db.transactions' doesn't exist
Stack trace: #0 C:\Users\Asus\Downloads\Website\api\transactions.php(38): mysqli->query('SELECT t.id, t....')
#1 {main}

Error at 2026-03-28 15:30:06
Message: Table 'pos_inventory_system_db.products' doesn't exist
Stack trace: #0 C:\Users\Asus\Downloads\Website\api\products.php(36): mysqli->query('SELECT p.id, p....')
#1 {main}

Error at 2026-03-28 15:30:06 (transactions.php)
Message: Table 'pos_inventory_system_db.transactions' doesn't exist
Stack trace: #0 C:\Users\Asus\Downloads\Website\api\transactions.php(38): mysqli->query('SELECT t.id, t....')
#1 {main}

Error at 2026-03-28 15:30:06
Message: Table 'pos_inventory_system_db.products' doesn't exist
Stack trace: #0 C:\Users\Asus\Downloads\Website\api\products.php(36): mysqli->query('SELECT p.id, p....')
#1 {main}

Error at 2026-03-28 15:30:06 (transactions.php)
Message: Table 'pos_inventory_system_db.transactions' doesn't exist
Stack trace: #0 C:\Users\Asus\Downloads\Website\api\transactions.php(38): mysqli->query('SELECT t.id, t....')
#1 {main}

Error at 2026-03-28 15:30:07
Message: Table 'pos_inventory_system_db.products' doesn't exist
Stack trace: #0 C:\Users\Asus\Downloads\Website\api\products.php(36): mysqli->query('SELECT p.id, p....')
#1 {main}

Error at 2026-03-28 15:30:07 (transactions.php)
Message: Table 'pos_inventory_system_db.transactions' doesn't exist
Stack trace: #0 C:\Users\Asus\Downloads\Website\api\transactions.php(38): mysqli->query('SELECT t.id, t....')
#1 {main}

Error at 2026-03-28 15:30:07
Message: Table 'pos_inventory_system_db.products' doesn't exist
Stack trace: #0 C:\Users\Asus\Downloads\Website\api\products.php(36): mysqli->query('SELECT p.id, p....')
#1 {main}

Error at 2026-03-28 15:30:07 (transactions.php)
Message: Table 'pos_inventory_system_db.transactions' doesn't exist
Stack trace: #0 C:\Users\Asus\Downloads\Website\api\transactions.php(38): mysqli->query('SELECT t.id, t....')
#1 {main}

Error at 2026-03-28 15:30:08
Message: Table 'pos_inventory_system_db.products' doesn't exist
Stack trace: #0 C:\Users\Asus\Downloads\Website\api\products.php(36): mysqli->query('SELECT p.id, p....')
#1 {main}

Error at 2026-03-28 15:30:08 (transactions.php)
Message: Table 'pos_inventory_system_db.transactions' doesn't exist
Stack trace: #0 C:\Users\Asus\Downloads\Website\api\transactions.php(38): mysqli->query('SELECT t.id, t....')
#1 {main}

Error at 2026-03-28 15:30:08
Message: Table 'pos_inventory_system_db.products' doesn't exist
Stack trace: #0 C:\Users\Asus\Downloads\Website\api\products.php(36): mysqli->query('SELECT p.id, p....')
#1 {main}

Error at 2026-03-28 15:30:08 (transactions.php)
Message: Table 'pos_inventory_system_db.transactions' doesn't exist
Stack trace: #0 C:\Users\Asus\Downloads\Website\api\transactions.php(38): mysqli->query('SELECT t.id, t....')
#1 {main}

Error at 2026-03-28 15:30:09
Message: Table 'pos_inventory_system_db.products' doesn't exist
Stack trace: #0 C:\Users\Asus\Downloads\Website\api\products.php(36): mysqli->query('SELECT p.id, p....')
#1 {main}

Error at 2026-03-28 15:30:09 (transactions.php)
Message: Table 'pos_inventory_system_db.transactions' doesn't exist
Stack trace: #0 C:\Users\Asus\Downloads\Website\api\transactions.php(38): mysqli->query('SELECT t.id, t....')
#1 {main}

Error at 2026-03-28 15:30:09
Message: Table 'pos_inventory_system_db.products' doesn't exist
Stack trace: #0 C:\Users\Asus\Downloads\Website\api\products.php(36): mysqli->query('SELECT p.id, p....')
#1 {main}

Error at 2026-03-28 15:30:09 (transactions.php)
Message: Table 'pos_inventory_system_db.transactions' doesn't exist
Stack trace: #0 C:\Users\Asus\Downloads\Website\api\transactions.php(38): mysqli->query('SELECT t.id, t....')
#1 {main}

Error at 2026-03-28 15:30:10
Message: Table 'pos_inventory_system_db.products' doesn't exist
Stack trace: #0 C:\Users\Asus\Downloads\Website\api\products.php(36): mysqli->query('SELECT p.id, p....')
#1 {main}

Error at 2026-03-28 15:30:10 (transactions.php)
Message: Table 'pos_inventory_system_db.transactions' doesn't exist
Stack trace: #0 C:\Users\Asus\Downloads\Website\api\transactions.php(38): mysqli->query('SELECT t.id, t....')
#1 {main}

Error at 2026-03-28 15:30:10
Message: Table 'pos_inventory_system_db.products' doesn't exist
Stack trace: #0 C:\Users\Asus\Downloads\Website\api\products.php(36): mysqli->query('SELECT p.id, p....')
#1 {main}

Error at 2026-03-28 15:30:10 (transactions.php)
Message: Table 'pos_inventory_system_db.transactions' doesn't exist
Stack trace: #0 C:\Users\Asus\Downloads\Website\api\transactions.php(38): mysqli->query('SELECT t.id, t....')
#1 {main}

Error at 2026-03-28 15:30:11
Message: Table 'pos_inventory_system_db.products' doesn't exist
Stack trace: #0 C:\Users\Asus\Downloads\Website\api\products.php(36): mysqli->query('SELECT p.id, p....')
#1 {main}

Error at 2026-03-28 15:30:11 (transactions.php)
Message: Table 'pos_inventory_system_db.transactions' doesn't exist
Stack trace: #0 C:\Users\Asus\Downloads\Website\api\transactions.php(38): mysqli->query('SELECT t.id, t....')
#1 {main}

Error at 2026-03-28 15:30:11
Message: Table 'pos_inventory_system_db.products' doesn't exist
Stack trace: #0 C:\Users\Asus\Downloads\Website\api\products.php(36): mysqli->query('SELECT p.id, p....')
#1 {main}

Error at 2026-03-28 15:30:12 (transactions.php)
Message: Table 'pos_inventory_system_db.transactions' doesn't exist
Stack trace: #0 C:\Users\Asus\Downloads\Website\api\transactions.php(38): mysqli->query('SELECT t.id, t....')
#1 {main}

Error at 2026-03-28 15:30:12
Message: Table 'pos_inventory_system_db.products' doesn't exist
Stack trace: #0 C:\Users\Asus\Downloads\Website\api\products.php(36): mysqli->query('SELECT p.id, p....')
#1 {main}

Error at 2026-03-28 15:30:12 (transactions.php)
Message: Table 'pos_inventory_system_db.transactions' doesn't exist
Stack trace: #0 C:\Users\Asus\Downloads\Website\api\transactions.php(38): mysqli->query('SELECT t.id, t....')
#1 {main}

Error at 2026-03-28 15:30:12
Message: Table 'pos_inventory_system_db.products' doesn't exist
Stack trace: #0 C:\Users\Asus\Downloads\Website\api\products.php(36): mysqli->query('SELECT p.id, p....')
#1 {main}

Error at 2026-03-28 15:30:12 (transactions.php)
Message: Table 'pos_inventory_system_db.transactions' doesn't exist
Stack trace: #0 C:\Users\Asus\Downloads\Website\api\transactions.php(38): mysqli->query('SELECT t.id, t....')
#1 {main}

Error at 2026-03-28 15:30:13
Message: Table 'pos_inventory_system_db.products' doesn't exist
Stack trace: #0 C:\Users\Asus\Downloads\Website\api\products.php(36): mysqli->query('SELECT p.id, p....')
#1 {main}

Error at 2026-03-28 15:30:13 (transactions.php)
Message: Table 'pos_inventory_system_db.transactions' doesn't exist
Stack trace: #0 C:\Users\Asus\Downloads\Website\api\transactions.php(38): mysqli->query('SELECT t.id, t....')
#1 {main}

Error at 2026-03-28 15:30:14
Message: Table 'pos_inventory_system_db.products' doesn't exist
Stack trace: #0 C:\Users\Asus\Downloads\Website\api\products.php(36): mysqli->query('SELECT p.id, p....')
#1 {main}

Error at 2026-03-28 15:30:14 (transactions.php)
Message: Table 'pos_inventory_system_db.transactions' doesn't exist
Stack trace: #0 C:\Users\Asus\Downloads\Website\api\transactions.php(38): mysqli->query('SELECT t.id, t....')
#1 {main}

Error at 2026-03-28 15:30:14
Message: Table 'pos_inventory_system_db.products' doesn't exist
Stack trace: #0 C:\Users\Asus\Downloads\Website\api\products.php(36): mysqli->query('SELECT p.id, p....')
#1 {main}

Error at 2026-03-28 15:30:14 (transactions.php)
Message: Table 'pos_inventory_system_db.transactions' doesn't exist
Stack trace: #0 C:\Users\Asus\Downloads\Website\api\transactions.php(38): mysqli->query('SELECT t.id, t....')
#1 {main}

Error at 2026-03-28 15:30:14
Message: Table 'pos_inventory_system_db.products' doesn't exist
Stack trace: #0 C:\Users\Asus\Downloads\Website\api\products.php(36): mysqli->query('SELECT p.id, p....')
#1 {main}

Error at 2026-03-28 15:30:15 (transactions.php)
Message: Table 'pos_inventory_system_db.transactions' doesn't exist
Stack trace: #0 C:\Users\Asus\Downloads\Website\api\transactions.php(38): mysqli->query('SELECT t.id, t....')
#1 {main}

Error at 2026-03-28 15:30:15
Message: Table 'pos_inventory_system_db.products' doesn't exist
Stack trace: #0 C:\Users\Asus\Downloads\Website\api\products.php(36): mysqli->query('SELECT p.id, p....')
#1 {main}

Error at 2026-03-28 15:30:15 (transactions.php)
Message: Table 'pos_inventory_system_db.transactions' doesn't exist
Stack trace: #0 C:\Users\Asus\Downloads\Website\api\transactions.php(38): mysqli->query('SELECT t.id, t....')
#1 {main}

Error at 2026-03-28 15:30:15
Message: Table 'pos_inventory_system_db.products' doesn't exist
Stack trace: #0 C:\Users\Asus\Downloads\Website\api\products.php(36): mysqli->query('SELECT p.id, p....')
#1 {main}

Error at 2026-03-28 15:30:15 (transactions.php)
Message: Table 'pos_inventory_system_db.transactions' doesn't exist
Stack trace: #0 C:\Users\Asus\Downloads\Website\api\transactions.php(38): mysqli->query('SELECT t.id, t....')
#1 {main}

Error at 2026-03-28 15:30:16
Message: Table 'pos_inventory_system_db.products' doesn't exist
Stack trace: #0 C:\Users\Asus\Downloads\Website\api\products.php(36): mysqli->query('SELECT p.id, p....')
#1 {main}

Error at 2026-03-28 15:30:16 (transactions.php)
Message: Table 'pos_inventory_system_db.transactions' doesn't exist
Stack trace: #0 C:\Users\Asus\Downloads\Website\api\transactions.php(38): mysqli->query('SELECT t.id, t....')
#1 {main}

Error at 2026-03-28 15:30:16
Message: Table 'pos_inventory_system_db.products' doesn't exist
Stack trace: #0 C:\Users\Asus\Downloads\Website\api\products.php(36): mysqli->query('SELECT p.id, p....')
#1 {main}

Error at 2026-03-28 15:30:17 (transactions.php)
Message: Table 'pos_inventory_system_db.transactions' doesn't exist
Stack trace: #0 C:\Users\Asus\Downloads\Website\api\transactions.php(38): mysqli->query('SELECT t.id, t....')
#1 {main}

Error at 2026-03-28 15:30:17
Message: Table 'pos_inventory_system_db.products' doesn't exist
Stack trace: #0 C:\Users\Asus\Downloads\Website\api\products.php(36): mysqli->query('SELECT p.id, p....')
#1 {main}

Error at 2026-03-28 15:30:17 (transactions.php)
Message: Table 'pos_inventory_system_db.transactions' doesn't exist
Stack trace: #0 C:\Users\Asus\Downloads\Website\api\transactions.php(38): mysqli->query('SELECT t.id, t....')
#1 {main}

Error at 2026-03-28 15:30:17
Message: Table 'pos_inventory_system_db.products' doesn't exist
Stack trace: #0 C:\Users\Asus\Downloads\Website\api\products.php(36): mysqli->query('SELECT p.id, p....')
#1 {main}

Error at 2026-03-28 15:30:17 (transactions.php)
Message: Table 'pos_inventory_system_db.transactions' doesn't exist
Stack trace: #0 C:\Users\Asus\Downloads\Website\api\transactions.php(38): mysqli->query('SELECT t.id, t....')
#1 {main}

Error at 2026-03-28 15:30:18
Message: Table 'pos_inventory_system_db.products' doesn't exist
Stack trace: #0 C:\Users\Asus\Downloads\Website\api\products.php(36): mysqli->query('SELECT p.id, p....')
#1 {main}

Error at 2026-03-28 15:30:18 (transactions.php)
Message: Table 'pos_inventory_system_db.transactions' doesn't exist
Stack trace: #0 C:\Users\Asus\Downloads\Website\api\transactions.php(38): mysqli->query('SELECT t.id, t....')
#1 {main}

Error at 2026-03-28 15:30:18
Message: Table 'pos_inventory_system_db.products' doesn't exist
Stack trace: #0 C:\Users\Asus\Downloads\Website\api\products.php(36): mysqli->query('SELECT p.id, p....')
#1 {main}

Error at 2026-03-28 15:30:18 (transactions.php)
Message: Table 'pos_inventory_system_db.transactions' doesn't exist
Stack trace: #0 C:\Users\Asus\Downloads\Website\api\transactions.php(38): mysqli->query('SELECT t.id, t....')
#1 {main}

Error at 2026-03-28 15:30:19
Message: Table 'pos_inventory_system_db.products' doesn't exist
Stack trace: #0 C:\Users\Asus\Downloads\Website\api\products.php(36): mysqli->query('SELECT p.id, p....')
#1 {main}

Error at 2026-03-28 15:30:19 (transactions.php)
Message: Table 'pos_inventory_system_db.transactions' doesn't exist
Stack trace: #0 C:\Users\Asus\Downloads\Website\api\transactions.php(38): mysqli->query('SELECT t.id, t....')
#1 {main}

Error at 2026-03-28 15:30:20
Message: Table 'pos_inventory_system_db.products' doesn't exist
Stack trace: #0 C:\Users\Asus\Downloads\Website\api\products.php(36): mysqli->query('SELECT p.id, p....')
#1 {main}

Error at 2026-03-28 15:30:20 (transactions.php)
Message: Table 'pos_inventory_system_db.transactions' doesn't exist
Stack trace: #0 C:\Users\Asus\Downloads\Website\api\transactions.php(38): mysqli->query('SELECT t.id, t....')
#1 {main}

Error at 2026-03-28 15:30:20
Message: Table 'pos_inventory_system_db.products' doesn't exist
Stack trace: #0 C:\Users\Asus\Downloads\Website\api\products.php(36): mysqli->query('SELECT p.id, p....')
#1 {main}

Error at 2026-03-28 15:30:20 (transactions.php)
Message: Table 'pos_inventory_system_db.transactions' doesn't exist
Stack trace: #0 C:\Users\Asus\Downloads\Website\api\transactions.php(38): mysqli->query('SELECT t.id, t....')
#1 {main}

Error at 2026-03-28 15:30:20
Message: Table 'pos_inventory_system_db.products' doesn't exist
Stack trace: #0 C:\Users\Asus\Downloads\Website\api\products.php(36): mysqli->query('SELECT p.id, p....')
#1 {main}

Error at 2026-03-28 15:30:21 (transactions.php)
Message: Table 'pos_inventory_system_db.transactions' doesn't exist
Stack trace: #0 C:\Users\Asus\Downloads\Website\api\transactions.php(38): mysqli->query('SELECT t.id, t....')
#1 {main}

Error at 2026-03-28 15:30:21
Message: Table 'pos_inventory_system_db.products' doesn't exist
Stack trace: #0 C:\Users\Asus\Downloads\Website\api\products.php(36): mysqli->query('SELECT p.id, p....')
#1 {main}

Error at 2026-03-28 15:30:21 (transactions.php)
Message: Table 'pos_inventory_system_db.transactions' doesn't exist
Stack trace: #0 C:\Users\Asus\Downloads\Website\api\transactions.php(38): mysqli->query('SELECT t.id, t....')
#1 {main}

Error at 2026-03-28 15:30:21
Message: Table 'pos_inventory_system_db.products' doesn't exist
Stack trace: #0 C:\Users\Asus\Downloads\Website\api\products.php(36): mysqli->query('SELECT p.id, p....')
#1 {main}

Error at 2026-03-28 15:30:21 (transactions.php)
Message: Table 'pos_inventory_system_db.transactions' doesn't exist
Stack trace: #0 C:\Users\Asus\Downloads\Website\api\transactions.php(38): mysqli->query('SELECT t.id, t....')
#1 {main}

Error at 2026-03-28 15:30:22
Message: Table 'pos_inventory_system_db.products' doesn't exist
Stack trace: #0 C:\Users\Asus\Downloads\Website\api\products.php(36): mysqli->query('SELECT p.id, p....')
#1 {main}

Error at 2026-03-28 15:30:22 (transactions.php)
Message: Table 'pos_inventory_system_db.transactions' doesn't exist
Stack trace: #0 C:\Users\Asus\Downloads\Website\api\transactions.php(38): mysqli->query('SELECT t.id, t....')
#1 {main}

Error at 2026-03-28 15:30:22
Message: Table 'pos_inventory_system_db.products' doesn't exist
Stack trace: #0 C:\Users\Asus\Downloads\Website\api\products.php(36): mysqli->query('SELECT p.id, p....')
#1 {main}

Error at 2026-03-28 15:30:22 (transactions.php)
Message: Table 'pos_inventory_system_db.transactions' doesn't exist
Stack trace: #0 C:\Users\Asus\Downloads\Website\api\transactions.php(38): mysqli->query('SELECT t.id, t....')
#1 {main}

Error at 2026-03-28 15:30:23
Message: Table 'pos_inventory_system_db.products' doesn't exist
Stack trace: #0 C:\Users\Asus\Downloads\Website\api\products.php(36): mysqli->query('SELECT p.id, p....')
#1 {main}

Error at 2026-03-28 15:30:23 (transactions.php)
Message: Table 'pos_inventory_system_db.transactions' doesn't exist
Stack trace: #0 C:\Users\Asus\Downloads\Website\api\transactions.php(38): mysqli->query('SELECT t.id, t....')
#1 {main}

Error at 2026-03-28 15:30:23
Message: Table 'pos_inventory_system_db.products' doesn't exist
Stack trace: #0 C:\Users\Asus\Downloads\Website\api\products.php(36): mysqli->query('SELECT p.id, p....')
#1 {main}

Error at 2026-03-28 15:30:23 (transactions.php)
Message: Table 'pos_inventory_system_db.transactions' doesn't exist
Stack trace: #0 C:\Users\Asus\Downloads\Website\api\transactions.php(38): mysqli->query('SELECT t.id, t....')
#1 {main}

Error at 2026-03-28 15:30:24
Message: Table 'pos_inventory_system_db.products' doesn't exist
Stack trace: #0 C:\Users\Asus\Downloads\Website\api\products.php(36): mysqli->query('SELECT p.id, p....')
#1 {main}

Error at 2026-03-28 15:30:24 (transactions.php)
Message: Table 'pos_inventory_system_db.transactions' doesn't exist
Stack trace: #0 C:\Users\Asus\Downloads\Website\api\transactions.php(38): mysqli->query('SELECT t.id, t....')
#1 {main}

Error at 2026-03-28 15:30:24
Message: Table 'pos_inventory_system_db.products' doesn't exist
Stack trace: #0 C:\Users\Asus\Downloads\Website\api\products.php(36): mysqli->query('SELECT p.id, p....')
#1 {main}

Error at 2026-03-28 15:30:24 (transactions.php)
Message: Table 'pos_inventory_system_db.transactions' doesn't exist
Stack trace: #0 C:\Users\Asus\Downloads\Website\api\transactions.php(38): mysqli->query('SELECT t.id, t....')
#1 {main}

Error at 2026-03-28 15:30:25
Message: Table 'pos_inventory_system_db.products' doesn't exist
Stack trace: #0 C:\Users\Asus\Downloads\Website\api\products.php(36): mysqli->query('SELECT p.id, p....')
#1 {main}

Error at 2026-03-28 15:30:25 (transactions.php)
Message: Table 'pos_inventory_system_db.transactions' doesn't exist
Stack trace: #0 C:\Users\Asus\Downloads\Website\api\transactions.php(38): mysqli->query('SELECT t.id, t....')
#1 {main}

Error at 2026-03-28 15:30:26
Message: Table 'pos_inventory_system_db.products' doesn't exist
Stack trace: #0 C:\Users\Asus\Downloads\Website\api\products.php(36): mysqli->query('SELECT p.id, p....')
#1 {main}

Error at 2026-03-28 15:30:26 (transactions.php)
Message: Table 'pos_inventory_system_db.transactions' doesn't exist
Stack trace: #0 C:\Users\Asus\Downloads\Website\api\transactions.php(38): mysqli->query('SELECT t.id, t....')
#1 {main}

Error at 2026-03-28 15:30:26
Message: Table 'pos_inventory_system_db.products' doesn't exist
Stack trace: #0 C:\Users\Asus\Downloads\Website\api\products.php(36): mysqli->query('SELECT p.id, p....')
#1 {main}

Error at 2026-03-28 15:30:26 (transactions.php)
Message: Table 'pos_inventory_system_db.transactions' doesn't exist
Stack trace: #0 C:\Users\Asus\Downloads\Website\api\transactions.php(38): mysqli->query('SELECT t.id, t....')
#1 {main}

Error at 2026-03-28 15:30:26
Message: Table 'pos_inventory_system_db.products' doesn't exist
Stack trace: #0 C:\Users\Asus\Downloads\Website\api\products.php(36): mysqli->query('SELECT p.id, p....')
#1 {main}

Error at 2026-03-28 15:30:26 (transactions.php)
Message: Table 'pos_inventory_system_db.transactions' doesn't exist
Stack trace: #0 C:\Users\Asus\Downloads\Website\api\transactions.php(38): mysqli->query('SELECT t.id, t....')
#1 {main}

Error at 2026-03-28 15:30:27
Message: Table 'pos_inventory_system_db.products' doesn't exist
Stack trace: #0 C:\Users\Asus\Downloads\Website\api\products.php(36): mysqli->query('SELECT p.id, p....')
#1 {main}

Error at 2026-03-28 15:30:27 (transactions.php)
Message: Table 'pos_inventory_system_db.transactions' doesn't exist
Stack trace: #0 C:\Users\Asus\Downloads\Website\api\transactions.php(38): mysqli->query('SELECT t.id, t....')
#1 {main}

Error at 2026-03-28 15:30:27
Message: Table 'pos_inventory_system_db.products' doesn't exist
Stack trace: #0 C:\Users\Asus\Downloads\Website\api\products.php(36): mysqli->query('SELECT p.id, p....')
#1 {main}

Error at 2026-03-28 15:30:27 (transactions.php)
Message: Table 'pos_inventory_system_db.transactions' doesn't exist
Stack trace: #0 C:\Users\Asus\Downloads\Website\api\transactions.php(38): mysqli->query('SELECT t.id, t....')
#1 {main}

Error at 2026-03-28 15:30:28
Message: Table 'pos_inventory_system_db.products' doesn't exist
Stack trace: #0 C:\Users\Asus\Downloads\Website\api\products.php(36): mysqli->query('SELECT p.id, p....')
#1 {main}

Error at 2026-03-28 15:30:28 (transactions.php)
Message: Table 'pos_inventory_system_db.transactions' doesn't exist
Stack trace: #0 C:\Users\Asus\Downloads\Website\api\transactions.php(38): mysqli->query('SELECT t.id, t....')
#1 {main}

Error at 2026-03-28 15:30:28
Message: Table 'pos_inventory_system_db.products' doesn't exist
Stack trace: #0 C:\Users\Asus\Downloads\Website\api\products.php(36): mysqli->query('SELECT p.id, p....')
#1 {main}

Error at 2026-03-28 15:30:28 (transactions.php)
Message: Table 'pos_inventory_system_db.transactions' doesn't exist
Stack trace: #0 C:\Users\Asus\Downloads\Website\api\transactions.php(38): mysqli->query('SELECT t.id, t....')
#1 {main}

Error at 2026-03-28 15:30:29
Message: Table 'pos_inventory_system_db.products' doesn't exist
Stack trace: #0 C:\Users\Asus\Downloads\Website\api\products.php(36): mysqli->query('SELECT p.id, p....')
#1 {main}

Error at 2026-03-28 15:30:29 (transactions.php)
Message: Table 'pos_inventory_system_db.transactions' doesn't exist
Stack trace: #0 C:\Users\Asus\Downloads\Website\api\transactions.php(38): mysqli->query('SELECT t.id, t....')
#1 {main}

Error at 2026-03-28 15:30:30
Message: Table 'pos_inventory_system_db.products' doesn't exist
Stack trace: #0 C:\Users\Asus\Downloads\Website\api\products.php(36): mysqli->query('SELECT p.id, p....')
#1 {main}

Error at 2026-03-28 15:30:30 (transactions.php)
Message: Table 'pos_inventory_system_db.transactions' doesn't exist
Stack trace: #0 C:\Users\Asus\Downloads\Website\api\transactions.php(38): mysqli->query('SELECT t.id, t....')
#1 {main}

Error at 2026-03-28 15:30:30
Message: Table 'pos_inventory_system_db.products' doesn't exist
Stack trace: #0 C:\Users\Asus\Downloads\Website\api\products.php(36): mysqli->query('SELECT p.id, p....')
#1 {main}

Error at 2026-03-28 15:30:30 (transactions.php)
Message: Table 'pos_inventory_system_db.transactions' doesn't exist
Stack trace: #0 C:\Users\Asus\Downloads\Website\api\transactions.php(38): mysqli->query('SELECT t.id, t....')
#1 {main}

Error at 2026-03-28 15:30:30
Message: Table 'pos_inventory_system_db.products' doesn't exist
Stack trace: #0 C:\Users\Asus\Downloads\Website\api\products.php(36): mysqli->query('SELECT p.id, p....')
#1 {main}

Error at 2026-03-28 15:30:30 (transactions.php)
Message: Table 'pos_inventory_system_db.transactions' doesn't exist
Stack trace: #0 C:\Users\Asus\Downloads\Website\api\transactions.php(38): mysqli->query('SELECT t.id, t....')
#1 {main}

Error at 2026-03-28 15:30:31
Message: Table 'pos_inventory_system_db.products' doesn't exist
Stack trace: #0 C:\Users\Asus\Downloads\Website\api\products.php(36): mysqli->query('SELECT p.id, p....')
#1 {main}

Error at 2026-03-28 15:30:31 (transactions.php)
Message: Table 'pos_inventory_system_db.transactions' doesn't exist
Stack trace: #0 C:\Users\Asus\Downloads\Website\api\transactions.php(38): mysqli->query('SELECT t.id, t....')
#1 {main}

Error at 2026-03-28 15:30:31
Message: Table 'pos_inventory_system_db.products' doesn't exist
Stack trace: #0 C:\Users\Asus\Downloads\Website\api\products.php(36): mysqli->query('SELECT p.id, p....')
#1 {main}

Error at 2026-03-28 15:30:31 (transactions.php)
Message: Table 'pos_inventory_system_db.transactions' doesn't exist
Stack trace: #0 C:\Users\Asus\Downloads\Website\api\transactions.php(38): mysqli->query('SELECT t.id, t....')
#1 {main}

Error at 2026-03-28 15:30:32
Message: Table 'pos_inventory_system_db.products' doesn't exist
Stack trace: #0 C:\Users\Asus\Downloads\Website\api\products.php(36): mysqli->query('SELECT p.id, p....')
#1 {main}

Error at 2026-03-28 15:30:32 (transactions.php)
Message: Table 'pos_inventory_system_db.transactions' doesn't exist
Stack trace: #0 C:\Users\Asus\Downloads\Website\api\transactions.php(38): mysqli->query('SELECT t.id, t....')
#1 {main}

Error at 2026-03-28 15:30:32
Message: Table 'pos_inventory_system_db.products' doesn't exist
Stack trace: #0 C:\Users\Asus\Downloads\Website\api\products.php(36): mysqli->query('SELECT p.id, p....')
#1 {main}

Error at 2026-03-28 15:30:32 (transactions.php)
Message: Table 'pos_inventory_system_db.transactions' doesn't exist
Stack trace: #0 C:\Users\Asus\Downloads\Website\api\transactions.php(38): mysqli->query('SELECT t.id, t....')
#1 {main}

Error at 2026-03-28 15:30:33
Message: Table 'pos_inventory_system_db.products' doesn't exist
Stack trace: #0 C:\Users\Asus\Downloads\Website\api\products.php(36): mysqli->query('SELECT p.id, p....')
#1 {main}

Error at 2026-03-28 15:30:33 (transactions.php)
Message: Table 'pos_inventory_system_db.transactions' doesn't exist
Stack trace: #0 C:\Users\Asus\Downloads\Website\api\transactions.php(38): mysqli->query('SELECT t.id, t....')
#1 {main}

Error at 2026-03-28 15:30:33
Message: Table 'pos_inventory_system_db.products' doesn't exist
Stack trace: #0 C:\Users\Asus\Downloads\Website\api\products.php(36): mysqli->query('SELECT p.id, p....')
#1 {main}

Error at 2026-03-28 15:30:33 (transactions.php)
Message: Table 'pos_inventory_system_db.transactions' doesn't exist
Stack trace: #0 C:\Users\Asus\Downloads\Website\api\transactions.php(38): mysqli->query('SELECT t.id, t....')
#1 {main}

Error at 2026-03-28 15:30:34
Message: Table 'pos_inventory_system_db.products' doesn't exist
Stack trace: #0 C:\Users\Asus\Downloads\Website\api\products.php(36): mysqli->query('SELECT p.id, p....')
#1 {main}

Error at 2026-03-28 15:30:34 (transactions.php)
Message: Table 'pos_inventory_system_db.transactions' doesn't exist
Stack trace: #0 C:\Users\Asus\Downloads\Website\api\transactions.php(38): mysqli->query('SELECT t.id, t....')
#1 {main}

Error at 2026-03-28 15:30:34
Message: Table 'pos_inventory_system_db.products' doesn't exist
Stack trace: #0 C:\Users\Asus\Downloads\Website\api\products.php(36): mysqli->query('SELECT p.id, p....')
#1 {main}

Error at 2026-03-28 15:30:34 (transactions.php)
Message: Table 'pos_inventory_system_db.transactions' doesn't exist
Stack trace: #0 C:\Users\Asus\Downloads\Website\api\transactions.php(38): mysqli->query('SELECT t.id, t....')
#1 {main}

Error at 2026-03-28 15:30:35
Message: Table 'pos_inventory_system_db.products' doesn't exist
Stack trace: #0 C:\Users\Asus\Downloads\Website\api\products.php(36): mysqli->query('SELECT p.id, p....')
#1 {main}

Error at 2026-03-28 15:30:35 (transactions.php)
Message: Table 'pos_inventory_system_db.transactions' doesn't exist
Stack trace: #0 C:\Users\Asus\Downloads\Website\api\transactions.php(38): mysqli->query('SELECT t.id, t....')
#1 {main}

Error at 2026-03-28 15:30:35
Message: Table 'pos_inventory_system_db.products' doesn't exist
Stack trace: #0 C:\Users\Asus\Downloads\Website\api\products.php(36): mysqli->query('SELECT p.id, p....')
#1 {main}

Error at 2026-03-28 15:30:35 (transactions.php)
Message: Table 'pos_inventory_system_db.transactions' doesn't exist
Stack trace: #0 C:\Users\Asus\Downloads\Website\api\transactions.php(38): mysqli->query('SELECT t.id, t....')
#1 {main}

Error at 2026-03-28 15:30:36
Message: Table 'pos_inventory_system_db.products' doesn't exist
Stack trace: #0 C:\Users\Asus\Downloads\Website\api\products.php(36): mysqli->query('SELECT p.id, p....')
#1 {main}

Error at 2026-03-28 15:30:36 (transactions.php)
Message: Table 'pos_inventory_system_db.transactions' doesn't exist
Stack trace: #0 C:\Users\Asus\Downloads\Website\api\transactions.php(38): mysqli->query('SELECT t.id, t....')
#1 {main}

Error at 2026-03-28 15:30:36
Message: Table 'pos_inventory_system_db.products' doesn't exist
Stack trace: #0 C:\Users\Asus\Downloads\Website\api\products.php(36): mysqli->query('SELECT p.id, p....')
#1 {main}

Error at 2026-03-28 15:30:37 (transactions.php)
Message: Table 'pos_inventory_system_db.transactions' doesn't exist
Stack trace: #0 C:\Users\Asus\Downloads\Website\api\transactions.php(38): mysqli->query('SELECT t.id, t....')
#1 {main}

Error at 2026-03-28 15:30:37
Message: Table 'pos_inventory_system_db.products' doesn't exist
Stack trace: #0 C:\Users\Asus\Downloads\Website\api\products.php(36): mysqli->query('SELECT p.id, p....')
#1 {main}

Error at 2026-03-28 15:30:37 (transactions.php)
Message: Table 'pos_inventory_system_db.transactions' doesn't exist
Stack trace: #0 C:\Users\Asus\Downloads\Website\api\transactions.php(38): mysqli->query('SELECT t.id, t....')
#1 {main}

Error at 2026-03-28 15:30:37
Message: Table 'pos_inventory_system_db.products' doesn't exist
Stack trace: #0 C:\Users\Asus\Downloads\Website\api\products.php(36): mysqli->query('SELECT p.id, p....')
#1 {main}

Error at 2026-03-28 15:30:37 (transactions.php)
Message: Table 'pos_inventory_system_db.transactions' doesn't exist
Stack trace: #0 C:\Users\Asus\Downloads\Website\api\transactions.php(38): mysqli->query('SELECT t.id, t....')
#1 {main}

Error at 2026-03-28 15:30:38
Message: Table 'pos_inventory_system_db.products' doesn't exist
Stack trace: #0 C:\Users\Asus\Downloads\Website\api\products.php(36): mysqli->query('SELECT p.id, p....')
#1 {main}

Error at 2026-03-28 15:30:38 (transactions.php)
Message: Table 'pos_inventory_system_db.transactions' doesn't exist
Stack trace: #0 C:\Users\Asus\Downloads\Website\api\transactions.php(38): mysqli->query('SELECT t.id, t....')
#1 {main}

Error at 2026-03-28 15:30:38
Message: Table 'pos_inventory_system_db.products' doesn't exist
Stack trace: #0 C:\Users\Asus\Downloads\Website\api\products.php(36): mysqli->query('SELECT p.id, p....')
#1 {main}

Error at 2026-03-28 15:30:38 (transactions.php)
Message: Table 'pos_inventory_system_db.transactions' doesn't exist
Stack trace: #0 C:\Users\Asus\Downloads\Website\api\transactions.php(38): mysqli->query('SELECT t.id, t....')
#1 {main}

Error at 2026-03-28 15:30:39
Message: Table 'pos_inventory_system_db.products' doesn't exist
Stack trace: #0 C:\Users\Asus\Downloads\Website\api\products.php(36): mysqli->query('SELECT p.id, p....')
#1 {main}

Error at 2026-03-28 15:30:39 (transactions.php)
Message: Table 'pos_inventory_system_db.transactions' doesn't exist
Stack trace: #0 C:\Users\Asus\Downloads\Website\api\transactions.php(38): mysqli->query('SELECT t.id, t....')
#1 {main}

Error at 2026-03-28 15:30:39
Message: Table 'pos_inventory_system_db.products' doesn't exist
Stack trace: #0 C:\Users\Asus\Downloads\Website\api\products.php(36): mysqli->query('SELECT p.id, p....')
#1 {main}

Error at 2026-03-28 15:30:39 (transactions.php)
Message: Table 'pos_inventory_system_db.transactions' doesn't exist
Stack trace: #0 C:\Users\Asus\Downloads\Website\api\transactions.php(38): mysqli->query('SELECT t.id, t....')
#1 {main}

Error at 2026-03-28 15:30:39
Message: Table 'pos_inventory_system_db.products' doesn't exist
Stack trace: #0 C:\Users\Asus\Downloads\Website\api\products.php(36): mysqli->query('SELECT p.id, p....')
#1 {main}

Error at 2026-03-28 15:30:39 (transactions.php)
Message: Table 'pos_inventory_system_db.transactions' doesn't exist
Stack trace: #0 C:\Users\Asus\Downloads\Website\api\transactions.php(38): mysqli->query('SELECT t.id, t....')
#1 {main}

Error at 2026-03-28 15:30:40
Message: Table 'pos_inventory_system_db.products' doesn't exist
Stack trace: #0 C:\Users\Asus\Downloads\Website\api\products.php(36): mysqli->query('SELECT p.id, p....')
#1 {main}

Error at 2026-03-28 15:30:40 (transactions.php)
Message: Table 'pos_inventory_system_db.transactions' doesn't exist
Stack trace: #0 C:\Users\Asus\Downloads\Website\api\transactions.php(38): mysqli->query('SELECT t.id, t....')
#1 {main}

Error at 2026-03-28 15:30:40
Message: Table 'pos_inventory_system_db.products' doesn't exist
Stack trace: #0 C:\Users\Asus\Downloads\Website\api\products.php(36): mysqli->query('SELECT p.id, p....')
#1 {main}

Error at 2026-03-28 15:30:41 (transactions.php)
Message: Table 'pos_inventory_system_db.transactions' doesn't exist
Stack trace: #0 C:\Users\Asus\Downloads\Website\api\transactions.php(38): mysqli->query('SELECT t.id, t....')
#1 {main}

Error at 2026-03-28 15:30:41
Message: Table 'pos_inventory_system_db.products' doesn't exist
Stack trace: #0 C:\Users\Asus\Downloads\Website\api\products.php(36): mysqli->query('SELECT p.id, p....')
#1 {main}

Error at 2026-03-28 15:30:41 (transactions.php)
Message: Table 'pos_inventory_system_db.transactions' doesn't exist
Stack trace: #0 C:\Users\Asus\Downloads\Website\api\transactions.php(38): mysqli->query('SELECT t.id, t....')
#1 {main}

Error at 2026-03-28 15:30:41
Message: Table 'pos_inventory_system_db.products' doesn't exist
Stack trace: #0 C:\Users\Asus\Downloads\Website\api\products.php(36): mysqli->query('SELECT p.id, p....')
#1 {main}

Error at 2026-03-28 15:30:41 (transactions.php)
Message: Table 'pos_inventory_system_db.transactions' doesn't exist
Stack trace: #0 C:\Users\Asus\Downloads\Website\api\transactions.php(38): mysqli->query('SELECT t.id, t....')
#1 {main}

Error at 2026-03-28 15:30:42
Message: Table 'pos_inventory_system_db.products' doesn't exist
Stack trace: #0 C:\Users\Asus\Downloads\Website\api\products.php(36): mysqli->query('SELECT p.id, p....')
#1 {main}

Error at 2026-03-28 15:30:42 (transactions.php)
Message: Table 'pos_inventory_system_db.transactions' doesn't exist
Stack trace: #0 C:\Users\Asus\Downloads\Website\api\transactions.php(38): mysqli->query('SELECT t.id, t....')
#1 {main}

Error at 2026-03-28 15:30:42
Message: Table 'pos_inventory_system_db.products' doesn't exist
Stack trace: #0 C:\Users\Asus\Downloads\Website\api\products.php(36): mysqli->query('SELECT p.id, p....')
#1 {main}

Error at 2026-03-28 15:30:42 (transactions.php)
Message: Table 'pos_inventory_system_db.transactions' doesn't exist
Stack trace: #0 C:\Users\Asus\Downloads\Website\api\transactions.php(38): mysqli->query('SELECT t.id, t....')
#1 {main}

Error at 2026-03-28 15:30:43
Message: Table 'pos_inventory_system_db.products' doesn't exist
Stack trace: #0 C:\Users\Asus\Downloads\Website\api\products.php(36): mysqli->query('SELECT p.id, p....')
#1 {main}

Error at 2026-03-28 15:30:43 (transactions.php)
Message: Table 'pos_inventory_system_db.transactions' doesn't exist
Stack trace: #0 C:\Users\Asus\Downloads\Website\api\transactions.php(38): mysqli->query('SELECT t.id, t....')
#1 {main}

Error at 2026-03-28 15:30:43
Message: Table 'pos_inventory_system_db.products' doesn't exist
Stack trace: #0 C:\Users\Asus\Downloads\Website\api\products.php(36): mysqli->query('SELECT p.id, p....')
#1 {main}

Error at 2026-03-28 15:30:43 (transactions.php)
Message: Table 'pos_inventory_system_db.transactions' doesn't exist
Stack trace: #0 C:\Users\Asus\Downloads\Website\api\transactions.php(38): mysqli->query('SELECT t.id, t....')
#1 {main}

Error at 2026-03-28 15:30:44
Message: Table 'pos_inventory_system_db.products' doesn't exist
Stack trace: #0 C:\Users\Asus\Downloads\Website\api\products.php(36): mysqli->query('SELECT p.id, p....')
#1 {main}

Error at 2026-03-28 15:30:44 (transactions.php)
Message: Table 'pos_inventory_system_db.transactions' doesn't exist
Stack trace: #0 C:\Users\Asus\Downloads\Website\api\transactions.php(38): mysqli->query('SELECT t.id, t....')
#1 {main}

Error at 2026-03-28 15:30:44
Message: Table 'pos_inventory_system_db.products' doesn't exist
Stack trace: #0 C:\Users\Asus\Downloads\Website\api\products.php(36): mysqli->query('SELECT p.id, p....')
#1 {main}

Error at 2026-03-28 15:30:45 (transactions.php)
Message: Table 'pos_inventory_system_db.transactions' doesn't exist
Stack trace: #0 C:\Users\Asus\Downloads\Website\api\transactions.php(38): mysqli->query('SELECT t.id, t....')
#1 {main}

Error at 2026-03-28 15:30:45
Message: Table 'pos_inventory_system_db.products' doesn't exist
Stack trace: #0 C:\Users\Asus\Downloads\Website\api\products.php(36): mysqli->query('SELECT p.id, p....')
#1 {main}

Error at 2026-03-28 15:30:45 (transactions.php)
Message: Table 'pos_inventory_system_db.transactions' doesn't exist
Stack trace: #0 C:\Users\Asus\Downloads\Website\api\transactions.php(38): mysqli->query('SELECT t.id, t....')
#1 {main}

Error at 2026-03-28 15:30:45
Message: Table 'pos_inventory_system_db.products' doesn't exist
Stack trace: #0 C:\Users\Asus\Downloads\Website\api\products.php(36): mysqli->query('SELECT p.id, p....')
#1 {main}

Error at 2026-03-28 15:30:45 (transactions.php)
Message: Table 'pos_inventory_system_db.transactions' doesn't exist
Stack trace: #0 C:\Users\Asus\Downloads\Website\api\transactions.php(38): mysqli->query('SELECT t.id, t....')
#1 {main}

Error at 2026-03-28 15:30:46
Message: Table 'pos_inventory_system_db.products' doesn't exist
Stack trace: #0 C:\Users\Asus\Downloads\Website\api\products.php(36): mysqli->query('SELECT p.id, p....')
#1 {main}

Error at 2026-03-28 15:30:46 (transactions.php)
Message: Table 'pos_inventory_system_db.transactions' doesn't exist
Stack trace: #0 C:\Users\Asus\Downloads\Website\api\transactions.php(38): mysqli->query('SELECT t.id, t....')
#1 {main}

Error at 2026-03-28 15:30:46
Message: Table 'pos_inventory_system_db.products' doesn't exist
Stack trace: #0 C:\Users\Asus\Downloads\Website\api\products.php(36): mysqli->query('SELECT p.id, p....')
#1 {main}

Error at 2026-03-28 15:30:46 (transactions.php)
Message: Table 'pos_inventory_system_db.transactions' doesn't exist
Stack trace: #0 C:\Users\Asus\Downloads\Website\api\transactions.php(38): mysqli->query('SELECT t.id, t....')
#1 {main}

Error at 2026-03-28 15:30:47
Message: Table 'pos_inventory_system_db.products' doesn't exist
Stack trace: #0 C:\Users\Asus\Downloads\Website\api\products.php(36): mysqli->query('SELECT p.id, p....')
#1 {main}

Error at 2026-03-28 15:30:47 (transactions.php)
Message: Table 'pos_inventory_system_db.transactions' doesn't exist
Stack trace: #0 C:\Users\Asus\Downloads\Website\api\transactions.php(38): mysqli->query('SELECT t.id, t....')
#1 {main}

Error at 2026-03-28 15:30:47
Message: Table 'pos_inventory_system_db.products' doesn't exist
Stack trace: #0 C:\Users\Asus\Downloads\Website\api\products.php(36): mysqli->query('SELECT p.id, p....')
#1 {main}

Error at 2026-03-28 15:30:47 (transactions.php)
Message: Table 'pos_inventory_system_db.transactions' doesn't exist
Stack trace: #0 C:\Users\Asus\Downloads\Website\api\transactions.php(38): mysqli->query('SELECT t.id, t....')
#1 {main}

Error at 2026-03-28 15:30:48
Message: Table 'pos_inventory_system_db.products' doesn't exist
Stack trace: #0 C:\Users\Asus\Downloads\Website\api\products.php(36): mysqli->query('SELECT p.id, p....')
#1 {main}

Error at 2026-03-28 15:30:48 (transactions.php)
Message: Table 'pos_inventory_system_db.transactions' doesn't exist
Stack trace: #0 C:\Users\Asus\Downloads\Website\api\transactions.php(38): mysqli->query('SELECT t.id, t....')
#1 {main}

Error at 2026-03-28 15:30:48
Message: Table 'pos_inventory_system_db.products' doesn't exist
Stack trace: #0 C:\Users\Asus\Downloads\Website\api\products.php(36): mysqli->query('SELECT p.id, p....')
#1 {main}

Error at 2026-03-28 15:30:48 (transactions.php)
Message: Table 'pos_inventory_system_db.transactions' doesn't exist
Stack trace: #0 C:\Users\Asus\Downloads\Website\api\transactions.php(38): mysqli->query('SELECT t.id, t....')
#1 {main}

Error at 2026-03-28 15:30:49
Message: Table 'pos_inventory_system_db.products' doesn't exist
Stack trace: #0 C:\Users\Asus\Downloads\Website\api\products.php(36): mysqli->query('SELECT p.id, p....')
#1 {main}

Error at 2026-03-28 15:30:49 (transactions.php)
Message: Table 'pos_inventory_system_db.transactions' doesn't exist
Stack trace: #0 C:\Users\Asus\Downloads\Website\api\transactions.php(38): mysqli->query('SELECT t.id, t....')
#1 {main}

Error at 2026-03-28 15:30:50
Message: Table 'pos_inventory_system_db.products' doesn't exist
Stack trace: #0 C:\Users\Asus\Downloads\Website\api\products.php(36): mysqli->query('SELECT p.id, p....')
#1 {main}

Error at 2026-03-28 15:30:50 (transactions.php)
Message: Table 'pos_inventory_system_db.transactions' doesn't exist
Stack trace: #0 C:\Users\Asus\Downloads\Website\api\transactions.php(38): mysqli->query('SELECT t.id, t....')
#1 {main}

Error at 2026-03-28 15:30:50
Message: Table 'pos_inventory_system_db.products' doesn't exist
Stack trace: #0 C:\Users\Asus\Downloads\Website\api\products.php(36): mysqli->query('SELECT p.id, p....')
#1 {main}

Error at 2026-03-28 15:30:50 (transactions.php)
Message: Table 'pos_inventory_system_db.transactions' doesn't exist
Stack trace: #0 C:\Users\Asus\Downloads\Website\api\transactions.php(38): mysqli->query('SELECT t.id, t....')
#1 {main}

Error at 2026-03-28 15:30:50
Message: Table 'pos_inventory_system_db.products' doesn't exist
Stack trace: #0 C:\Users\Asus\Downloads\Website\api\products.php(36): mysqli->query('SELECT p.id, p....')
#1 {main}

Error at 2026-03-28 15:30:50 (transactions.php)
Message: Table 'pos_inventory_system_db.transactions' doesn't exist
Stack trace: #0 C:\Users\Asus\Downloads\Website\api\transactions.php(38): mysqli->query('SELECT t.id, t....')
#1 {main}

Error at 2026-03-28 15:30:51
Message: Table 'pos_inventory_system_db.products' doesn't exist
Stack trace: #0 C:\Users\Asus\Downloads\Website\api\products.php(36): mysqli->query('SELECT p.id, p....')
#1 {main}

Error at 2026-03-28 15:30:51 (transactions.php)
Message: Table 'pos_inventory_system_db.transactions' doesn't exist
Stack trace: #0 C:\Users\Asus\Downloads\Website\api\transactions.php(38): mysqli->query('SELECT t.id, t....')
#1 {main}

Error at 2026-03-28 15:30:52
Message: Table 'pos_inventory_system_db.products' doesn't exist
Stack trace: #0 C:\Users\Asus\Downloads\Website\api\products.php(36): mysqli->query('SELECT p.id, p....')
#1 {main}

Error at 2026-03-28 15:30:52 (transactions.php)
Message: Table 'pos_inventory_system_db.transactions' doesn't exist
Stack trace: #0 C:\Users\Asus\Downloads\Website\api\transactions.php(38): mysqli->query('SELECT t.id, t....')
#1 {main}

Error at 2026-03-28 15:30:52
Message: Table 'pos_inventory_system_db.products' doesn't exist
Stack trace: #0 C:\Users\Asus\Downloads\Website\api\products.php(36): mysqli->query('SELECT p.id, p....')
#1 {main}

Error at 2026-03-28 15:30:52 (transactions.php)
Message: Table 'pos_inventory_system_db.transactions' doesn't exist
Stack trace: #0 C:\Users\Asus\Downloads\Website\api\transactions.php(38): mysqli->query('SELECT t.id, t....')
#1 {main}

Error at 2026-03-28 15:30:52
Message: Table 'pos_inventory_system_db.products' doesn't exist
Stack trace: #0 C:\Users\Asus\Downloads\Website\api\products.php(36): mysqli->query('SELECT p.id, p....')
#1 {main}

Error at 2026-03-28 15:30:52 (transactions.php)
Message: Table 'pos_inventory_system_db.transactions' doesn't exist
Stack trace: #0 C:\Users\Asus\Downloads\Website\api\transactions.php(38): mysqli->query('SELECT t.id, t....')
#1 {main}

Error at 2026-03-28 15:30:53
Message: Table 'pos_inventory_system_db.products' doesn't exist
Stack trace: #0 C:\Users\Asus\Downloads\Website\api\products.php(36): mysqli->query('SELECT p.id, p....')
#1 {main}

Error at 2026-03-28 15:30:53 (transactions.php)
Message: Table 'pos_inventory_system_db.transactions' doesn't exist
Stack trace: #0 C:\Users\Asus\Downloads\Website\api\transactions.php(38): mysqli->query('SELECT t.id, t....')
#1 {main}

Error at 2026-03-28 15:30:53
Message: Table 'pos_inventory_system_db.products' doesn't exist
Stack trace: #0 C:\Users\Asus\Downloads\Website\api\products.php(36): mysqli->query('SELECT p.id, p....')
#1 {main}

Error at 2026-03-28 15:30:53 (transactions.php)
Message: Table 'pos_inventory_system_db.transactions' doesn't exist
Stack trace: #0 C:\Users\Asus\Downloads\Website\api\transactions.php(38): mysqli->query('SELECT t.id, t....')
#1 {main}

Error at 2026-03-28 15:30:54
Message: Table 'pos_inventory_system_db.products' doesn't exist
Stack trace: #0 C:\Users\Asus\Downloads\Website\api\products.php(36): mysqli->query('SELECT p.id, p....')
#1 {main}

Error at 2026-03-28 15:30:54 (transactions.php)
Message: Table 'pos_inventory_system_db.transactions' doesn't exist
Stack trace: #0 C:\Users\Asus\Downloads\Website\api\transactions.php(38): mysqli->query('SELECT t.id, t....')
#1 {main}

Error at 2026-03-28 15:30:54
Message: Table 'pos_inventory_system_db.products' doesn't exist
Stack trace: #0 C:\Users\Asus\Downloads\Website\api\products.php(36): mysqli->query('SELECT p.id, p....')
#1 {main}

Error at 2026-03-28 15:30:55 (transactions.php)
Message: Table 'pos_inventory_system_db.transactions' doesn't exist
Stack trace: #0 C:\Users\Asus\Downloads\Website\api\transactions.php(38): mysqli->query('SELECT t.id, t....')
#1 {main}

Error at 2026-03-28 15:30:55
Message: Table 'pos_inventory_system_db.products' doesn't exist
Stack trace: #0 C:\Users\Asus\Downloads\Website\api\products.php(36): mysqli->query('SELECT p.id, p....')
#1 {main}

Error at 2026-03-28 15:30:55 (transactions.php)
Message: Table 'pos_inventory_system_db.transactions' doesn't exist
Stack trace: #0 C:\Users\Asus\Downloads\Website\api\transactions.php(38): mysqli->query('SELECT t.id, t....')
#1 {main}

Error at 2026-03-28 15:30:56
Message: Table 'pos_inventory_system_db.products' doesn't exist
Stack trace: #0 C:\Users\Asus\Downloads\Website\api\products.php(36): mysqli->query('SELECT p.id, p....')
#1 {main}

Error at 2026-03-28 15:30:56 (transactions.php)
Message: Table 'pos_inventory_system_db.transactions' doesn't exist
Stack trace: #0 C:\Users\Asus\Downloads\Website\api\transactions.php(38): mysqli->query('SELECT t.id, t....')
#1 {main}

Error at 2026-03-28 15:30:56
Message: Table 'pos_inventory_system_db.products' doesn't exist
Stack trace: #0 C:\Users\Asus\Downloads\Website\api\products.php(36): mysqli->query('SELECT p.id, p....')
#1 {main}

Error at 2026-03-28 15:30:56 (transactions.php)
Message: Table 'pos_inventory_system_db.transactions' doesn't exist
Stack trace: #0 C:\Users\Asus\Downloads\Website\api\transactions.php(38): mysqli->query('SELECT t.id, t....')
#1 {main}

Error at 2026-03-28 15:30:56
Message: Table 'pos_inventory_system_db.products' doesn't exist
Stack trace: #0 C:\Users\Asus\Downloads\Website\api\products.php(36): mysqli->query('SELECT p.id, p....')
#1 {main}

Error at 2026-03-28 15:30:56 (transactions.php)
Message: Table 'pos_inventory_system_db.transactions' doesn't exist
Stack trace: #0 C:\Users\Asus\Downloads\Website\api\transactions.php(38): mysqli->query('SELECT t.id, t....')
#1 {main}

Error at 2026-03-28 15:30:57
Message: Table 'pos_inventory_system_db.products' doesn't exist
Stack trace: #0 C:\Users\Asus\Downloads\Website\api\products.php(36): mysqli->query('SELECT p.id, p....')
#1 {main}

Error at 2026-03-28 15:30:57 (transactions.php)
Message: Table 'pos_inventory_system_db.transactions' doesn't exist
Stack trace: #0 C:\Users\Asus\Downloads\Website\api\transactions.php(38): mysqli->query('SELECT t.id, t....')
#1 {main}

Error at 2026-03-28 15:30:57
Message: Table 'pos_inventory_system_db.products' doesn't exist
Stack trace: #0 C:\Users\Asus\Downloads\Website\api\products.php(36): mysqli->query('SELECT p.id, p....')
#1 {main}

Error at 2026-03-28 15:30:57 (transactions.php)
Message: Table 'pos_inventory_system_db.transactions' doesn't exist
Stack trace: #0 C:\Users\Asus\Downloads\Website\api\transactions.php(38): mysqli->query('SELECT t.id, t....')
#1 {main}

Error at 2026-03-28 15:30:58
Message: Table 'pos_inventory_system_db.products' doesn't exist
Stack trace: #0 C:\Users\Asus\Downloads\Website\api\products.php(36): mysqli->query('SELECT p.id, p....')
#1 {main}

Error at 2026-03-28 15:30:58 (transactions.php)
Message: Table 'pos_inventory_system_db.transactions' doesn't exist
Stack trace: #0 C:\Users\Asus\Downloads\Website\api\transactions.php(38): mysqli->query('SELECT t.id, t....')
#1 {main}

Error at 2026-03-28 15:30:58
Message: Table 'pos_inventory_system_db.products' doesn't exist
Stack trace: #0 C:\Users\Asus\Downloads\Website\api\products.php(36): mysqli->query('SELECT p.id, p....')
#1 {main}

Error at 2026-03-28 15:30:59 (transactions.php)
Message: Table 'pos_inventory_system_db.transactions' doesn't exist
Stack trace: #0 C:\Users\Asus\Downloads\Website\api\transactions.php(38): mysqli->query('SELECT t.id, t....')
#1 {main}

Error at 2026-03-28 15:30:59
Message: Table 'pos_inventory_system_db.products' doesn't exist
Stack trace: #0 C:\Users\Asus\Downloads\Website\api\products.php(36): mysqli->query('SELECT p.id, p....')
#1 {main}

Error at 2026-03-28 15:30:59 (transactions.php)
Message: Table 'pos_inventory_system_db.transactions' doesn't exist
Stack trace: #0 C:\Users\Asus\Downloads\Website\api\transactions.php(38): mysqli->query('SELECT t.id, t....')
#1 {main}

Error at 2026-03-28 15:31:00
Message: Table 'pos_inventory_system_db.products' doesn't exist
Stack trace: #0 C:\Users\Asus\Downloads\Website\api\products.php(36): mysqli->query('SELECT p.id, p....')
#1 {main}

Error at 2026-03-28 15:31:00 (transactions.php)
Message: Table 'pos_inventory_system_db.transactions' doesn't exist
Stack trace: #0 C:\Users\Asus\Downloads\Website\api\transactions.php(38): mysqli->query('SELECT t.id, t....')
#1 {main}

Error at 2026-03-28 15:31:00
Message: Table 'pos_inventory_system_db.products' doesn't exist
Stack trace: #0 C:\Users\Asus\Downloads\Website\api\products.php(36): mysqli->query('SELECT p.id, p....')
#1 {main}

Error at 2026-03-28 15:31:00 (transactions.php)
Message: Table 'pos_inventory_system_db.transactions' doesn't exist
Stack trace: #0 C:\Users\Asus\Downloads\Website\api\transactions.php(38): mysqli->query('SELECT t.id, t....')
#1 {main}

Error at 2026-03-28 15:31:00
Message: Table 'pos_inventory_system_db.products' doesn't exist
Stack trace: #0 C:\Users\Asus\Downloads\Website\api\products.php(36): mysqli->query('SELECT p.id, p....')
#1 {main}

Error at 2026-03-28 15:31:00 (transactions.php)
Message: Table 'pos_inventory_system_db.transactions' doesn't exist
Stack trace: #0 C:\Users\Asus\Downloads\Website\api\transactions.php(38): mysqli->query('SELECT t.id, t....')
#1 {main}

Error at 2026-03-28 15:31:01
Message: Table 'pos_inventory_system_db.products' doesn't exist
Stack trace: #0 C:\Users\Asus\Downloads\Website\api\products.php(36): mysqli->query('SELECT p.id, p....')
#1 {main}

Error at 2026-03-28 15:31:01 (transactions.php)
Message: Table 'pos_inventory_system_db.transactions' doesn't exist
Stack trace: #0 C:\Users\Asus\Downloads\Website\api\transactions.php(38): mysqli->query('SELECT t.id, t....')
#1 {main}

Error at 2026-03-28 15:31:01
Message: Table 'pos_inventory_system_db.products' doesn't exist
Stack trace: #0 C:\Users\Asus\Downloads\Website\api\products.php(36): mysqli->query('SELECT p.id, p....')
#1 {main}

Error at 2026-03-28 15:31:01 (transactions.php)
Message: Table 'pos_inventory_system_db.transactions' doesn't exist
Stack trace: #0 C:\Users\Asus\Downloads\Website\api\transactions.php(38): mysqli->query('SELECT t.id, t....')
#1 {main}

Error at 2026-03-28 15:31:02
Message: Table 'pos_inventory_system_db.products' doesn't exist
Stack trace: #0 C:\Users\Asus\Downloads\Website\api\products.php(36): mysqli->query('SELECT p.id, p....')
#1 {main}

Error at 2026-03-28 15:31:02 (transactions.php)
Message: Table 'pos_inventory_system_db.transactions' doesn't exist
Stack trace: #0 C:\Users\Asus\Downloads\Website\api\transactions.php(38): mysqli->query('SELECT t.id, t....')
#1 {main}

Error at 2026-03-28 15:31:02
Message: Table 'pos_inventory_system_db.products' doesn't exist
Stack trace: #0 C:\Users\Asus\Downloads\Website\api\products.php(36): mysqli->query('SELECT p.id, p....')
#1 {main}

Error at 2026-03-28 15:31:03 (transactions.php)
Message: Table 'pos_inventory_system_db.transactions' doesn't exist
Stack trace: #0 C:\Users\Asus\Downloads\Website\api\transactions.php(38): mysqli->query('SELECT t.id, t....')
#1 {main}

Error at 2026-03-28 15:31:03
Message: Table 'pos_inventory_system_db.products' doesn't exist
Stack trace: #0 C:\Users\Asus\Downloads\Website\api\products.php(36): mysqli->query('SELECT p.id, p....')
#1 {main}

Error at 2026-03-28 15:31:03 (transactions.php)
Message: Table 'pos_inventory_system_db.transactions' doesn't exist
Stack trace: #0 C:\Users\Asus\Downloads\Website\api\transactions.php(38): mysqli->query('SELECT t.id, t....')
#1 {main}

Error at 2026-03-28 15:31:03
Message: Table 'pos_inventory_system_db.products' doesn't exist
Stack trace: #0 C:\Users\Asus\Downloads\Website\api\products.php(36): mysqli->query('SELECT p.id, p....')
#1 {main}

Error at 2026-03-28 15:31:04 (transactions.php)
Message: Table 'pos_inventory_system_db.transactions' doesn't exist
Stack trace: #0 C:\Users\Asus\Downloads\Website\api\transactions.php(38): mysqli->query('SELECT t.id, t....')
#1 {main}

Error at 2026-03-28 15:31:04
Message: Table 'pos_inventory_system_db.products' doesn't exist
Stack trace: #0 C:\Users\Asus\Downloads\Website\api\products.php(36): mysqli->query('SELECT p.id, p....')
#1 {main}

Error at 2026-03-28 15:31:04 (transactions.php)
Message: Table 'pos_inventory_system_db.transactions' doesn't exist
Stack trace: #0 C:\Users\Asus\Downloads\Website\api\transactions.php(38): mysqli->query('SELECT t.id, t....')
#1 {main}

Error at 2026-03-28 15:31:04
Message: Table 'pos_inventory_system_db.products' doesn't exist
Stack trace: #0 C:\Users\Asus\Downloads\Website\api\products.php(36): mysqli->query('SELECT p.id, p....')
#1 {main}

Error at 2026-03-28 15:31:04 (transactions.php)
Message: Table 'pos_inventory_system_db.transactions' doesn't exist
Stack trace: #0 C:\Users\Asus\Downloads\Website\api\transactions.php(38): mysqli->query('SELECT t.id, t....')
#1 {main}

Error at 2026-03-28 15:31:05
Message: Table 'pos_inventory_system_db.products' doesn't exist
Stack trace: #0 C:\Users\Asus\Downloads\Website\api\products.php(36): mysqli->query('SELECT p.id, p....')
#1 {main}

Error at 2026-03-28 15:31:05 (transactions.php)
Message: Table 'pos_inventory_system_db.transactions' doesn't exist
Stack trace: #0 C:\Users\Asus\Downloads\Website\api\transactions.php(38): mysqli->query('SELECT t.id, t....')
#1 {main}

Error at 2026-03-28 15:31:05
Message: Table 'pos_inventory_system_db.products' doesn't exist
Stack trace: #0 C:\Users\Asus\Downloads\Website\api\products.php(36): mysqli->query('SELECT p.id, p....')
#1 {main}

Error at 2026-03-28 15:31:05 (transactions.php)
Message: Table 'pos_inventory_system_db.transactions' doesn't exist
Stack trace: #0 C:\Users\Asus\Downloads\Website\api\transactions.php(38): mysqli->query('SELECT t.id, t....')
#1 {main}

Error at 2026-03-28 15:31:06
Message: Table 'pos_inventory_system_db.products' doesn't exist
Stack trace: #0 C:\Users\Asus\Downloads\Website\api\products.php(36): mysqli->query('SELECT p.id, p....')
#1 {main}

Error at 2026-03-28 15:31:07 (transactions.php)
Message: Table 'pos_inventory_system_db.transactions' doesn't exist
Stack trace: #0 C:\Users\Asus\Downloads\Website\api\transactions.php(38): mysqli->query('SELECT t.id, t....')
#1 {main}

Error at 2026-03-28 15:31:08
Message: Table 'pos_inventory_system_db.products' doesn't exist
Stack trace: #0 C:\Users\Asus\Downloads\Website\api\products.php(36): mysqli->query('SELECT p.id, p....')
#1 {main}

Error at 2026-03-28 15:31:08 (transactions.php)
Message: Table 'pos_inventory_system_db.transactions' doesn't exist
Stack trace: #0 C:\Users\Asus\Downloads\Website\api\transactions.php(38): mysqli->query('SELECT t.id, t....')
#1 {main}

Error at 2026-03-28 15:31:08
Message: Table 'pos_inventory_system_db.products' doesn't exist
Stack trace: #0 C:\Users\Asus\Downloads\Website\api\products.php(36): mysqli->query('SELECT p.id, p....')
#1 {main}

Error at 2026-03-28 15:31:08 (transactions.php)
Message: Table 'pos_inventory_system_db.transactions' doesn't exist
Stack trace: #0 C:\Users\Asus\Downloads\Website\api\transactions.php(38): mysqli->query('SELECT t.id, t....')
#1 {main}

Error at 2026-03-28 15:31:10
Message: Table 'pos_inventory_system_db.products' doesn't exist
Stack trace: #0 C:\Users\Asus\Downloads\Website\api\products.php(36): mysqli->query('SELECT p.id, p....')
#1 {main}

Error at 2026-03-28 15:31:10 (transactions.php)
Message: Table 'pos_inventory_system_db.transactions' doesn't exist
Stack trace: #0 C:\Users\Asus\Downloads\Website\api\transactions.php(38): mysqli->query('SELECT t.id, t....')
#1 {main}

Error at 2026-03-28 15:31:10
Message: Table 'pos_inventory_system_db.products' doesn't exist
Stack trace: #0 C:\Users\Asus\Downloads\Website\api\products.php(36): mysqli->query('SELECT p.id, p....')
#1 {main}

Error at 2026-03-28 15:31:11 (transactions.php)
Message: Table 'pos_inventory_system_db.transactions' doesn't exist
Stack trace: #0 C:\Users\Asus\Downloads\Website\api\transactions.php(38): mysqli->query('SELECT t.id, t....')
#1 {main}

Error at 2026-03-28 15:31:11
Message: Table 'pos_inventory_system_db.products' doesn't exist
Stack trace: #0 C:\Users\Asus\Downloads\Website\api\products.php(36): mysqli->query('SELECT p.id, p....')
#1 {main}

Error at 2026-03-28 15:31:11 (transactions.php)
Message: Table 'pos_inventory_system_db.transactions' doesn't exist
Stack trace: #0 C:\Users\Asus\Downloads\Website\api\transactions.php(38): mysqli->query('SELECT t.id, t....')
#1 {main}

Error at 2026-03-28 15:31:12
Message: Table 'pos_inventory_system_db.products' doesn't exist
Stack trace: #0 C:\Users\Asus\Downloads\Website\api\products.php(36): mysqli->query('SELECT p.id, p....')
#1 {main}

Error at 2026-03-28 15:31:12 (transactions.php)
Message: Table 'pos_inventory_system_db.transactions' doesn't exist
Stack trace: #0 C:\Users\Asus\Downloads\Website\api\transactions.php(38): mysqli->query('SELECT t.id, t....')
#1 {main}

Error at 2026-03-28 15:31:13
Message: Table 'pos_inventory_system_db.products' doesn't exist
Stack trace: #0 C:\Users\Asus\Downloads\Website\api\products.php(36): mysqli->query('SELECT p.id, p....')
#1 {main}

Error at 2026-03-28 15:31:13 (transactions.php)
Message: Table 'pos_inventory_system_db.transactions' doesn't exist
Stack trace: #0 C:\Users\Asus\Downloads\Website\api\transactions.php(38): mysqli->query('SELECT t.id, t....')
#1 {main}

Error at 2026-03-28 15:31:14
Message: Table 'pos_inventory_system_db.products' doesn't exist
Stack trace: #0 C:\Users\Asus\Downloads\Website\api\products.php(36): mysqli->query('SELECT p.id, p....')
#1 {main}

Error at 2026-03-28 15:31:15 (transactions.php)
Message: Table 'pos_inventory_system_db.transactions' doesn't exist
Stack trace: #0 C:\Users\Asus\Downloads\Website\api\transactions.php(38): mysqli->query('SELECT t.id, t....')
#1 {main}

Error at 2026-03-28 15:31:15
Message: Table 'pos_inventory_system_db.products' doesn't exist
Stack trace: #0 C:\Users\Asus\Downloads\Website\api\products.php(36): mysqli->query('SELECT p.id, p....')
#1 {main}

Error at 2026-03-28 15:31:15 (transactions.php)
Message: Table 'pos_inventory_system_db.transactions' doesn't exist
Stack trace: #0 C:\Users\Asus\Downloads\Website\api\transactions.php(38): mysqli->query('SELECT t.id, t....')
#1 {main}

Error at 2026-03-28 15:31:16
Message: Table 'pos_inventory_system_db.products' doesn't exist
Stack trace: #0 C:\Users\Asus\Downloads\Website\api\products.php(36): mysqli->query('SELECT p.id, p....')
#1 {main}

Error at 2026-03-28 15:31:16 (transactions.php)
Message: Table 'pos_inventory_system_db.transactions' doesn't exist
Stack trace: #0 C:\Users\Asus\Downloads\Website\api\transactions.php(38): mysqli->query('SELECT t.id, t....')
#1 {main}

Error at 2026-03-28 15:31:17
Message: Table 'pos_inventory_system_db.products' doesn't exist
Stack trace: #0 C:\Users\Asus\Downloads\Website\api\products.php(36): mysqli->query('SELECT p.id, p....')
#1 {main}

Error at 2026-03-28 15:31:17 (transactions.php)
Message: Table 'pos_inventory_system_db.transactions' doesn't exist
Stack trace: #0 C:\Users\Asus\Downloads\Website\api\transactions.php(38): mysqli->query('SELECT t.id, t....')
#1 {main}

Error at 2026-03-28 15:31:18
Message: Table 'pos_inventory_system_db.products' doesn't exist
Stack trace: #0 C:\Users\Asus\Downloads\Website\api\products.php(36): mysqli->query('SELECT p.id, p....')
#1 {main}

Error at 2026-03-28 15:31:18 (transactions.php)
Message: Table 'pos_inventory_system_db.transactions' doesn't exist
Stack trace: #0 C:\Users\Asus\Downloads\Website\api\transactions.php(38): mysqli->query('SELECT t.id, t....')
#1 {main}

Error at 2026-03-28 15:31:19
Message: Table 'pos_inventory_system_db.products' doesn't exist
Stack trace: #0 C:\Users\Asus\Downloads\Website\api\products.php(36): mysqli->query('SELECT p.id, p....')
#1 {main}

Error at 2026-03-28 15:31:19 (transactions.php)
Message: Table 'pos_inventory_system_db.transactions' doesn't exist
Stack trace: #0 C:\Users\Asus\Downloads\Website\api\transactions.php(38): mysqli->query('SELECT t.id, t....')
#1 {main}

Error at 2026-03-28 15:31:20
Message: Table 'pos_inventory_system_db.products' doesn't exist
Stack trace: #0 C:\Users\Asus\Downloads\Website\api\products.php(36): mysqli->query('SELECT p.id, p....')
#1 {main}

Error at 2026-03-28 15:31:20 (transactions.php)
Message: Table 'pos_inventory_system_db.transactions' doesn't exist
Stack trace: #0 C:\Users\Asus\Downloads\Website\api\transactions.php(38): mysqli->query('SELECT t.id, t....')
#1 {main}

Error at 2026-03-28 15:31:21
Message: Table 'pos_inventory_system_db.products' doesn't exist
Stack trace: #0 C:\Users\Asus\Downloads\Website\api\products.php(36): mysqli->query('SELECT p.id, p....')
#1 {main}

Error at 2026-03-28 15:31:21 (transactions.php)
Message: Table 'pos_inventory_system_db.transactions' doesn't exist
Stack trace: #0 C:\Users\Asus\Downloads\Website\api\transactions.php(38): mysqli->query('SELECT t.id, t....')
#1 {main}

Error at 2026-03-28 15:31:22
Message: Table 'pos_inventory_system_db.products' doesn't exist
Stack trace: #0 C:\Users\Asus\Downloads\Website\api\products.php(36): mysqli->query('SELECT p.id, p....')
#1 {main}

Error at 2026-03-28 15:31:22 (transactions.php)
Message: Table 'pos_inventory_system_db.transactions' doesn't exist
Stack trace: #0 C:\Users\Asus\Downloads\Website\api\transactions.php(38): mysqli->query('SELECT t.id, t....')
#1 {main}

Error at 2026-03-28 15:31:23
Message: Table 'pos_inventory_system_db.products' doesn't exist
Stack trace: #0 C:\Users\Asus\Downloads\Website\api\products.php(36): mysqli->query('SELECT p.id, p....')
#1 {main}

Error at 2026-03-28 15:31:23 (transactions.php)
Message: Table 'pos_inventory_system_db.transactions' doesn't exist
Stack trace: #0 C:\Users\Asus\Downloads\Website\api\transactions.php(38): mysqli->query('SELECT t.id, t....')
#1 {main}

Error at 2026-03-28 15:31:24
Message: Table 'pos_inventory_system_db.products' doesn't exist
Stack trace: #0 C:\Users\Asus\Downloads\Website\api\products.php(36): mysqli->query('SELECT p.id, p....')
#1 {main}

Error at 2026-03-28 15:31:25 (transactions.php)
Message: Table 'pos_inventory_system_db.transactions' doesn't exist
Stack trace: #0 C:\Users\Asus\Downloads\Website\api\transactions.php(38): mysqli->query('SELECT t.id, t....')
#1 {main}

Error at 2026-03-28 15:31:26
Message: Table 'pos_inventory_system_db.products' doesn't exist
Stack trace: #0 C:\Users\Asus\Downloads\Website\api\products.php(36): mysqli->query('SELECT p.id, p....')
#1 {main}

Error at 2026-03-28 15:31:26 (transactions.php)
Message: Table 'pos_inventory_system_db.transactions' doesn't exist
Stack trace: #0 C:\Users\Asus\Downloads\Website\api\transactions.php(38): mysqli->query('SELECT t.id, t....')
#1 {main}

Error at 2026-03-28 15:31:26
Message: Table 'pos_inventory_system_db.products' doesn't exist
Stack trace: #0 C:\Users\Asus\Downloads\Website\api\products.php(36): mysqli->query('SELECT p.id, p....')
#1 {main}

Error at 2026-03-28 15:31:26 (transactions.php)
Message: Table 'pos_inventory_system_db.transactions' doesn't exist
Stack trace: #0 C:\Users\Asus\Downloads\Website\api\transactions.php(38): mysqli->query('SELECT t.id, t....')
#1 {main}

Error at 2026-03-28 15:31:28
Message: Table 'pos_inventory_system_db.products' doesn't exist
Stack trace: #0 C:\Users\Asus\Downloads\Website\api\products.php(36): mysqli->query('SELECT p.id, p....')
#1 {main}

Error at 2026-03-28 15:31:28 (transactions.php)
Message: Table 'pos_inventory_system_db.transactions' doesn't exist
Stack trace: #0 C:\Users\Asus\Downloads\Website\api\transactions.php(38): mysqli->query('SELECT t.id, t....')
#1 {main}

Error at 2026-03-28 15:31:28
Message: Table 'pos_inventory_system_db.products' doesn't exist
Stack trace: #0 C:\Users\Asus\Downloads\Website\api\products.php(36): mysqli->query('SELECT p.id, p....')
#1 {main}

Error at 2026-03-28 15:31:28 (transactions.php)
Message: Table 'pos_inventory_system_db.transactions' doesn't exist
Stack trace: #0 C:\Users\Asus\Downloads\Website\api\transactions.php(38): mysqli->query('SELECT t.id, t....')
#1 {main}

Error at 2026-03-28 15:31:29
Message: Table 'pos_inventory_system_db.products' doesn't exist
Stack trace: #0 C:\Users\Asus\Downloads\Website\api\products.php(36): mysqli->query('SELECT p.id, p....')
#1 {main}

Error at 2026-03-28 15:31:29 (transactions.php)
Message: Table 'pos_inventory_system_db.transactions' doesn't exist
Stack trace: #0 C:\Users\Asus\Downloads\Website\api\transactions.php(38): mysqli->query('SELECT t.id, t....')
#1 {main}

Error at 2026-03-28 15:31:30
Message: Table 'pos_inventory_system_db.products' doesn't exist
Stack trace: #0 C:\Users\Asus\Downloads\Website\api\products.php(36): mysqli->query('SELECT p.id, p....')
#1 {main}

Error at 2026-03-28 15:31:31 (transactions.php)
Message: Table 'pos_inventory_system_db.transactions' doesn't exist
Stack trace: #0 C:\Users\Asus\Downloads\Website\api\transactions.php(38): mysqli->query('SELECT t.id, t....')
#1 {main}

Error at 2026-03-28 15:31:32
Message: Table 'pos_inventory_system_db.products' doesn't exist
Stack trace: #0 C:\Users\Asus\Downloads\Website\api\products.php(36): mysqli->query('SELECT p.id, p....')
#1 {main}

Error at 2026-03-28 15:31:32 (transactions.php)
Message: Table 'pos_inventory_system_db.transactions' doesn't exist
Stack trace: #0 C:\Users\Asus\Downloads\Website\api\transactions.php(38): mysqli->query('SELECT t.id, t....')
#1 {main}

Error at 2026-03-28 15:31:32
Message: Table 'pos_inventory_system_db.products' doesn't exist
Stack trace: #0 C:\Users\Asus\Downloads\Website\api\products.php(36): mysqli->query('SELECT p.id, p....')
#1 {main}

Error at 2026-03-28 15:31:33 (transactions.php)
Message: Table 'pos_inventory_system_db.transactions' doesn't exist
Stack trace: #0 C:\Users\Asus\Downloads\Website\api\transactions.php(38): mysqli->query('SELECT t.id, t....')
#1 {main}

Error at 2026-03-28 15:31:33
Message: Table 'pos_inventory_system_db.products' doesn't exist
Stack trace: #0 C:\Users\Asus\Downloads\Website\api\products.php(36): mysqli->query('SELECT p.id, p....')
#1 {main}

Error at 2026-03-28 15:31:33 (transactions.php)
Message: Table 'pos_inventory_system_db.transactions' doesn't exist
Stack trace: #0 C:\Users\Asus\Downloads\Website\api\transactions.php(38): mysqli->query('SELECT t.id, t....')
#1 {main}

Error at 2026-03-28 15:31:34
Message: Table 'pos_inventory_system_db.products' doesn't exist
Stack trace: #0 C:\Users\Asus\Downloads\Website\api\products.php(36): mysqli->query('SELECT p.id, p....')
#1 {main}

Error at 2026-03-28 15:31:34 (transactions.php)
Message: Table 'pos_inventory_system_db.transactions' doesn't exist
Stack trace: #0 C:\Users\Asus\Downloads\Website\api\transactions.php(38): mysqli->query('SELECT t.id, t....')
#1 {main}

Error at 2026-03-28 15:31:35
Message: Table 'pos_inventory_system_db.products' doesn't exist
Stack trace: #0 C:\Users\Asus\Downloads\Website\api\products.php(36): mysqli->query('SELECT p.id, p....')
#1 {main}

Error at 2026-03-28 15:31:35 (transactions.php)
Message: Table 'pos_inventory_system_db.transactions' doesn't exist
Stack trace: #0 C:\Users\Asus\Downloads\Website\api\transactions.php(38): mysqli->query('SELECT t.id, t....')
#1 {main}

Error at 2026-03-28 15:31:36
Message: Table 'pos_inventory_system_db.products' doesn't exist
Stack trace: #0 C:\Users\Asus\Downloads\Website\api\products.php(36): mysqli->query('SELECT p.id, p....')
#1 {main}

Error at 2026-03-28 15:31:37 (transactions.php)
Message: Table 'pos_inventory_system_db.transactions' doesn't exist
Stack trace: #0 C:\Users\Asus\Downloads\Website\api\transactions.php(38): mysqli->query('SELECT t.id, t....')
#1 {main}

Error at 2026-03-28 15:31:38
Message: Table 'pos_inventory_system_db.products' doesn't exist
Stack trace: #0 C:\Users\Asus\Downloads\Website\api\products.php(36): mysqli->query('SELECT p.id, p....')
#1 {main}

Error at 2026-03-28 15:31:38 (transactions.php)
Message: Table 'pos_inventory_system_db.transactions' doesn't exist
Stack trace: #0 C:\Users\Asus\Downloads\Website\api\transactions.php(38): mysqli->query('SELECT t.id, t....')
#1 {main}

Error at 2026-03-28 15:31:38
Message: Table 'pos_inventory_system_db.products' doesn't exist
Stack trace: #0 C:\Users\Asus\Downloads\Website\api\products.php(36): mysqli->query('SELECT p.id, p....')
#1 {main}

Error at 2026-03-28 15:31:39 (transactions.php)
Message: Table 'pos_inventory_system_db.transactions' doesn't exist
Stack trace: #0 C:\Users\Asus\Downloads\Website\api\transactions.php(38): mysqli->query('SELECT t.id, t....')
#1 {main}

Error at 2026-03-28 15:31:39
Message: Table 'pos_inventory_system_db.products' doesn't exist
Stack trace: #0 C:\Users\Asus\Downloads\Website\api\products.php(36): mysqli->query('SELECT p.id, p....')
#1 {main}

Error at 2026-03-28 15:31:39 (transactions.php)
Message: Table 'pos_inventory_system_db.transactions' doesn't exist
Stack trace: #0 C:\Users\Asus\Downloads\Website\api\transactions.php(38): mysqli->query('SELECT t.id, t....')
#1 {main}

Error at 2026-03-28 15:31:39
Message: Table 'pos_inventory_system_db.products' doesn't exist
Stack trace: #0 C:\Users\Asus\Downloads\Website\api\products.php(36): mysqli->query('SELECT p.id, p....')
#1 {main}

Error at 2026-03-28 15:31:39 (transactions.php)
Message: Table 'pos_inventory_system_db.transactions' doesn't exist
Stack trace: #0 C:\Users\Asus\Downloads\Website\api\transactions.php(38): mysqli->query('SELECT t.id, t....')
#1 {main}

Error at 2026-03-28 15:31:39
Message: Table 'pos_inventory_system_db.products' doesn't exist
Stack trace: #0 C:\Users\Asus\Downloads\Website\api\products.php(36): mysqli->query('SELECT p.id, p....')
#1 {main}

Error at 2026-03-28 15:31:40 (transactions.php)
Message: Table 'pos_inventory_system_db.transactions' doesn't exist
Stack trace: #0 C:\Users\Asus\Downloads\Website\api\transactions.php(38): mysqli->query('SELECT t.id, t....')
#1 {main}

Error at 2026-03-28 15:31:40
Message: Table 'pos_inventory_system_db.products' doesn't exist
Stack trace: #0 C:\Users\Asus\Downloads\Website\api\products.php(36): mysqli->query('SELECT p.id, p....')
#1 {main}

Error at 2026-03-28 15:31:41 (transactions.php)
Message: Table 'pos_inventory_system_db.transactions' doesn't exist
Stack trace: #0 C:\Users\Asus\Downloads\Website\api\transactions.php(38): mysqli->query('SELECT t.id, t....')
#1 {main}

Error at 2026-03-28 15:31:41
Message: Table 'pos_inventory_system_db.products' doesn't exist
Stack trace: #0 C:\Users\Asus\Downloads\Website\api\products.php(36): mysqli->query('SELECT p.id, p....')
#1 {main}

Error at 2026-03-28 15:31:41 (transactions.php)
Message: Table 'pos_inventory_system_db.transactions' doesn't exist
Stack trace: #0 C:\Users\Asus\Downloads\Website\api\transactions.php(38): mysqli->query('SELECT t.id, t....')
#1 {main}

Error at 2026-03-28 15:31:42
Message: Table 'pos_inventory_system_db.products' doesn't exist
Stack trace: #0 C:\Users\Asus\Downloads\Website\api\products.php(36): mysqli->query('SELECT p.id, p....')
#1 {main}

Error at 2026-03-28 15:31:42 (transactions.php)
Message: Table 'pos_inventory_system_db.transactions' doesn't exist
Stack trace: #0 C:\Users\Asus\Downloads\Website\api\transactions.php(38): mysqli->query('SELECT t.id, t....')
#1 {main}

Error at 2026-03-28 15:31:43
Message: Table 'pos_inventory_system_db.products' doesn't exist
Stack trace: #0 C:\Users\Asus\Downloads\Website\api\products.php(36): mysqli->query('SELECT p.id, p....')
#1 {main}

Error at 2026-03-28 15:31:43 (transactions.php)
Message: Table 'pos_inventory_system_db.transactions' doesn't exist
Stack trace: #0 C:\Users\Asus\Downloads\Website\api\transactions.php(38): mysqli->query('SELECT t.id, t....')
#1 {main}

Error at 2026-03-28 15:31:44
Message: Table 'pos_inventory_system_db.products' doesn't exist
Stack trace: #0 C:\Users\Asus\Downloads\Website\api\products.php(36): mysqli->query('SELECT p.id, p....')
#1 {main}

Error at 2026-03-28 15:31:44 (transactions.php)
Message: Table 'pos_inventory_system_db.transactions' doesn't exist
Stack trace: #0 C:\Users\Asus\Downloads\Website\api\transactions.php(38): mysqli->query('SELECT t.id, t....')
#1 {main}

Error at 2026-03-28 15:31:46
Message: Table 'pos_inventory_system_db.products' doesn't exist
Stack trace: #0 C:\Users\Asus\Downloads\Website\api\products.php(36): mysqli->query('SELECT p.id, p....')
#1 {main}

Error at 2026-03-28 15:31:46 (transactions.php)
Message: Table 'pos_inventory_system_db.transactions' doesn't exist
Stack trace: #0 C:\Users\Asus\Downloads\Website\api\transactions.php(38): mysqli->query('SELECT t.id, t....')
#1 {main}

Error at 2026-03-28 15:31:46
Message: Table 'pos_inventory_system_db.products' doesn't exist
Stack trace: #0 C:\Users\Asus\Downloads\Website\api\products.php(36): mysqli->query('SELECT p.id, p....')
#1 {main}

Error at 2026-03-28 15:31:46 (transactions.php)
Message: Table 'pos_inventory_system_db.transactions' doesn't exist
Stack trace: #0 C:\Users\Asus\Downloads\Website\api\transactions.php(38): mysqli->query('SELECT t.id, t....')
#1 {main}

Error at 2026-03-28 15:31:47
Message: Table 'pos_inventory_system_db.products' doesn't exist
Stack trace: #0 C:\Users\Asus\Downloads\Website\api\products.php(36): mysqli->query('SELECT p.id, p....')
#1 {main}

Error at 2026-03-28 15:31:47 (transactions.php)
Message: Table 'pos_inventory_system_db.transactions' doesn't exist
Stack trace: #0 C:\Users\Asus\Downloads\Website\api\transactions.php(38): mysqli->query('SELECT t.id, t....')
#1 {main}

Error at 2026-03-28 15:31:48
Message: Table 'pos_inventory_system_db.products' doesn't exist
Stack trace: #0 C:\Users\Asus\Downloads\Website\api\products.php(36): mysqli->query('SELECT p.id, p....')
#1 {main}

Error at 2026-03-28 15:31:48 (transactions.php)
Message: Table 'pos_inventory_system_db.transactions' doesn't exist
Stack trace: #0 C:\Users\Asus\Downloads\Website\api\transactions.php(38): mysqli->query('SELECT t.id, t....')
#1 {main}

Error at 2026-03-28 15:31:49
Message: Table 'pos_inventory_system_db.products' doesn't exist
Stack trace: #0 C:\Users\Asus\Downloads\Website\api\products.php(36): mysqli->query('SELECT p.id, p....')
#1 {main}

Error at 2026-03-28 15:31:49 (transactions.php)
Message: Table 'pos_inventory_system_db.transactions' doesn't exist
Stack trace: #0 C:\Users\Asus\Downloads\Website\api\transactions.php(38): mysqli->query('SELECT t.id, t....')
#1 {main}

Error at 2026-03-28 15:31:50
Message: Table 'pos_inventory_system_db.products' doesn't exist
Stack trace: #0 C:\Users\Asus\Downloads\Website\api\products.php(36): mysqli->query('SELECT p.id, p....')
#1 {main}

Error at 2026-03-28 15:31:51 (transactions.php)
Message: Table 'pos_inventory_system_db.transactions' doesn't exist
Stack trace: #0 C:\Users\Asus\Downloads\Website\api\transactions.php(38): mysqli->query('SELECT t.id, t....')
#1 {main}

Error at 2026-03-28 15:31:51
Message: Table 'pos_inventory_system_db.products' doesn't exist
Stack trace: #0 C:\Users\Asus\Downloads\Website\api\products.php(36): mysqli->query('SELECT p.id, p....')
#1 {main}

Error at 2026-03-28 15:31:52 (transactions.php)
Message: Table 'pos_inventory_system_db.transactions' doesn't exist
Stack trace: #0 C:\Users\Asus\Downloads\Website\api\transactions.php(38): mysqli->query('SELECT t.id, t....')
#1 {main}

Error at 2026-03-28 15:31:52
Message: Table 'pos_inventory_system_db.products' doesn't exist
Stack trace: #0 C:\Users\Asus\Downloads\Website\api\products.php(36): mysqli->query('SELECT p.id, p....')
#1 {main}

Error at 2026-03-28 15:31:52 (transactions.php)
Message: Table 'pos_inventory_system_db.transactions' doesn't exist
Stack trace: #0 C:\Users\Asus\Downloads\Website\api\transactions.php(38): mysqli->query('SELECT t.id, t....')
#1 {main}

Error at 2026-03-28 15:31:54
Message: Table 'pos_inventory_system_db.products' doesn't exist
Stack trace: #0 C:\Users\Asus\Downloads\Website\api\products.php(36): mysqli->query('SELECT p.id, p....')
#1 {main}

Error at 2026-03-28 15:31:54 (transactions.php)
Message: Table 'pos_inventory_system_db.transactions' doesn't exist
Stack trace: #0 C:\Users\Asus\Downloads\Website\api\transactions.php(38): mysqli->query('SELECT t.id, t....')
#1 {main}

Error at 2026-03-28 15:31:54
Message: Table 'pos_inventory_system_db.products' doesn't exist
Stack trace: #0 C:\Users\Asus\Downloads\Website\api\products.php(36): mysqli->query('SELECT p.id, p....')
#1 {main}

Error at 2026-03-28 15:31:55 (transactions.php)
Message: Table 'pos_inventory_system_db.transactions' doesn't exist
Stack trace: #0 C:\Users\Asus\Downloads\Website\api\transactions.php(38): mysqli->query('SELECT t.id, t....')
#1 {main}

Error at 2026-03-28 15:31:55
Message: Table 'pos_inventory_system_db.products' doesn't exist
Stack trace: #0 C:\Users\Asus\Downloads\Website\api\products.php(36): mysqli->query('SELECT p.id, p....')
#1 {main}

Error at 2026-03-28 15:31:55 (transactions.php)
Message: Table 'pos_inventory_system_db.transactions' doesn't exist
Stack trace: #0 C:\Users\Asus\Downloads\Website\api\transactions.php(38): mysqli->query('SELECT t.id, t....')
#1 {main}

Error at 2026-03-28 15:31:56
Message: Table 'pos_inventory_system_db.products' doesn't exist
Stack trace: #0 C:\Users\Asus\Downloads\Website\api\products.php(36): mysqli->query('SELECT p.id, p....')
#1 {main}

Error at 2026-03-28 15:31:56 (transactions.php)
Message: Table 'pos_inventory_system_db.transactions' doesn't exist
Stack trace: #0 C:\Users\Asus\Downloads\Website\api\transactions.php(38): mysqli->query('SELECT t.id, t....')
#1 {main}

Error at 2026-03-28 15:31:57
Message: Table 'pos_inventory_system_db.products' doesn't exist
Stack trace: #0 C:\Users\Asus\Downloads\Website\api\products.php(36): mysqli->query('SELECT p.id, p....')
#1 {main}

Error at 2026-03-28 15:31:57 (transactions.php)
Message: Table 'pos_inventory_system_db.transactions' doesn't exist
Stack trace: #0 C:\Users\Asus\Downloads\Website\api\transactions.php(38): mysqli->query('SELECT t.id, t....')
#1 {main}

Error at 2026-03-28 15:31:58
Message: Table 'pos_inventory_system_db.products' doesn't exist
Stack trace: #0 C:\Users\Asus\Downloads\Website\api\products.php(36): mysqli->query('SELECT p.id, p....')
#1 {main}

Error at 2026-03-28 15:31:59 (transactions.php)
Message: Table 'pos_inventory_system_db.transactions' doesn't exist
Stack trace: #0 C:\Users\Asus\Downloads\Website\api\transactions.php(38): mysqli->query('SELECT t.id, t....')
#1 {main}

Error at 2026-03-28 15:32:00
Message: Table 'pos_inventory_system_db.products' doesn't exist
Stack trace: #0 C:\Users\Asus\Downloads\Website\api\products.php(36): mysqli->query('SELECT p.id, p....')
#1 {main}

Error at 2026-03-28 15:32:00 (transactions.php)
Message: Table 'pos_inventory_system_db.transactions' doesn't exist
Stack trace: #0 C:\Users\Asus\Downloads\Website\api\transactions.php(38): mysqli->query('SELECT t.id, t....')
#1 {main}

Error at 2026-03-28 15:32:00
Message: Table 'pos_inventory_system_db.products' doesn't exist
Stack trace: #0 C:\Users\Asus\Downloads\Website\api\products.php(36): mysqli->query('SELECT p.id, p....')
#1 {main}

Error at 2026-03-28 15:32:01 (transactions.php)
Message: Table 'pos_inventory_system_db.transactions' doesn't exist
Stack trace: #0 C:\Users\Asus\Downloads\Website\api\transactions.php(38): mysqli->query('SELECT t.id, t....')
#1 {main}

Error at 2026-03-28 15:32:01
Message: Table 'pos_inventory_system_db.products' doesn't exist
Stack trace: #0 C:\Users\Asus\Downloads\Website\api\products.php(36): mysqli->query('SELECT p.id, p....')
#1 {main}

Error at 2026-03-28 15:32:01 (transactions.php)
Message: Table 'pos_inventory_system_db.transactions' doesn't exist
Stack trace: #0 C:\Users\Asus\Downloads\Website\api\transactions.php(38): mysqli->query('SELECT t.id, t....')
#1 {main}

Error at 2026-03-28 15:32:02
Message: Table 'pos_inventory_system_db.products' doesn't exist
Stack trace: #0 C:\Users\Asus\Downloads\Website\api\products.php(36): mysqli->query('SELECT p.id, p....')
#1 {main}

Error at 2026-03-28 15:32:03 (transactions.php)
Message: Table 'pos_inventory_system_db.transactions' doesn't exist
Stack trace: #0 C:\Users\Asus\Downloads\Website\api\transactions.php(38): mysqli->query('SELECT t.id, t....')
#1 {main}

Error at 2026-03-28 15:32:03
Message: Table 'pos_inventory_system_db.products' doesn't exist
Stack trace: #0 C:\Users\Asus\Downloads\Website\api\products.php(36): mysqli->query('SELECT p.id, p....')
#1 {main}

Error at 2026-03-28 15:32:03 (transactions.php)
Message: Table 'pos_inventory_system_db.transactions' doesn't exist
Stack trace: #0 C:\Users\Asus\Downloads\Website\api\transactions.php(38): mysqli->query('SELECT t.id, t....')
#1 {main}

Error at 2026-03-28 15:32:04
Message: Table 'pos_inventory_system_db.products' doesn't exist
Stack trace: #0 C:\Users\Asus\Downloads\Website\api\products.php(36): mysqli->query('SELECT p.id, p....')
#1 {main}

Error at 2026-03-28 15:32:04 (transactions.php)
Message: Table 'pos_inventory_system_db.transactions' doesn't exist
Stack trace: #0 C:\Users\Asus\Downloads\Website\api\transactions.php(38): mysqli->query('SELECT t.id, t....')
#1 {main}

Error at 2026-03-28 15:32:06
Message: Table 'pos_inventory_system_db.products' doesn't exist
Stack trace: #0 C:\Users\Asus\Downloads\Website\api\products.php(36): mysqli->query('SELECT p.id, p....')
#1 {main}

Error at 2026-03-28 15:32:06 (transactions.php)
Message: Table 'pos_inventory_system_db.transactions' doesn't exist
Stack trace: #0 C:\Users\Asus\Downloads\Website\api\transactions.php(38): mysqli->query('SELECT t.id, t....')
#1 {main}

Error at 2026-03-28 15:32:06
Message: Table 'pos_inventory_system_db.products' doesn't exist
Stack trace: #0 C:\Users\Asus\Downloads\Website\api\products.php(36): mysqli->query('SELECT p.id, p....')
#1 {main}

Error at 2026-03-28 15:32:06 (transactions.php)
Message: Table 'pos_inventory_system_db.transactions' doesn't exist
Stack trace: #0 C:\Users\Asus\Downloads\Website\api\transactions.php(38): mysqli->query('SELECT t.id, t....')
#1 {main}

Error at 2026-03-28 15:32:08
Message: Table 'pos_inventory_system_db.products' doesn't exist
Stack trace: #0 C:\Users\Asus\Downloads\Website\api\products.php(36): mysqli->query('SELECT p.id, p....')
#1 {main}

Error at 2026-03-28 15:32:08 (transactions.php)
Message: Table 'pos_inventory_system_db.transactions' doesn't exist
Stack trace: #0 C:\Users\Asus\Downloads\Website\api\transactions.php(38): mysqli->query('SELECT t.id, t....')
#1 {main}

Error at 2026-03-28 15:32:08
Message: Table 'pos_inventory_system_db.products' doesn't exist
Stack trace: #0 C:\Users\Asus\Downloads\Website\api\products.php(36): mysqli->query('SELECT p.id, p....')
#1 {main}

Error at 2026-03-28 15:32:08 (transactions.php)
Message: Table 'pos_inventory_system_db.transactions' doesn't exist
Stack trace: #0 C:\Users\Asus\Downloads\Website\api\transactions.php(38): mysqli->query('SELECT t.id, t....')
#1 {main}

Error at 2026-03-28 15:32:09
Message: Table 'pos_inventory_system_db.products' doesn't exist
Stack trace: #0 C:\Users\Asus\Downloads\Website\api\products.php(36): mysqli->query('SELECT p.id, p....')
#1 {main}

Error at 2026-03-28 15:32:09 (transactions.php)
Message: Table 'pos_inventory_system_db.transactions' doesn't exist
Stack trace: #0 C:\Users\Asus\Downloads\Website\api\transactions.php(38): mysqli->query('SELECT t.id, t....')
#1 {main}

Error at 2026-03-28 15:32:10
Message: Table 'pos_inventory_system_db.products' doesn't exist
Stack trace: #0 C:\Users\Asus\Downloads\Website\api\products.php(36): mysqli->query('SELECT p.id, p....')
#1 {main}

Error at 2026-03-28 15:32:10 (transactions.php)
Message: Table 'pos_inventory_system_db.transactions' doesn't exist
Stack trace: #0 C:\Users\Asus\Downloads\Website\api\transactions.php(38): mysqli->query('SELECT t.id, t....')
#1 {main}

Error at 2026-03-28 15:32:11
Message: Table 'pos_inventory_system_db.products' doesn't exist
Stack trace: #0 C:\Users\Asus\Downloads\Website\api\products.php(36): mysqli->query('SELECT p.id, p....')
#1 {main}

Error at 2026-03-28 15:32:11 (transactions.php)
Message: Table 'pos_inventory_system_db.transactions' doesn't exist
Stack trace: #0 C:\Users\Asus\Downloads\Website\api\transactions.php(38): mysqli->query('SELECT t.id, t....')
#1 {main}

Error at 2026-03-28 15:32:12
Message: Table 'pos_inventory_system_db.products' doesn't exist
Stack trace: #0 C:\Users\Asus\Downloads\Website\api\products.php(36): mysqli->query('SELECT p.id, p....')
#1 {main}

Error at 2026-03-28 15:32:12 (transactions.php)
Message: Table 'pos_inventory_system_db.transactions' doesn't exist
Stack trace: #0 C:\Users\Asus\Downloads\Website\api\transactions.php(38): mysqli->query('SELECT t.id, t....')
#1 {main}

Error at 2026-03-28 15:32:13
Message: Table 'pos_inventory_system_db.products' doesn't exist
Stack trace: #0 C:\Users\Asus\Downloads\Website\api\products.php(36): mysqli->query('SELECT p.id, p....')
#1 {main}

Error at 2026-03-28 15:32:14 (transactions.php)
Message: Table 'pos_inventory_system_db.transactions' doesn't exist
Stack trace: #0 C:\Users\Asus\Downloads\Website\api\transactions.php(38): mysqli->query('SELECT t.id, t....')
#1 {main}

Error at 2026-03-28 15:32:14
Message: Table 'pos_inventory_system_db.products' doesn't exist
Stack trace: #0 C:\Users\Asus\Downloads\Website\api\products.php(36): mysqli->query('SELECT p.id, p....')
#1 {main}

Error at 2026-03-28 15:32:14 (transactions.php)
Message: Table 'pos_inventory_system_db.transactions' doesn't exist
Stack trace: #0 C:\Users\Asus\Downloads\Website\api\transactions.php(38): mysqli->query('SELECT t.id, t....')
#1 {main}

Error at 2026-03-28 15:32:16
Message: Table 'pos_inventory_system_db.products' doesn't exist
Stack trace: #0 C:\Users\Asus\Downloads\Website\api\products.php(36): mysqli->query('SELECT p.id, p....')
#1 {main}

Error at 2026-03-28 15:32:16 (transactions.php)
Message: Table 'pos_inventory_system_db.transactions' doesn't exist
Stack trace: #0 C:\Users\Asus\Downloads\Website\api\transactions.php(38): mysqli->query('SELECT t.id, t....')
#1 {main}

Error at 2026-03-28 15:32:16
Message: Table 'pos_inventory_system_db.products' doesn't exist
Stack trace: #0 C:\Users\Asus\Downloads\Website\api\products.php(36): mysqli->query('SELECT p.id, p....')
#1 {main}

Error at 2026-03-28 15:32:17 (transactions.php)
Message: Table 'pos_inventory_system_db.transactions' doesn't exist
Stack trace: #0 C:\Users\Asus\Downloads\Website\api\transactions.php(38): mysqli->query('SELECT t.id, t....')
#1 {main}

Error at 2026-03-28 15:32:17
Message: Table 'pos_inventory_system_db.products' doesn't exist
Stack trace: #0 C:\Users\Asus\Downloads\Website\api\products.php(36): mysqli->query('SELECT p.id, p....')
#1 {main}

Error at 2026-03-28 15:32:17 (transactions.php)
Message: Table 'pos_inventory_system_db.transactions' doesn't exist
Stack trace: #0 C:\Users\Asus\Downloads\Website\api\transactions.php(38): mysqli->query('SELECT t.id, t....')
#1 {main}

Error at 2026-03-28 15:32:18
Message: Table 'pos_inventory_system_db.products' doesn't exist
Stack trace: #0 C:\Users\Asus\Downloads\Website\api\products.php(36): mysqli->query('SELECT p.id, p....')
#1 {main}

Error at 2026-03-28 15:32:18 (transactions.php)
Message: Table 'pos_inventory_system_db.transactions' doesn't exist
Stack trace: #0 C:\Users\Asus\Downloads\Website\api\transactions.php(38): mysqli->query('SELECT t.id, t....')
#1 {main}

Error at 2026-03-28 15:32:19
Message: Table 'pos_inventory_system_db.products' doesn't exist
Stack trace: #0 C:\Users\Asus\Downloads\Website\api\products.php(36): mysqli->query('SELECT p.id, p....')
#1 {main}

Error at 2026-03-28 15:32:19 (transactions.php)
Message: Table 'pos_inventory_system_db.transactions' doesn't exist
Stack trace: #0 C:\Users\Asus\Downloads\Website\api\transactions.php(38): mysqli->query('SELECT t.id, t....')
#1 {main}

Error at 2026-03-28 15:32:20
Message: Table 'pos_inventory_system_db.products' doesn't exist
Stack trace: #0 C:\Users\Asus\Downloads\Website\api\products.php(36): mysqli->query('SELECT p.id, p....')
#1 {main}

Error at 2026-03-28 15:32:20 (transactions.php)
Message: Table 'pos_inventory_system_db.transactions' doesn't exist
Stack trace: #0 C:\Users\Asus\Downloads\Website\api\transactions.php(38): mysqli->query('SELECT t.id, t....')
#1 {main}

Error at 2026-03-28 15:32:21
Message: Table 'pos_inventory_system_db.products' doesn't exist
Stack trace: #0 C:\Users\Asus\Downloads\Website\api\products.php(36): mysqli->query('SELECT p.id, p....')
#1 {main}

Error at 2026-03-28 15:32:21 (transactions.php)
Message: Table 'pos_inventory_system_db.transactions' doesn't exist
Stack trace: #0 C:\Users\Asus\Downloads\Website\api\transactions.php(38): mysqli->query('SELECT t.id, t....')
#1 {main}

Error at 2026-03-28 15:32:22
Message: Table 'pos_inventory_system_db.products' doesn't exist
Stack trace: #0 C:\Users\Asus\Downloads\Website\api\products.php(36): mysqli->query('SELECT p.id, p....')
#1 {main}

Error at 2026-03-28 15:32:22 (transactions.php)
Message: Table 'pos_inventory_system_db.transactions' doesn't exist
Stack trace: #0 C:\Users\Asus\Downloads\Website\api\transactions.php(38): mysqli->query('SELECT t.id, t....')
#1 {main}

Error at 2026-03-28 15:32:23
Message: Table 'pos_inventory_system_db.products' doesn't exist
Stack trace: #0 C:\Users\Asus\Downloads\Website\api\products.php(36): mysqli->query('SELECT p.id, p....')
#1 {main}

Error at 2026-03-28 15:32:23 (transactions.php)
Message: Table 'pos_inventory_system_db.transactions' doesn't exist
Stack trace: #0 C:\Users\Asus\Downloads\Website\api\transactions.php(38): mysqli->query('SELECT t.id, t....')
#1 {main}

Error at 2026-03-28 15:32:24
Message: Table 'pos_inventory_system_db.products' doesn't exist
Stack trace: #0 C:\Users\Asus\Downloads\Website\api\products.php(36): mysqli->query('SELECT p.id, p....')
#1 {main}

Error at 2026-03-28 15:32:24 (transactions.php)
Message: Table 'pos_inventory_system_db.transactions' doesn't exist
Stack trace: #0 C:\Users\Asus\Downloads\Website\api\transactions.php(38): mysqli->query('SELECT t.id, t....')
#1 {main}

Error at 2026-03-28 15:32:25
Message: Table 'pos_inventory_system_db.products' doesn't exist
Stack trace: #0 C:\Users\Asus\Downloads\Website\api\products.php(36): mysqli->query('SELECT p.id, p....')
#1 {main}

Error at 2026-03-28 15:32:25 (transactions.php)
Message: Table 'pos_inventory_system_db.transactions' doesn't exist
Stack trace: #0 C:\Users\Asus\Downloads\Website\api\transactions.php(38): mysqli->query('SELECT t.id, t....')
#1 {main}

Error at 2026-03-28 15:32:26
Message: Table 'pos_inventory_system_db.products' doesn't exist
Stack trace: #0 C:\Users\Asus\Downloads\Website\api\products.php(36): mysqli->query('SELECT p.id, p....')
#1 {main}

Error at 2026-03-28 15:32:26 (transactions.php)
Message: Table 'pos_inventory_system_db.transactions' doesn't exist
Stack trace: #0 C:\Users\Asus\Downloads\Website\api\transactions.php(38): mysqli->query('SELECT t.id, t....')
#1 {main}

Error at 2026-03-28 15:32:27
Message: Table 'pos_inventory_system_db.products' doesn't exist
Stack trace: #0 C:\Users\Asus\Downloads\Website\api\products.php(36): mysqli->query('SELECT p.id, p....')
#1 {main}

Error at 2026-03-28 15:32:28 (transactions.php)
Message: Table 'pos_inventory_system_db.transactions' doesn't exist
Stack trace: #0 C:\Users\Asus\Downloads\Website\api\transactions.php(38): mysqli->query('SELECT t.id, t....')
#1 {main}

Error at 2026-03-28 15:32:28
Message: Table 'pos_inventory_system_db.products' doesn't exist
Stack trace: #0 C:\Users\Asus\Downloads\Website\api\products.php(36): mysqli->query('SELECT p.id, p....')
#1 {main}

Error at 2026-03-28 15:32:28 (transactions.php)
Message: Table 'pos_inventory_system_db.transactions' doesn't exist
Stack trace: #0 C:\Users\Asus\Downloads\Website\api\transactions.php(38): mysqli->query('SELECT t.id, t....')
#1 {main}

Error at 2026-03-28 15:32:30
Message: Table 'pos_inventory_system_db.products' doesn't exist
Stack trace: #0 C:\Users\Asus\Downloads\Website\api\products.php(36): mysqli->query('SELECT p.id, p....')
#1 {main}

Error at 2026-03-28 15:32:30 (transactions.php)
Message: Table 'pos_inventory_system_db.transactions' doesn't exist
Stack trace: #0 C:\Users\Asus\Downloads\Website\api\transactions.php(38): mysqli->query('SELECT t.id, t....')
#1 {main}

Error at 2026-03-28 15:32:30
Message: Table 'pos_inventory_system_db.products' doesn't exist
Stack trace: #0 C:\Users\Asus\Downloads\Website\api\products.php(36): mysqli->query('SELECT p.id, p....')
#1 {main}

Error at 2026-03-28 15:32:30 (transactions.php)
Message: Table 'pos_inventory_system_db.transactions' doesn't exist
Stack trace: #0 C:\Users\Asus\Downloads\Website\api\transactions.php(38): mysqli->query('SELECT t.id, t....')
#1 {main}

Error at 2026-03-28 15:32:31
Message: Table 'pos_inventory_system_db.products' doesn't exist
Stack trace: #0 C:\Users\Asus\Downloads\Website\api\products.php(36): mysqli->query('SELECT p.id, p....')
#1 {main}

Error at 2026-03-28 15:32:32 (transactions.php)
Message: Table 'pos_inventory_system_db.transactions' doesn't exist
Stack trace: #0 C:\Users\Asus\Downloads\Website\api\transactions.php(38): mysqli->query('SELECT t.id, t....')
#1 {main}

Error at 2026-03-28 15:32:32
Message: Table 'pos_inventory_system_db.products' doesn't exist
Stack trace: #0 C:\Users\Asus\Downloads\Website\api\products.php(36): mysqli->query('SELECT p.id, p....')
#1 {main}

Error at 2026-03-28 15:32:32 (transactions.php)
Message: Table 'pos_inventory_system_db.transactions' doesn't exist
Stack trace: #0 C:\Users\Asus\Downloads\Website\api\transactions.php(38): mysqli->query('SELECT t.id, t....')
#1 {main}

Error at 2026-03-28 15:32:33
Message: Table 'pos_inventory_system_db.products' doesn't exist
Stack trace: #0 C:\Users\Asus\Downloads\Website\api\products.php(36): mysqli->query('SELECT p.id, p....')
#1 {main}

Error at 2026-03-28 15:32:33 (transactions.php)
Message: Table 'pos_inventory_system_db.transactions' doesn't exist
Stack trace: #0 C:\Users\Asus\Downloads\Website\api\transactions.php(38): mysqli->query('SELECT t.id, t....')
#1 {main}

Error at 2026-03-28 15:32:34
Message: Table 'pos_inventory_system_db.products' doesn't exist
Stack trace: #0 C:\Users\Asus\Downloads\Website\api\products.php(36): mysqli->query('SELECT p.id, p....')
#1 {main}

Error at 2026-03-28 15:32:34 (transactions.php)
Message: Table 'pos_inventory_system_db.transactions' doesn't exist
Stack trace: #0 C:\Users\Asus\Downloads\Website\api\transactions.php(38): mysqli->query('SELECT t.id, t....')
#1 {main}

Error at 2026-03-28 15:32:35
Message: Table 'pos_inventory_system_db.products' doesn't exist
Stack trace: #0 C:\Users\Asus\Downloads\Website\api\products.php(36): mysqli->query('SELECT p.id, p....')
#1 {main}

Error at 2026-03-28 15:32:35 (transactions.php)
Message: Table 'pos_inventory_system_db.transactions' doesn't exist
Stack trace: #0 C:\Users\Asus\Downloads\Website\api\transactions.php(38): mysqli->query('SELECT t.id, t....')
#1 {main}

Error at 2026-03-28 15:32:36
Message: Table 'pos_inventory_system_db.products' doesn't exist
Stack trace: #0 C:\Users\Asus\Downloads\Website\api\products.php(36): mysqli->query('SELECT p.id, p....')
#1 {main}

Error at 2026-03-28 15:32:36 (transactions.php)
Message: Table 'pos_inventory_system_db.transactions' doesn't exist
Stack trace: #0 C:\Users\Asus\Downloads\Website\api\transactions.php(38): mysqli->query('SELECT t.id, t....')
#1 {main}

Error at 2026-03-28 15:32:37
Message: Table 'pos_inventory_system_db.products' doesn't exist
Stack trace: #0 C:\Users\Asus\Downloads\Website\api\products.php(36): mysqli->query('SELECT p.id, p....')
#1 {main}

Error at 2026-03-28 15:32:37 (transactions.php)
Message: Table 'pos_inventory_system_db.transactions' doesn't exist
Stack trace: #0 C:\Users\Asus\Downloads\Website\api\transactions.php(38): mysqli->query('SELECT t.id, t....')
#1 {main}

Error at 2026-03-28 15:32:38
Message: Table 'pos_inventory_system_db.products' doesn't exist
Stack trace: #0 C:\Users\Asus\Downloads\Website\api\products.php(36): mysqli->query('SELECT p.id, p....')
#1 {main}

Error at 2026-03-28 15:32:38 (transactions.php)
Message: Table 'pos_inventory_system_db.transactions' doesn't exist
Stack trace: #0 C:\Users\Asus\Downloads\Website\api\transactions.php(38): mysqli->query('SELECT t.id, t....')
#1 {main}

Error at 2026-03-28 15:32:39
Message: Table 'pos_inventory_system_db.products' doesn't exist
Stack trace: #0 C:\Users\Asus\Downloads\Website\api\products.php(36): mysqli->query('SELECT p.id, p....')
#1 {main}

Error at 2026-03-28 15:32:39
Message: Table 'pos_inventory_system_db.products' doesn't exist
Stack trace: #0 C:\Users\Asus\Downloads\Website\api\products.php(36): mysqli->query('SELECT p.id, p....')
#1 {main}

Error at 2026-03-28 15:32:39 (transactions.php)
Message: Table 'pos_inventory_system_db.transactions' doesn't exist
Stack trace: #0 C:\Users\Asus\Downloads\Website\api\transactions.php(38): mysqli->query('SELECT t.id, t....')
#1 {main}

Error at 2026-03-28 15:32:39 (transactions.php)
Message: Table 'pos_inventory_system_db.transactions' doesn't exist
Stack trace: #0 C:\Users\Asus\Downloads\Website\api\transactions.php(38): mysqli->query('SELECT t.id, t....')
#1 {main}

Error at 2026-03-28 15:32:39
Message: Table 'pos_inventory_system_db.products' doesn't exist
Stack trace: #0 C:\Users\Asus\Downloads\Website\api\products.php(36): mysqli->query('SELECT p.id, p....')
#1 {main}

Error at 2026-03-28 15:32:40 (transactions.php)
Message: Table 'pos_inventory_system_db.transactions' doesn't exist
Stack trace: #0 C:\Users\Asus\Downloads\Website\api\transactions.php(38): mysqli->query('SELECT t.id, t....')
#1 {main}

Error at 2026-03-28 15:32:40
Message: Table 'pos_inventory_system_db.products' doesn't exist
Stack trace: #0 C:\Users\Asus\Downloads\Website\api\products.php(36): mysqli->query('SELECT p.id, p....')
#1 {main}

Error at 2026-03-28 15:32:40 (transactions.php)
Message: Table 'pos_inventory_system_db.transactions' doesn't exist
Stack trace: #0 C:\Users\Asus\Downloads\Website\api\transactions.php(38): mysqli->query('SELECT t.id, t....')
#1 {main}

Error at 2026-03-28 15:32:42
Message: Table 'pos_inventory_system_db.products' doesn't exist
Stack trace: #0 C:\Users\Asus\Downloads\Website\api\products.php(36): mysqli->query('SELECT p.id, p....')
#1 {main}

Error at 2026-03-28 15:32:42 (transactions.php)
Message: Table 'pos_inventory_system_db.transactions' doesn't exist
Stack trace: #0 C:\Users\Asus\Downloads\Website\api\transactions.php(38): mysqli->query('SELECT t.id, t....')
#1 {main}

Error at 2026-03-28 15:32:42
Message: Table 'pos_inventory_system_db.products' doesn't exist
Stack trace: #0 C:\Users\Asus\Downloads\Website\api\products.php(36): mysqli->query('SELECT p.id, p....')
#1 {main}

Error at 2026-03-28 15:32:42 (transactions.php)
Message: Table 'pos_inventory_system_db.transactions' doesn't exist
Stack trace: #0 C:\Users\Asus\Downloads\Website\api\transactions.php(38): mysqli->query('SELECT t.id, t....')
#1 {main}

Error at 2026-03-28 15:32:43
Message: Table 'pos_inventory_system_db.products' doesn't exist
Stack trace: #0 C:\Users\Asus\Downloads\Website\api\products.php(36): mysqli->query('SELECT p.id, p....')
#1 {main}

Error at 2026-03-28 15:32:43 (transactions.php)
Message: Table 'pos_inventory_system_db.transactions' doesn't exist
Stack trace: #0 C:\Users\Asus\Downloads\Website\api\transactions.php(38): mysqli->query('SELECT t.id, t....')
#1 {main}

Error at 2026-03-28 15:32:44
Message: Table 'pos_inventory_system_db.products' doesn't exist
Stack trace: #0 C:\Users\Asus\Downloads\Website\api\products.php(36): mysqli->query('SELECT p.id, p....')
#1 {main}

Error at 2026-03-28 15:32:44 (transactions.php)
Message: Table 'pos_inventory_system_db.transactions' doesn't exist
Stack trace: #0 C:\Users\Asus\Downloads\Website\api\transactions.php(38): mysqli->query('SELECT t.id, t....')
#1 {main}

Error at 2026-03-28 15:32:45
Message: Table 'pos_inventory_system_db.products' doesn't exist
Stack trace: #0 C:\Users\Asus\Downloads\Website\api\products.php(36): mysqli->query('SELECT p.id, p....')
#1 {main}

Error at 2026-03-28 15:32:46 (transactions.php)
Message: Table 'pos_inventory_system_db.transactions' doesn't exist
Stack trace: #0 C:\Users\Asus\Downloads\Website\api\transactions.php(38): mysqli->query('SELECT t.id, t....')
#1 {main}

Error at 2026-03-28 15:32:46
Message: Table 'pos_inventory_system_db.products' doesn't exist
Stack trace: #0 C:\Users\Asus\Downloads\Website\api\products.php(36): mysqli->query('SELECT p.id, p....')
#1 {main}

Error at 2026-03-28 15:32:46 (transactions.php)
Message: Table 'pos_inventory_system_db.transactions' doesn't exist
Stack trace: #0 C:\Users\Asus\Downloads\Website\api\transactions.php(38): mysqli->query('SELECT t.id, t....')
#1 {main}

Error at 2026-03-28 15:32:47
Message: Table 'pos_inventory_system_db.products' doesn't exist
Stack trace: #0 C:\Users\Asus\Downloads\Website\api\products.php(36): mysqli->query('SELECT p.id, p....')
#1 {main}

Error at 2026-03-28 15:32:47 (transactions.php)
Message: Table 'pos_inventory_system_db.transactions' doesn't exist
Stack trace: #0 C:\Users\Asus\Downloads\Website\api\transactions.php(38): mysqli->query('SELECT t.id, t....')
#1 {main}

Error at 2026-03-28 15:32:48
Message: Table 'pos_inventory_system_db.products' doesn't exist
Stack trace: #0 C:\Users\Asus\Downloads\Website\api\products.php(36): mysqli->query('SELECT p.id, p....')
#1 {main}

Error at 2026-03-28 15:32:48 (transactions.php)
Message: Table 'pos_inventory_system_db.transactions' doesn't exist
Stack trace: #0 C:\Users\Asus\Downloads\Website\api\transactions.php(38): mysqli->query('SELECT t.id, t....')
#1 {main}

Error at 2026-03-28 15:32:50
Message: Table 'pos_inventory_system_db.products' doesn't exist
Stack trace: #0 C:\Users\Asus\Downloads\Website\api\products.php(36): mysqli->query('SELECT p.id, p....')
#1 {main}

Error at 2026-03-28 15:32:50 (transactions.php)
Message: Table 'pos_inventory_system_db.transactions' doesn't exist
Stack trace: #0 C:\Users\Asus\Downloads\Website\api\transactions.php(38): mysqli->query('SELECT t.id, t....')
#1 {main}

Error at 2026-03-28 15:32:50
Message: Table 'pos_inventory_system_db.products' doesn't exist
Stack trace: #0 C:\Users\Asus\Downloads\Website\api\products.php(36): mysqli->query('SELECT p.id, p....')
#1 {main}

Error at 2026-03-28 15:32:51 (transactions.php)
Message: Table 'pos_inventory_system_db.transactions' doesn't exist
Stack trace: #0 C:\Users\Asus\Downloads\Website\api\transactions.php(38): mysqli->query('SELECT t.id, t....')
#1 {main}

Error at 2026-03-28 15:32:51
Message: Table 'pos_inventory_system_db.products' doesn't exist
Stack trace: #0 C:\Users\Asus\Downloads\Website\api\products.php(36): mysqli->query('SELECT p.id, p....')
#1 {main}

Error at 2026-03-28 15:32:51 (transactions.php)
Message: Table 'pos_inventory_system_db.transactions' doesn't exist
Stack trace: #0 C:\Users\Asus\Downloads\Website\api\transactions.php(38): mysqli->query('SELECT t.id, t....')
#1 {main}

Error at 2026-03-28 15:32:52
Message: Table 'pos_inventory_system_db.products' doesn't exist
Stack trace: #0 C:\Users\Asus\Downloads\Website\api\products.php(36): mysqli->query('SELECT p.id, p....')
#1 {main}

Error at 2026-03-28 15:32:52 (transactions.php)
Message: Table 'pos_inventory_system_db.transactions' doesn't exist
Stack trace: #0 C:\Users\Asus\Downloads\Website\api\transactions.php(38): mysqli->query('SELECT t.id, t....')
#1 {main}

Error at 2026-03-28 15:32:53
Message: Table 'pos_inventory_system_db.products' doesn't exist
Stack trace: #0 C:\Users\Asus\Downloads\Website\api\products.php(36): mysqli->query('SELECT p.id, p....')
#1 {main}

Error at 2026-03-28 15:32:53 (transactions.php)
Message: Table 'pos_inventory_system_db.transactions' doesn't exist
Stack trace: #0 C:\Users\Asus\Downloads\Website\api\transactions.php(38): mysqli->query('SELECT t.id, t....')
#1 {main}

Error at 2026-03-28 15:32:54
Message: Table 'pos_inventory_system_db.products' doesn't exist
Stack trace: #0 C:\Users\Asus\Downloads\Website\api\products.php(36): mysqli->query('SELECT p.id, p....')
#1 {main}

Error at 2026-03-28 15:32:54 (transactions.php)
Message: Table 'pos_inventory_system_db.transactions' doesn't exist
Stack trace: #0 C:\Users\Asus\Downloads\Website\api\transactions.php(38): mysqli->query('SELECT t.id, t....')
#1 {main}

Error at 2026-03-28 15:32:55
Message: Table 'pos_inventory_system_db.products' doesn't exist
Stack trace: #0 C:\Users\Asus\Downloads\Website\api\products.php(36): mysqli->query('SELECT p.id, p....')
#1 {main}

Error at 2026-03-28 15:32:56 (transactions.php)
Message: Table 'pos_inventory_system_db.transactions' doesn't exist
Stack trace: #0 C:\Users\Asus\Downloads\Website\api\transactions.php(38): mysqli->query('SELECT t.id, t....')
#1 {main}

Error at 2026-03-28 15:32:56
Message: Table 'pos_inventory_system_db.products' doesn't exist
Stack trace: #0 C:\Users\Asus\Downloads\Website\api\products.php(36): mysqli->query('SELECT p.id, p....')
#1 {main}

Error at 2026-03-28 15:32:57 (transactions.php)
Message: Table 'pos_inventory_system_db.transactions' doesn't exist
Stack trace: #0 C:\Users\Asus\Downloads\Website\api\transactions.php(38): mysqli->query('SELECT t.id, t....')
#1 {main}

Error at 2026-03-28 15:32:57
Message: Table 'pos_inventory_system_db.products' doesn't exist
Stack trace: #0 C:\Users\Asus\Downloads\Website\api\products.php(36): mysqli->query('SELECT p.id, p....')
#1 {main}

Error at 2026-03-28 15:32:57 (transactions.php)
Message: Table 'pos_inventory_system_db.transactions' doesn't exist
Stack trace: #0 C:\Users\Asus\Downloads\Website\api\transactions.php(38): mysqli->query('SELECT t.id, t....')
#1 {main}

Error at 2026-03-28 15:32:58
Message: Table 'pos_inventory_system_db.products' doesn't exist
Stack trace: #0 C:\Users\Asus\Downloads\Website\api\products.php(36): mysqli->query('SELECT p.id, p....')
#1 {main}

Error at 2026-03-28 15:32:58 (transactions.php)
Message: Table 'pos_inventory_system_db.transactions' doesn't exist
Stack trace: #0 C:\Users\Asus\Downloads\Website\api\transactions.php(38): mysqli->query('SELECT t.id, t....')
#1 {main}

Error at 2026-03-28 15:32:59
Message: Table 'pos_inventory_system_db.products' doesn't exist
Stack trace: #0 C:\Users\Asus\Downloads\Website\api\products.php(36): mysqli->query('SELECT p.id, p....')
#1 {main}

Error at 2026-03-28 15:32:59 (transactions.php)
Message: Table 'pos_inventory_system_db.transactions' doesn't exist
Stack trace: #0 C:\Users\Asus\Downloads\Website\api\transactions.php(38): mysqli->query('SELECT t.id, t....')
#1 {main}

Error at 2026-03-28 15:33:00
Message: Table 'pos_inventory_system_db.products' doesn't exist
Stack trace: #0 C:\Users\Asus\Downloads\Website\api\products.php(36): mysqli->query('SELECT p.id, p....')
#1 {main}

Error at 2026-03-28 15:33:00 (transactions.php)
Message: Table 'pos_inventory_system_db.transactions' doesn't exist
Stack trace: #0 C:\Users\Asus\Downloads\Website\api\transactions.php(38): mysqli->query('SELECT t.id, t....')
#1 {main}

Error at 2026-03-28 15:33:01
Message: Table 'pos_inventory_system_db.products' doesn't exist
Stack trace: #0 C:\Users\Asus\Downloads\Website\api\products.php(36): mysqli->query('SELECT p.id, p....')
#1 {main}

Error at 2026-03-28 15:33:02 (transactions.php)
Message: Table 'pos_inventory_system_db.transactions' doesn't exist
Stack trace: #0 C:\Users\Asus\Downloads\Website\api\transactions.php(38): mysqli->query('SELECT t.id, t....')
#1 {main}

Error at 2026-03-28 15:33:02
Message: Table 'pos_inventory_system_db.products' doesn't exist
Stack trace: #0 C:\Users\Asus\Downloads\Website\api\products.php(36): mysqli->query('SELECT p.id, p....')
#1 {main}

Error at 2026-03-28 15:33:02 (transactions.php)
Message: Table 'pos_inventory_system_db.transactions' doesn't exist
Stack trace: #0 C:\Users\Asus\Downloads\Website\api\transactions.php(38): mysqli->query('SELECT t.id, t....')
#1 {main}

Error at 2026-03-28 15:33:03
Message: Table 'pos_inventory_system_db.products' doesn't exist
Stack trace: #0 C:\Users\Asus\Downloads\Website\api\products.php(36): mysqli->query('SELECT p.id, p....')
#1 {main}

Error at 2026-03-28 15:33:03 (transactions.php)
Message: Table 'pos_inventory_system_db.transactions' doesn't exist
Stack trace: #0 C:\Users\Asus\Downloads\Website\api\transactions.php(38): mysqli->query('SELECT t.id, t....')
#1 {main}

Error at 2026-03-28 15:33:04
Message: Table 'pos_inventory_system_db.products' doesn't exist
Stack trace: #0 C:\Users\Asus\Downloads\Website\api\products.php(36): mysqli->query('SELECT p.id, p....')
#1 {main}

Error at 2026-03-28 15:33:04 (transactions.php)
Message: Table 'pos_inventory_system_db.transactions' doesn't exist
Stack trace: #0 C:\Users\Asus\Downloads\Website\api\transactions.php(38): mysqli->query('SELECT t.id, t....')
#1 {main}

Error at 2026-03-28 15:33:05
Message: Table 'pos_inventory_system_db.products' doesn't exist
Stack trace: #0 C:\Users\Asus\Downloads\Website\api\products.php(36): mysqli->query('SELECT p.id, p....')
#1 {main}

Error at 2026-03-28 15:33:06 (transactions.php)
Message: Table 'pos_inventory_system_db.transactions' doesn't exist
Stack trace: #0 C:\Users\Asus\Downloads\Website\api\transactions.php(38): mysqli->query('SELECT t.id, t....')
#1 {main}

Error at 2026-03-28 15:33:06
Message: Table 'pos_inventory_system_db.products' doesn't exist
Stack trace: #0 C:\Users\Asus\Downloads\Website\api\products.php(36): mysqli->query('SELECT p.id, p....')
#1 {main}

Error at 2026-03-28 15:33:06 (transactions.php)
Message: Table 'pos_inventory_system_db.transactions' doesn't exist
Stack trace: #0 C:\Users\Asus\Downloads\Website\api\transactions.php(38): mysqli->query('SELECT t.id, t....')
#1 {main}

Error at 2026-03-28 15:33:08
Message: Table 'pos_inventory_system_db.products' doesn't exist
Stack trace: #0 C:\Users\Asus\Downloads\Website\api\products.php(36): mysqli->query('SELECT p.id, p....')
#1 {main}

Error at 2026-03-28 15:33:08 (transactions.php)
Message: Table 'pos_inventory_system_db.transactions' doesn't exist
Stack trace: #0 C:\Users\Asus\Downloads\Website\api\transactions.php(38): mysqli->query('SELECT t.id, t....')
#1 {main}

Error at 2026-03-28 15:33:08
Message: Table 'pos_inventory_system_db.products' doesn't exist
Stack trace: #0 C:\Users\Asus\Downloads\Website\api\products.php(36): mysqli->query('SELECT p.id, p....')
#1 {main}

Error at 2026-03-28 15:33:09 (transactions.php)
Message: Table 'pos_inventory_system_db.transactions' doesn't exist
Stack trace: #0 C:\Users\Asus\Downloads\Website\api\transactions.php(38): mysqli->query('SELECT t.id, t....')
#1 {main}

Error at 2026-03-28 15:33:09
Message: Table 'pos_inventory_system_db.products' doesn't exist
Stack trace: #0 C:\Users\Asus\Downloads\Website\api\products.php(36): mysqli->query('SELECT p.id, p....')
#1 {main}

Error at 2026-03-28 15:33:10 (transactions.php)
Message: Table 'pos_inventory_system_db.transactions' doesn't exist
Stack trace: #0 C:\Users\Asus\Downloads\Website\api\transactions.php(38): mysqli->query('SELECT t.id, t....')
#1 {main}

Error at 2026-03-28 15:33:10
Message: Table 'pos_inventory_system_db.products' doesn't exist
Stack trace: #0 C:\Users\Asus\Downloads\Website\api\products.php(36): mysqli->query('SELECT p.id, p....')
#1 {main}

Error at 2026-03-28 15:33:10 (transactions.php)
Message: Table 'pos_inventory_system_db.transactions' doesn't exist
Stack trace: #0 C:\Users\Asus\Downloads\Website\api\transactions.php(38): mysqli->query('SELECT t.id, t....')
#1 {main}

Error at 2026-03-28 15:33:12
Message: Table 'pos_inventory_system_db.products' doesn't exist
Stack trace: #0 C:\Users\Asus\Downloads\Website\api\products.php(36): mysqli->query('SELECT p.id, p....')
#1 {main}

Error at 2026-03-28 15:33:12 (transactions.php)
Message: Table 'pos_inventory_system_db.transactions' doesn't exist
Stack trace: #0 C:\Users\Asus\Downloads\Website\api\transactions.php(38): mysqli->query('SELECT t.id, t....')
#1 {main}

Error at 2026-03-28 15:33:12
Message: Table 'pos_inventory_system_db.products' doesn't exist
Stack trace: #0 C:\Users\Asus\Downloads\Website\api\products.php(36): mysqli->query('SELECT p.id, p....')
#1 {main}

Error at 2026-03-28 15:33:12 (transactions.php)
Message: Table 'pos_inventory_system_db.transactions' doesn't exist
Stack trace: #0 C:\Users\Asus\Downloads\Website\api\transactions.php(38): mysqli->query('SELECT t.id, t....')
#1 {main}

Error at 2026-03-28 15:33:13
Message: Table 'pos_inventory_system_db.products' doesn't exist
Stack trace: #0 C:\Users\Asus\Downloads\Website\api\products.php(36): mysqli->query('SELECT p.id, p....')
#1 {main}

Error at 2026-03-28 15:33:14 (transactions.php)
Message: Table 'pos_inventory_system_db.transactions' doesn't exist
Stack trace: #0 C:\Users\Asus\Downloads\Website\api\transactions.php(38): mysqli->query('SELECT t.id, t....')
#1 {main}

Error at 2026-03-28 15:33:14
Message: Table 'pos_inventory_system_db.products' doesn't exist
Stack trace: #0 C:\Users\Asus\Downloads\Website\api\products.php(36): mysqli->query('SELECT p.id, p....')
#1 {main}

Error at 2026-03-28 15:33:14 (transactions.php)
Message: Table 'pos_inventory_system_db.transactions' doesn't exist
Stack trace: #0 C:\Users\Asus\Downloads\Website\api\transactions.php(38): mysqli->query('SELECT t.id, t....')
#1 {main}

Error at 2026-03-28 15:33:15
Message: Table 'pos_inventory_system_db.products' doesn't exist
Stack trace: #0 C:\Users\Asus\Downloads\Website\api\products.php(36): mysqli->query('SELECT p.id, p....')
#1 {main}

Error at 2026-03-28 15:33:15 (transactions.php)
Message: Table 'pos_inventory_system_db.transactions' doesn't exist
Stack trace: #0 C:\Users\Asus\Downloads\Website\api\transactions.php(38): mysqli->query('SELECT t.id, t....')
#1 {main}

Error at 2026-03-28 15:33:16
Message: Table 'pos_inventory_system_db.products' doesn't exist
Stack trace: #0 C:\Users\Asus\Downloads\Website\api\products.php(36): mysqli->query('SELECT p.id, p....')
#1 {main}

Error at 2026-03-28 15:33:16 (transactions.php)
Message: Table 'pos_inventory_system_db.transactions' doesn't exist
Stack trace: #0 C:\Users\Asus\Downloads\Website\api\transactions.php(38): mysqli->query('SELECT t.id, t....')
#1 {main}

Error at 2026-03-28 15:33:18
Message: Table 'pos_inventory_system_db.products' doesn't exist
Stack trace: #0 C:\Users\Asus\Downloads\Website\api\products.php(36): mysqli->query('SELECT p.id, p....')
#1 {main}

Error at 2026-03-28 15:33:18 (transactions.php)
Message: Table 'pos_inventory_system_db.transactions' doesn't exist
Stack trace: #0 C:\Users\Asus\Downloads\Website\api\transactions.php(38): mysqli->query('SELECT t.id, t....')
#1 {main}

Error at 2026-03-28 15:33:18
Message: Table 'pos_inventory_system_db.products' doesn't exist
Stack trace: #0 C:\Users\Asus\Downloads\Website\api\products.php(36): mysqli->query('SELECT p.id, p....')
#1 {main}

Error at 2026-03-28 15:33:19 (transactions.php)
Message: Table 'pos_inventory_system_db.transactions' doesn't exist
Stack trace: #0 C:\Users\Asus\Downloads\Website\api\transactions.php(38): mysqli->query('SELECT t.id, t....')
#1 {main}

Error at 2026-03-28 15:33:19
Message: Table 'pos_inventory_system_db.products' doesn't exist
Stack trace: #0 C:\Users\Asus\Downloads\Website\api\products.php(36): mysqli->query('SELECT p.id, p....')
#1 {main}

Error at 2026-03-28 15:33:19 (transactions.php)
Message: Table 'pos_inventory_system_db.transactions' doesn't exist
Stack trace: #0 C:\Users\Asus\Downloads\Website\api\transactions.php(38): mysqli->query('SELECT t.id, t....')
#1 {main}

Error at 2026-03-28 15:33:20
Message: Table 'pos_inventory_system_db.products' doesn't exist
Stack trace: #0 C:\Users\Asus\Downloads\Website\api\products.php(36): mysqli->query('SELECT p.id, p....')
#1 {main}

Error at 2026-03-28 15:33:20 (transactions.php)
Message: Table 'pos_inventory_system_db.transactions' doesn't exist
Stack trace: #0 C:\Users\Asus\Downloads\Website\api\transactions.php(38): mysqli->query('SELECT t.id, t....')
#1 {main}

Error at 2026-03-28 15:33:21
Message: Table 'pos_inventory_system_db.products' doesn't exist
Stack trace: #0 C:\Users\Asus\Downloads\Website\api\products.php(36): mysqli->query('SELECT p.id, p....')
#1 {main}

Error at 2026-03-28 15:33:21 (transactions.php)
Message: Table 'pos_inventory_system_db.transactions' doesn't exist
Stack trace: #0 C:\Users\Asus\Downloads\Website\api\transactions.php(38): mysqli->query('SELECT t.id, t....')
#1 {main}

Error at 2026-03-28 15:33:22
Message: Table 'pos_inventory_system_db.products' doesn't exist
Stack trace: #0 C:\Users\Asus\Downloads\Website\api\products.php(36): mysqli->query('SELECT p.id, p....')
#1 {main}

Error at 2026-03-28 15:33:22 (transactions.php)
Message: Table 'pos_inventory_system_db.transactions' doesn't exist
Stack trace: #0 C:\Users\Asus\Downloads\Website\api\transactions.php(38): mysqli->query('SELECT t.id, t....')
#1 {main}

Error at 2026-03-28 15:33:23
Message: Table 'pos_inventory_system_db.products' doesn't exist
Stack trace: #0 C:\Users\Asus\Downloads\Website\api\products.php(36): mysqli->query('SELECT p.id, p....')
#1 {main}

Error at 2026-03-28 15:33:23 (transactions.php)
Message: Table 'pos_inventory_system_db.transactions' doesn't exist
Stack trace: #0 C:\Users\Asus\Downloads\Website\api\transactions.php(38): mysqli->query('SELECT t.id, t....')
#1 {main}

Error at 2026-03-28 15:33:24
Message: Table 'pos_inventory_system_db.products' doesn't exist
Stack trace: #0 C:\Users\Asus\Downloads\Website\api\products.php(36): mysqli->query('SELECT p.id, p....')
#1 {main}

Error at 2026-03-28 15:33:24 (transactions.php)
Message: Table 'pos_inventory_system_db.transactions' doesn't exist
Stack trace: #0 C:\Users\Asus\Downloads\Website\api\transactions.php(38): mysqli->query('SELECT t.id, t....')
#1 {main}

Error at 2026-03-28 15:33:25
Message: Table 'pos_inventory_system_db.products' doesn't exist
Stack trace: #0 C:\Users\Asus\Downloads\Website\api\products.php(36): mysqli->query('SELECT p.id, p....')
#1 {main}

Error at 2026-03-28 15:33:26 (transactions.php)
Message: Table 'pos_inventory_system_db.transactions' doesn't exist
Stack trace: #0 C:\Users\Asus\Downloads\Website\api\transactions.php(38): mysqli->query('SELECT t.id, t....')
#1 {main}

Error at 2026-03-28 15:33:26
Message: Table 'pos_inventory_system_db.products' doesn't exist
Stack trace: #0 C:\Users\Asus\Downloads\Website\api\products.php(36): mysqli->query('SELECT p.id, p....')
#1 {main}

Error at 2026-03-28 15:33:26 (transactions.php)
Message: Table 'pos_inventory_system_db.transactions' doesn't exist
Stack trace: #0 C:\Users\Asus\Downloads\Website\api\transactions.php(38): mysqli->query('SELECT t.id, t....')
#1 {main}

Error at 2026-03-28 15:33:28
Message: Table 'pos_inventory_system_db.products' doesn't exist
Stack trace: #0 C:\Users\Asus\Downloads\Website\api\products.php(36): mysqli->query('SELECT p.id, p....')
#1 {main}

Error at 2026-03-28 15:33:28 (transactions.php)
Message: Table 'pos_inventory_system_db.transactions' doesn't exist
Stack trace: #0 C:\Users\Asus\Downloads\Website\api\transactions.php(38): mysqli->query('SELECT t.id, t....')
#1 {main}

Error at 2026-03-28 15:33:28
Message: Table 'pos_inventory_system_db.products' doesn't exist
Stack trace: #0 C:\Users\Asus\Downloads\Website\api\products.php(36): mysqli->query('SELECT p.id, p....')
#1 {main}

Error at 2026-03-28 15:33:28 (transactions.php)
Message: Table 'pos_inventory_system_db.transactions' doesn't exist
Stack trace: #0 C:\Users\Asus\Downloads\Website\api\transactions.php(38): mysqli->query('SELECT t.id, t....')
#1 {main}

Error at 2026-03-28 15:33:29
Message: Table 'pos_inventory_system_db.products' doesn't exist
Stack trace: #0 C:\Users\Asus\Downloads\Website\api\products.php(36): mysqli->query('SELECT p.id, p....')
#1 {main}

Error at 2026-03-28 15:33:29 (transactions.php)
Message: Table 'pos_inventory_system_db.transactions' doesn't exist
Stack trace: #0 C:\Users\Asus\Downloads\Website\api\transactions.php(38): mysqli->query('SELECT t.id, t....')
#1 {main}

Error at 2026-03-28 15:33:30
Message: Table 'pos_inventory_system_db.products' doesn't exist
Stack trace: #0 C:\Users\Asus\Downloads\Website\api\products.php(36): mysqli->query('SELECT p.id, p....')
#1 {main}

Error at 2026-03-28 15:33:30 (transactions.php)
Message: Table 'pos_inventory_system_db.transactions' doesn't exist
Stack trace: #0 C:\Users\Asus\Downloads\Website\api\transactions.php(38): mysqli->query('SELECT t.id, t....')
#1 {main}

Error at 2026-03-28 15:33:31
Message: Table 'pos_inventory_system_db.products' doesn't exist
Stack trace: #0 C:\Users\Asus\Downloads\Website\api\products.php(36): mysqli->query('SELECT p.id, p....')
#1 {main}

Error at 2026-03-28 15:33:32 (transactions.php)
Message: Table 'pos_inventory_system_db.transactions' doesn't exist
Stack trace: #0 C:\Users\Asus\Downloads\Website\api\transactions.php(38): mysqli->query('SELECT t.id, t....')
#1 {main}

Error at 2026-03-28 15:33:32
Message: Table 'pos_inventory_system_db.products' doesn't exist
Stack trace: #0 C:\Users\Asus\Downloads\Website\api\products.php(36): mysqli->query('SELECT p.id, p....')
#1 {main}

Error at 2026-03-28 15:33:32 (transactions.php)
Message: Table 'pos_inventory_system_db.transactions' doesn't exist
Stack trace: #0 C:\Users\Asus\Downloads\Website\api\transactions.php(38): mysqli->query('SELECT t.id, t....')
#1 {main}

Error at 2026-03-28 15:33:33
Message: Table 'pos_inventory_system_db.products' doesn't exist
Stack trace: #0 C:\Users\Asus\Downloads\Website\api\products.php(36): mysqli->query('SELECT p.id, p....')
#1 {main}

Error at 2026-03-28 15:33:33 (transactions.php)
Message: Table 'pos_inventory_system_db.transactions' doesn't exist
Stack trace: #0 C:\Users\Asus\Downloads\Website\api\transactions.php(38): mysqli->query('SELECT t.id, t....')
#1 {main}

Error at 2026-03-28 15:33:34
Message: Table 'pos_inventory_system_db.products' doesn't exist
Stack trace: #0 C:\Users\Asus\Downloads\Website\api\products.php(36): mysqli->query('SELECT p.id, p....')
#1 {main}

Error at 2026-03-28 15:33:34 (transactions.php)
Message: Table 'pos_inventory_system_db.transactions' doesn't exist
Stack trace: #0 C:\Users\Asus\Downloads\Website\api\transactions.php(38): mysqli->query('SELECT t.id, t....')
#1 {main}

Error at 2026-03-28 15:33:35
Message: Table 'pos_inventory_system_db.products' doesn't exist
Stack trace: #0 C:\Users\Asus\Downloads\Website\api\products.php(36): mysqli->query('SELECT p.id, p....')
#1 {main}

Error at 2026-03-28 15:33:35 (transactions.php)
Message: Table 'pos_inventory_system_db.transactions' doesn't exist
Stack trace: #0 C:\Users\Asus\Downloads\Website\api\transactions.php(38): mysqli->query('SELECT t.id, t....')
#1 {main}

Error at 2026-03-28 15:33:36
Message: Table 'pos_inventory_system_db.products' doesn't exist
Stack trace: #0 C:\Users\Asus\Downloads\Website\api\products.php(36): mysqli->query('SELECT p.id, p....')
#1 {main}

Error at 2026-03-28 15:33:36 (transactions.php)
Message: Table 'pos_inventory_system_db.transactions' doesn't exist
Stack trace: #0 C:\Users\Asus\Downloads\Website\api\transactions.php(38): mysqli->query('SELECT t.id, t....')
#1 {main}

Error at 2026-03-28 15:33:37
Message: Table 'pos_inventory_system_db.products' doesn't exist
Stack trace: #0 C:\Users\Asus\Downloads\Website\api\products.php(36): mysqli->query('SELECT p.id, p....')
#1 {main}

Error at 2026-03-28 15:33:37 (transactions.php)
Message: Table 'pos_inventory_system_db.transactions' doesn't exist
Stack trace: #0 C:\Users\Asus\Downloads\Website\api\transactions.php(38): mysqli->query('SELECT t.id, t....')
#1 {main}

Error at 2026-03-28 15:33:38
Message: Table 'pos_inventory_system_db.products' doesn't exist
Stack trace: #0 C:\Users\Asus\Downloads\Website\api\products.php(36): mysqli->query('SELECT p.id, p....')
#1 {main}

Error at 2026-03-28 15:33:38 (transactions.php)
Message: Table 'pos_inventory_system_db.transactions' doesn't exist
Stack trace: #0 C:\Users\Asus\Downloads\Website\api\transactions.php(38): mysqli->query('SELECT t.id, t....')
#1 {main}

Error at 2026-03-28 15:33:39
Message: Table 'pos_inventory_system_db.products' doesn't exist
Stack trace: #0 C:\Users\Asus\Downloads\Website\api\products.php(36): mysqli->query('SELECT p.id, p....')
#1 {main}

Error at 2026-03-28 15:33:39 (transactions.php)
Message: Table 'pos_inventory_system_db.transactions' doesn't exist
Stack trace: #0 C:\Users\Asus\Downloads\Website\api\transactions.php(38): mysqli->query('SELECT t.id, t....')
#1 {main}

Error at 2026-03-28 15:33:39
Message: Table 'pos_inventory_system_db.products' doesn't exist
Stack trace: #0 C:\Users\Asus\Downloads\Website\api\products.php(36): mysqli->query('SELECT p.id, p....')
#1 {main}

Error at 2026-03-28 15:33:39 (transactions.php)
Message: Table 'pos_inventory_system_db.transactions' doesn't exist
Stack trace: #0 C:\Users\Asus\Downloads\Website\api\transactions.php(38): mysqli->query('SELECT t.id, t....')
#1 {main}

Error at 2026-03-28 15:33:39
Message: Table 'pos_inventory_system_db.products' doesn't exist
Stack trace: #0 C:\Users\Asus\Downloads\Website\api\products.php(36): mysqli->query('SELECT p.id, p....')
#1 {main}

Error at 2026-03-28 15:33:40 (transactions.php)
Message: Table 'pos_inventory_system_db.transactions' doesn't exist
Stack trace: #0 C:\Users\Asus\Downloads\Website\api\transactions.php(38): mysqli->query('SELECT t.id, t....')
#1 {main}

Error at 2026-03-28 15:33:40
Message: Table 'pos_inventory_system_db.products' doesn't exist
Stack trace: #0 C:\Users\Asus\Downloads\Website\api\products.php(36): mysqli->query('SELECT p.id, p....')
#1 {main}

Error at 2026-03-28 15:33:40 (transactions.php)
Message: Table 'pos_inventory_system_db.transactions' doesn't exist
Stack trace: #0 C:\Users\Asus\Downloads\Website\api\transactions.php(38): mysqli->query('SELECT t.id, t....')
#1 {main}

Error at 2026-03-28 15:33:41
Message: Table 'pos_inventory_system_db.products' doesn't exist
Stack trace: #0 C:\Users\Asus\Downloads\Website\api\products.php(36): mysqli->query('SELECT p.id, p....')
#1 {main}

Error at 2026-03-28 15:33:41 (transactions.php)
Message: Table 'pos_inventory_system_db.transactions' doesn't exist
Stack trace: #0 C:\Users\Asus\Downloads\Website\api\transactions.php(38): mysqli->query('SELECT t.id, t....')
#1 {main}

Error at 2026-03-28 15:33:41
Message: Table 'pos_inventory_system_db.products' doesn't exist
Stack trace: #0 C:\Users\Asus\Downloads\Website\api\products.php(36): mysqli->query('SELECT p.id, p....')
#1 {main}

Error at 2026-03-28 15:33:41 (transactions.php)
Message: Table 'pos_inventory_system_db.transactions' doesn't exist
Stack trace: #0 C:\Users\Asus\Downloads\Website\api\transactions.php(38): mysqli->query('SELECT t.id, t....')
#1 {main}

Error at 2026-03-28 15:33:41
Message: Table 'pos_inventory_system_db.products' doesn't exist
Stack trace: #0 C:\Users\Asus\Downloads\Website\api\products.php(36): mysqli->query('SELECT p.id, p....')
#1 {main}

Error at 2026-03-28 15:33:41 (transactions.php)
Message: Table 'pos_inventory_system_db.transactions' doesn't exist
Stack trace: #0 C:\Users\Asus\Downloads\Website\api\transactions.php(38): mysqli->query('SELECT t.id, t....')
#1 {main}

Error at 2026-03-28 15:33:42
Message: Table 'pos_inventory_system_db.products' doesn't exist
Stack trace: #0 C:\Users\Asus\Downloads\Website\api\products.php(36): mysqli->query('SELECT p.id, p....')
#1 {main}

Error at 2026-03-28 15:33:42 (transactions.php)
Message: Table 'pos_inventory_system_db.transactions' doesn't exist
Stack trace: #0 C:\Users\Asus\Downloads\Website\api\transactions.php(38): mysqli->query('SELECT t.id, t....')
#1 {main}

Error at 2026-03-28 15:33:42
Message: Table 'pos_inventory_system_db.products' doesn't exist
Stack trace: #0 C:\Users\Asus\Downloads\Website\api\products.php(36): mysqli->query('SELECT p.id, p....')
#1 {main}

Error at 2026-03-28 15:33:42 (transactions.php)
Message: Table 'pos_inventory_system_db.transactions' doesn't exist
Stack trace: #0 C:\Users\Asus\Downloads\Website\api\transactions.php(38): mysqli->query('SELECT t.id, t....')
#1 {main}

Error at 2026-03-28 15:33:43
Message: Table 'pos_inventory_system_db.products' doesn't exist
Stack trace: #0 C:\Users\Asus\Downloads\Website\api\products.php(36): mysqli->query('SELECT p.id, p....')
#1 {main}

Error at 2026-03-28 15:33:43 (transactions.php)
Message: Table 'pos_inventory_system_db.transactions' doesn't exist
Stack trace: #0 C:\Users\Asus\Downloads\Website\api\transactions.php(38): mysqli->query('SELECT t.id, t....')
#1 {main}

Error at 2026-03-28 15:33:43
Message: Table 'pos_inventory_system_db.products' doesn't exist
Stack trace: #0 C:\Users\Asus\Downloads\Website\api\products.php(36): mysqli->query('SELECT p.id, p....')
#1 {main}

Error at 2026-03-28 15:33:43 (transactions.php)
Message: Table 'pos_inventory_system_db.transactions' doesn't exist
Stack trace: #0 C:\Users\Asus\Downloads\Website\api\transactions.php(38): mysqli->query('SELECT t.id, t....')
#1 {main}

Error at 2026-03-28 15:33:44
Message: Table 'pos_inventory_system_db.products' doesn't exist
Stack trace: #0 C:\Users\Asus\Downloads\Website\api\products.php(36): mysqli->query('SELECT p.id, p....')
#1 {main}

Error at 2026-03-28 15:33:44 (transactions.php)
Message: Table 'pos_inventory_system_db.transactions' doesn't exist
Stack trace: #0 C:\Users\Asus\Downloads\Website\api\transactions.php(38): mysqli->query('SELECT t.id, t....')
#1 {main}

Error at 2026-03-28 15:33:44
Message: Table 'pos_inventory_system_db.products' doesn't exist
Stack trace: #0 C:\Users\Asus\Downloads\Website\api\products.php(36): mysqli->query('SELECT p.id, p....')
#1 {main}

Error at 2026-03-28 15:33:44 (transactions.php)
Message: Table 'pos_inventory_system_db.transactions' doesn't exist
Stack trace: #0 C:\Users\Asus\Downloads\Website\api\transactions.php(38): mysqli->query('SELECT t.id, t....')
#1 {main}

Error at 2026-03-28 15:33:45
Message: Table 'pos_inventory_system_db.products' doesn't exist
Stack trace: #0 C:\Users\Asus\Downloads\Website\api\products.php(36): mysqli->query('SELECT p.id, p....')
#1 {main}

Error at 2026-03-28 15:33:45 (transactions.php)
Message: Table 'pos_inventory_system_db.transactions' doesn't exist
Stack trace: #0 C:\Users\Asus\Downloads\Website\api\transactions.php(38): mysqli->query('SELECT t.id, t....')
#1 {main}

Error at 2026-03-28 15:33:45
Message: Table 'pos_inventory_system_db.products' doesn't exist
Stack trace: #0 C:\Users\Asus\Downloads\Website\api\products.php(36): mysqli->query('SELECT p.id, p....')
#1 {main}

Error at 2026-03-28 15:33:45 (transactions.php)
Message: Table 'pos_inventory_system_db.transactions' doesn't exist
Stack trace: #0 C:\Users\Asus\Downloads\Website\api\transactions.php(38): mysqli->query('SELECT t.id, t....')
#1 {main}

Error at 2026-03-28 15:33:46
Message: Table 'pos_inventory_system_db.products' doesn't exist
Stack trace: #0 C:\Users\Asus\Downloads\Website\api\products.php(36): mysqli->query('SELECT p.id, p....')
#1 {main}

Error at 2026-03-28 15:33:46 (transactions.php)
Message: Table 'pos_inventory_system_db.transactions' doesn't exist
Stack trace: #0 C:\Users\Asus\Downloads\Website\api\transactions.php(38): mysqli->query('SELECT t.id, t....')
#1 {main}

Error at 2026-03-28 15:33:46
Message: Table 'pos_inventory_system_db.products' doesn't exist
Stack trace: #0 C:\Users\Asus\Downloads\Website\api\products.php(36): mysqli->query('SELECT p.id, p....')
#1 {main}

Error at 2026-03-28 15:33:46 (transactions.php)
Message: Table 'pos_inventory_system_db.transactions' doesn't exist
Stack trace: #0 C:\Users\Asus\Downloads\Website\api\transactions.php(38): mysqli->query('SELECT t.id, t....')
#1 {main}

Error at 2026-03-28 15:33:47
Message: Table 'pos_inventory_system_db.products' doesn't exist
Stack trace: #0 C:\Users\Asus\Downloads\Website\api\products.php(36): mysqli->query('SELECT p.id, p....')
#1 {main}

Error at 2026-03-28 15:33:47 (transactions.php)
Message: Table 'pos_inventory_system_db.transactions' doesn't exist
Stack trace: #0 C:\Users\Asus\Downloads\Website\api\transactions.php(38): mysqli->query('SELECT t.id, t....')
#1 {main}

Error at 2026-03-28 15:33:47
Message: Table 'pos_inventory_system_db.products' doesn't exist
Stack trace: #0 C:\Users\Asus\Downloads\Website\api\products.php(36): mysqli->query('SELECT p.id, p....')
#1 {main}

Error at 2026-03-28 15:33:47 (transactions.php)
Message: Table 'pos_inventory_system_db.transactions' doesn't exist
Stack trace: #0 C:\Users\Asus\Downloads\Website\api\transactions.php(38): mysqli->query('SELECT t.id, t....')
#1 {main}

Error at 2026-03-28 15:33:48
Message: Table 'pos_inventory_system_db.products' doesn't exist
Stack trace: #0 C:\Users\Asus\Downloads\Website\api\products.php(36): mysqli->query('SELECT p.id, p....')
#1 {main}

Error at 2026-03-28 15:33:48 (transactions.php)
Message: Table 'pos_inventory_system_db.transactions' doesn't exist
Stack trace: #0 C:\Users\Asus\Downloads\Website\api\transactions.php(38): mysqli->query('SELECT t.id, t....')
#1 {main}

Error at 2026-03-28 15:33:48
Message: Table 'pos_inventory_system_db.products' doesn't exist
Stack trace: #0 C:\Users\Asus\Downloads\Website\api\products.php(36): mysqli->query('SELECT p.id, p....')
#1 {main}

Error at 2026-03-28 15:33:48 (transactions.php)
Message: Table 'pos_inventory_system_db.transactions' doesn't exist
Stack trace: #0 C:\Users\Asus\Downloads\Website\api\transactions.php(38): mysqli->query('SELECT t.id, t....')
#1 {main}

Error at 2026-03-28 15:33:49
Message: Table 'pos_inventory_system_db.products' doesn't exist
Stack trace: #0 C:\Users\Asus\Downloads\Website\api\products.php(36): mysqli->query('SELECT p.id, p....')
#1 {main}

Error at 2026-03-28 15:33:49 (transactions.php)
Message: Table 'pos_inventory_system_db.transactions' doesn't exist
Stack trace: #0 C:\Users\Asus\Downloads\Website\api\transactions.php(38): mysqli->query('SELECT t.id, t....')
#1 {main}

Error at 2026-03-28 15:33:49
Message: Table 'pos_inventory_system_db.products' doesn't exist
Stack trace: #0 C:\Users\Asus\Downloads\Website\api\products.php(36): mysqli->query('SELECT p.id, p....')
#1 {main}

Error at 2026-03-28 15:33:49 (transactions.php)
Message: Table 'pos_inventory_system_db.transactions' doesn't exist
Stack trace: #0 C:\Users\Asus\Downloads\Website\api\transactions.php(38): mysqli->query('SELECT t.id, t....')
#1 {main}

Error at 2026-03-28 15:33:50
Message: Table 'pos_inventory_system_db.products' doesn't exist
Stack trace: #0 C:\Users\Asus\Downloads\Website\api\products.php(36): mysqli->query('SELECT p.id, p....')
#1 {main}

Error at 2026-03-28 15:33:50 (transactions.php)
Message: Table 'pos_inventory_system_db.transactions' doesn't exist
Stack trace: #0 C:\Users\Asus\Downloads\Website\api\transactions.php(38): mysqli->query('SELECT t.id, t....')
#1 {main}

Error at 2026-03-28 15:33:50
Message: Table 'pos_inventory_system_db.products' doesn't exist
Stack trace: #0 C:\Users\Asus\Downloads\Website\api\products.php(36): mysqli->query('SELECT p.id, p....')
#1 {main}

Error at 2026-03-28 15:33:51 (transactions.php)
Message: Table 'pos_inventory_system_db.transactions' doesn't exist
Stack trace: #0 C:\Users\Asus\Downloads\Website\api\transactions.php(38): mysqli->query('SELECT t.id, t....')
#1 {main}

Error at 2026-03-28 15:33:51
Message: Table 'pos_inventory_system_db.products' doesn't exist
Stack trace: #0 C:\Users\Asus\Downloads\Website\api\products.php(36): mysqli->query('SELECT p.id, p....')
#1 {main}

Error at 2026-03-28 15:33:51 (transactions.php)
Message: Table 'pos_inventory_system_db.transactions' doesn't exist
Stack trace: #0 C:\Users\Asus\Downloads\Website\api\transactions.php(38): mysqli->query('SELECT t.id, t....')
#1 {main}

Error at 2026-03-28 15:33:51
Message: Table 'pos_inventory_system_db.products' doesn't exist
Stack trace: #0 C:\Users\Asus\Downloads\Website\api\products.php(36): mysqli->query('SELECT p.id, p....')
#1 {main}

Error at 2026-03-28 15:33:51 (transactions.php)
Message: Table 'pos_inventory_system_db.transactions' doesn't exist
Stack trace: #0 C:\Users\Asus\Downloads\Website\api\transactions.php(38): mysqli->query('SELECT t.id, t....')
#1 {main}

Error at 2026-03-28 15:33:52
Message: Table 'pos_inventory_system_db.products' doesn't exist
Stack trace: #0 C:\Users\Asus\Downloads\Website\api\products.php(36): mysqli->query('SELECT p.id, p....')
#1 {main}

Error at 2026-03-28 15:33:52 (transactions.php)
Message: Table 'pos_inventory_system_db.transactions' doesn't exist
Stack trace: #0 C:\Users\Asus\Downloads\Website\api\transactions.php(38): mysqli->query('SELECT t.id, t....')
#1 {main}

Error at 2026-03-28 15:33:52
Message: Table 'pos_inventory_system_db.products' doesn't exist
Stack trace: #0 C:\Users\Asus\Downloads\Website\api\products.php(36): mysqli->query('SELECT p.id, p....')
#1 {main}

Error at 2026-03-28 15:33:53 (transactions.php)
Message: Table 'pos_inventory_system_db.transactions' doesn't exist
Stack trace: #0 C:\Users\Asus\Downloads\Website\api\transactions.php(38): mysqli->query('SELECT t.id, t....')
#1 {main}

Error at 2026-03-28 15:33:53
Message: Table 'pos_inventory_system_db.products' doesn't exist
Stack trace: #0 C:\Users\Asus\Downloads\Website\api\products.php(36): mysqli->query('SELECT p.id, p....')
#1 {main}

Error at 2026-03-28 15:33:53 (transactions.php)
Message: Table 'pos_inventory_system_db.transactions' doesn't exist
Stack trace: #0 C:\Users\Asus\Downloads\Website\api\transactions.php(38): mysqli->query('SELECT t.id, t....')
#1 {main}

Error at 2026-03-28 15:33:53
Message: Table 'pos_inventory_system_db.products' doesn't exist
Stack trace: #0 C:\Users\Asus\Downloads\Website\api\products.php(36): mysqli->query('SELECT p.id, p....')
#1 {main}

Error at 2026-03-28 15:33:53 (transactions.php)
Message: Table 'pos_inventory_system_db.transactions' doesn't exist
Stack trace: #0 C:\Users\Asus\Downloads\Website\api\transactions.php(38): mysqli->query('SELECT t.id, t....')
#1 {main}

Error at 2026-03-28 15:33:54
Message: Table 'pos_inventory_system_db.products' doesn't exist
Stack trace: #0 C:\Users\Asus\Downloads\Website\api\products.php(36): mysqli->query('SELECT p.id, p....')
#1 {main}

Error at 2026-03-28 15:33:54 (transactions.php)
Message: Table 'pos_inventory_system_db.transactions' doesn't exist
Stack trace: #0 C:\Users\Asus\Downloads\Website\api\transactions.php(38): mysqli->query('SELECT t.id, t....')
#1 {main}

Error at 2026-03-28 15:33:54
Message: Table 'pos_inventory_system_db.products' doesn't exist
Stack trace: #0 C:\Users\Asus\Downloads\Website\api\products.php(36): mysqli->query('SELECT p.id, p....')
#1 {main}

Error at 2026-03-28 15:33:54 (transactions.php)
Message: Table 'pos_inventory_system_db.transactions' doesn't exist
Stack trace: #0 C:\Users\Asus\Downloads\Website\api\transactions.php(38): mysqli->query('SELECT t.id, t....')
#1 {main}

Error at 2026-03-28 15:33:55
Message: Table 'pos_inventory_system_db.products' doesn't exist
Stack trace: #0 C:\Users\Asus\Downloads\Website\api\products.php(36): mysqli->query('SELECT p.id, p....')
#1 {main}

Error at 2026-03-28 15:33:55 (transactions.php)
Message: Table 'pos_inventory_system_db.transactions' doesn't exist
Stack trace: #0 C:\Users\Asus\Downloads\Website\api\transactions.php(38): mysqli->query('SELECT t.id, t....')
#1 {main}

Error at 2026-03-28 15:33:55
Message: Table 'pos_inventory_system_db.products' doesn't exist
Stack trace: #0 C:\Users\Asus\Downloads\Website\api\products.php(36): mysqli->query('SELECT p.id, p....')
#1 {main}

Error at 2026-03-28 15:33:55 (transactions.php)
Message: Table 'pos_inventory_system_db.transactions' doesn't exist
Stack trace: #0 C:\Users\Asus\Downloads\Website\api\transactions.php(38): mysqli->query('SELECT t.id, t....')
#1 {main}

Error at 2026-03-28 15:33:56
Message: Table 'pos_inventory_system_db.products' doesn't exist
Stack trace: #0 C:\Users\Asus\Downloads\Website\api\products.php(36): mysqli->query('SELECT p.id, p....')
#1 {main}

Error at 2026-03-28 15:33:56 (transactions.php)
Message: Table 'pos_inventory_system_db.transactions' doesn't exist
Stack trace: #0 C:\Users\Asus\Downloads\Website\api\transactions.php(38): mysqli->query('SELECT t.id, t....')
#1 {main}

Error at 2026-03-28 15:33:56
Message: Table 'pos_inventory_system_db.products' doesn't exist
Stack trace: #0 C:\Users\Asus\Downloads\Website\api\products.php(36): mysqli->query('SELECT p.id, p....')
#1 {main}

Error at 2026-03-28 15:33:56 (transactions.php)
Message: Table 'pos_inventory_system_db.transactions' doesn't exist
Stack trace: #0 C:\Users\Asus\Downloads\Website\api\transactions.php(38): mysqli->query('SELECT t.id, t....')
#1 {main}

Error at 2026-03-28 15:33:57
Message: Table 'pos_inventory_system_db.products' doesn't exist
Stack trace: #0 C:\Users\Asus\Downloads\Website\api\products.php(36): mysqli->query('SELECT p.id, p....')
#1 {main}

Error at 2026-03-28 15:33:57 (transactions.php)
Message: Table 'pos_inventory_system_db.transactions' doesn't exist
Stack trace: #0 C:\Users\Asus\Downloads\Website\api\transactions.php(38): mysqli->query('SELECT t.id, t....')
#1 {main}

Error at 2026-03-28 15:33:57
Message: Table 'pos_inventory_system_db.products' doesn't exist
Stack trace: #0 C:\Users\Asus\Downloads\Website\api\products.php(36): mysqli->query('SELECT p.id, p....')
#1 {main}

Error at 2026-03-28 15:33:57 (transactions.php)
Message: Table 'pos_inventory_system_db.transactions' doesn't exist
Stack trace: #0 C:\Users\Asus\Downloads\Website\api\transactions.php(38): mysqli->query('SELECT t.id, t....')
#1 {main}

Error at 2026-03-28 15:33:58
Message: Table 'pos_inventory_system_db.products' doesn't exist
Stack trace: #0 C:\Users\Asus\Downloads\Website\api\products.php(36): mysqli->query('SELECT p.id, p....')
#1 {main}

Error at 2026-03-28 15:33:58 (transactions.php)
Message: Table 'pos_inventory_system_db.transactions' doesn't exist
Stack trace: #0 C:\Users\Asus\Downloads\Website\api\transactions.php(38): mysqli->query('SELECT t.id, t....')
#1 {main}

Error at 2026-03-28 15:33:58
Message: Table 'pos_inventory_system_db.products' doesn't exist
Stack trace: #0 C:\Users\Asus\Downloads\Website\api\products.php(36): mysqli->query('SELECT p.id, p....')
#1 {main}

Error at 2026-03-28 15:33:58 (transactions.php)
Message: Table 'pos_inventory_system_db.transactions' doesn't exist
Stack trace: #0 C:\Users\Asus\Downloads\Website\api\transactions.php(38): mysqli->query('SELECT t.id, t....')
#1 {main}

Error at 2026-03-28 15:33:59
Message: Table 'pos_inventory_system_db.products' doesn't exist
Stack trace: #0 C:\Users\Asus\Downloads\Website\api\products.php(36): mysqli->query('SELECT p.id, p....')
#1 {main}

Error at 2026-03-28 15:33:59 (transactions.php)
Message: Table 'pos_inventory_system_db.transactions' doesn't exist
Stack trace: #0 C:\Users\Asus\Downloads\Website\api\transactions.php(38): mysqli->query('SELECT t.id, t....')
#1 {main}

Error at 2026-03-28 15:33:59
Message: Table 'pos_inventory_system_db.products' doesn't exist
Stack trace: #0 C:\Users\Asus\Downloads\Website\api\products.php(36): mysqli->query('SELECT p.id, p....')
#1 {main}

Error at 2026-03-28 15:33:59 (transactions.php)
Message: Table 'pos_inventory_system_db.transactions' doesn't exist
Stack trace: #0 C:\Users\Asus\Downloads\Website\api\transactions.php(38): mysqli->query('SELECT t.id, t....')
#1 {main}

Error at 2026-03-28 15:34:00
Message: Table 'pos_inventory_system_db.products' doesn't exist
Stack trace: #0 C:\Users\Asus\Downloads\Website\api\products.php(36): mysqli->query('SELECT p.id, p....')
#1 {main}

Error at 2026-03-28 15:34:00 (transactions.php)
Message: Table 'pos_inventory_system_db.transactions' doesn't exist
Stack trace: #0 C:\Users\Asus\Downloads\Website\api\transactions.php(38): mysqli->query('SELECT t.id, t....')
#1 {main}

Error at 2026-03-28 15:34:00
Message: Table 'pos_inventory_system_db.products' doesn't exist
Stack trace: #0 C:\Users\Asus\Downloads\Website\api\products.php(36): mysqli->query('SELECT p.id, p....')
#1 {main}

Error at 2026-03-28 15:34:00 (transactions.php)
Message: Table 'pos_inventory_system_db.transactions' doesn't exist
Stack trace: #0 C:\Users\Asus\Downloads\Website\api\transactions.php(38): mysqli->query('SELECT t.id, t....')
#1 {main}

Error at 2026-03-28 15:34:01
Message: Table 'pos_inventory_system_db.products' doesn't exist
Stack trace: #0 C:\Users\Asus\Downloads\Website\api\products.php(36): mysqli->query('SELECT p.id, p....')
#1 {main}

Error at 2026-03-28 15:34:01 (transactions.php)
Message: Table 'pos_inventory_system_db.transactions' doesn't exist
Stack trace: #0 C:\Users\Asus\Downloads\Website\api\transactions.php(38): mysqli->query('SELECT t.id, t....')
#1 {main}

Error at 2026-03-28 15:34:01
Message: Table 'pos_inventory_system_db.products' doesn't exist
Stack trace: #0 C:\Users\Asus\Downloads\Website\api\products.php(36): mysqli->query('SELECT p.id, p....')
#1 {main}

Error at 2026-03-28 15:34:01 (transactions.php)
Message: Table 'pos_inventory_system_db.transactions' doesn't exist
Stack trace: #0 C:\Users\Asus\Downloads\Website\api\transactions.php(38): mysqli->query('SELECT t.id, t....')
#1 {main}

Error at 2026-03-28 15:34:02
Message: Table 'pos_inventory_system_db.products' doesn't exist
Stack trace: #0 C:\Users\Asus\Downloads\Website\api\products.php(36): mysqli->query('SELECT p.id, p....')
#1 {main}

Error at 2026-03-28 15:34:02 (transactions.php)
Message: Table 'pos_inventory_system_db.transactions' doesn't exist
Stack trace: #0 C:\Users\Asus\Downloads\Website\api\transactions.php(38): mysqli->query('SELECT t.id, t....')
#1 {main}

Error at 2026-03-28 15:34:02
Message: Table 'pos_inventory_system_db.products' doesn't exist
Stack trace: #0 C:\Users\Asus\Downloads\Website\api\products.php(36): mysqli->query('SELECT p.id, p....')
#1 {main}

Error at 2026-03-28 15:34:02 (transactions.php)
Message: Table 'pos_inventory_system_db.transactions' doesn't exist
Stack trace: #0 C:\Users\Asus\Downloads\Website\api\transactions.php(38): mysqli->query('SELECT t.id, t....')
#1 {main}

Error at 2026-03-28 15:34:03
Message: Table 'pos_inventory_system_db.products' doesn't exist
Stack trace: #0 C:\Users\Asus\Downloads\Website\api\products.php(36): mysqli->query('SELECT p.id, p....')
#1 {main}

Error at 2026-03-28 15:34:03 (transactions.php)
Message: Table 'pos_inventory_system_db.transactions' doesn't exist
Stack trace: #0 C:\Users\Asus\Downloads\Website\api\transactions.php(38): mysqli->query('SELECT t.id, t....')
#1 {main}

Error at 2026-03-28 15:34:03
Message: Table 'pos_inventory_system_db.products' doesn't exist
Stack trace: #0 C:\Users\Asus\Downloads\Website\api\products.php(36): mysqli->query('SELECT p.id, p....')
#1 {main}

Error at 2026-03-28 15:34:03 (transactions.php)
Message: Table 'pos_inventory_system_db.transactions' doesn't exist
Stack trace: #0 C:\Users\Asus\Downloads\Website\api\transactions.php(38): mysqli->query('SELECT t.id, t....')
#1 {main}

Error at 2026-03-28 15:34:04
Message: Table 'pos_inventory_system_db.products' doesn't exist
Stack trace: #0 C:\Users\Asus\Downloads\Website\api\products.php(36): mysqli->query('SELECT p.id, p....')
#1 {main}

Error at 2026-03-28 15:34:04 (transactions.php)
Message: Table 'pos_inventory_system_db.transactions' doesn't exist
Stack trace: #0 C:\Users\Asus\Downloads\Website\api\transactions.php(38): mysqli->query('SELECT t.id, t....')
#1 {main}

Error at 2026-03-28 15:34:04
Message: Table 'pos_inventory_system_db.products' doesn't exist
Stack trace: #0 C:\Users\Asus\Downloads\Website\api\products.php(36): mysqli->query('SELECT p.id, p....')
#1 {main}

Error at 2026-03-28 15:34:04 (transactions.php)
Message: Table 'pos_inventory_system_db.transactions' doesn't exist
Stack trace: #0 C:\Users\Asus\Downloads\Website\api\transactions.php(38): mysqli->query('SELECT t.id, t....')
#1 {main}

Error at 2026-03-28 15:34:05
Message: Table 'pos_inventory_system_db.products' doesn't exist
Stack trace: #0 C:\Users\Asus\Downloads\Website\api\products.php(36): mysqli->query('SELECT p.id, p....')
#1 {main}

Error at 2026-03-28 15:34:05 (transactions.php)
Message: Table 'pos_inventory_system_db.transactions' doesn't exist
Stack trace: #0 C:\Users\Asus\Downloads\Website\api\transactions.php(38): mysqli->query('SELECT t.id, t....')
#1 {main}

Error at 2026-03-28 15:34:05
Message: Table 'pos_inventory_system_db.products' doesn't exist
Stack trace: #0 C:\Users\Asus\Downloads\Website\api\products.php(36): mysqli->query('SELECT p.id, p....')
#1 {main}

Error at 2026-03-28 15:34:05 (transactions.php)
Message: Table 'pos_inventory_system_db.transactions' doesn't exist
Stack trace: #0 C:\Users\Asus\Downloads\Website\api\transactions.php(38): mysqli->query('SELECT t.id, t....')
#1 {main}

Error at 2026-03-28 15:34:06
Message: Table 'pos_inventory_system_db.products' doesn't exist
Stack trace: #0 C:\Users\Asus\Downloads\Website\api\products.php(36): mysqli->query('SELECT p.id, p....')
#1 {main}

Error at 2026-03-28 15:34:06 (transactions.php)
Message: Table 'pos_inventory_system_db.transactions' doesn't exist
Stack trace: #0 C:\Users\Asus\Downloads\Website\api\transactions.php(38): mysqli->query('SELECT t.id, t....')
#1 {main}

Error at 2026-03-28 15:34:06
Message: Table 'pos_inventory_system_db.products' doesn't exist
Stack trace: #0 C:\Users\Asus\Downloads\Website\api\products.php(36): mysqli->query('SELECT p.id, p....')
#1 {main}

Error at 2026-03-28 15:34:06 (transactions.php)
Message: Table 'pos_inventory_system_db.transactions' doesn't exist
Stack trace: #0 C:\Users\Asus\Downloads\Website\api\transactions.php(38): mysqli->query('SELECT t.id, t....')
#1 {main}

Error at 2026-03-28 15:34:07
Message: Table 'pos_inventory_system_db.products' doesn't exist
Stack trace: #0 C:\Users\Asus\Downloads\Website\api\products.php(36): mysqli->query('SELECT p.id, p....')
#1 {main}

Error at 2026-03-28 15:34:07 (transactions.php)
Message: Table 'pos_inventory_system_db.transactions' doesn't exist
Stack trace: #0 C:\Users\Asus\Downloads\Website\api\transactions.php(38): mysqli->query('SELECT t.id, t....')
#1 {main}

Error at 2026-03-28 15:34:07
Message: Table 'pos_inventory_system_db.products' doesn't exist
Stack trace: #0 C:\Users\Asus\Downloads\Website\api\products.php(36): mysqli->query('SELECT p.id, p....')
#1 {main}

Error at 2026-03-28 15:34:07 (transactions.php)
Message: Table 'pos_inventory_system_db.transactions' doesn't exist
Stack trace: #0 C:\Users\Asus\Downloads\Website\api\transactions.php(38): mysqli->query('SELECT t.id, t....')
#1 {main}

Error at 2026-03-28 15:34:08
Message: Table 'pos_inventory_system_db.products' doesn't exist
Stack trace: #0 C:\Users\Asus\Downloads\Website\api\products.php(36): mysqli->query('SELECT p.id, p....')
#1 {main}

Error at 2026-03-28 15:34:08 (transactions.php)
Message: Table 'pos_inventory_system_db.transactions' doesn't exist
Stack trace: #0 C:\Users\Asus\Downloads\Website\api\transactions.php(38): mysqli->query('SELECT t.id, t....')
#1 {main}

Error at 2026-03-28 15:34:09
Message: Table 'pos_inventory_system_db.products' doesn't exist
Stack trace: #0 C:\Users\Asus\Downloads\Website\api\products.php(36): mysqli->query('SELECT p.id, p....')
#1 {main}

Error at 2026-03-28 15:34:09 (transactions.php)
Message: Table 'pos_inventory_system_db.transactions' doesn't exist
Stack trace: #0 C:\Users\Asus\Downloads\Website\api\transactions.php(38): mysqli->query('SELECT t.id, t....')
#1 {main}

Error at 2026-03-28 15:34:09
Message: Table 'pos_inventory_system_db.products' doesn't exist
Stack trace: #0 C:\Users\Asus\Downloads\Website\api\products.php(36): mysqli->query('SELECT p.id, p....')
#1 {main}

Error at 2026-03-28 15:34:09 (transactions.php)
Message: Table 'pos_inventory_system_db.transactions' doesn't exist
Stack trace: #0 C:\Users\Asus\Downloads\Website\api\transactions.php(38): mysqli->query('SELECT t.id, t....')
#1 {main}

Error at 2026-03-28 15:34:09
Message: Table 'pos_inventory_system_db.products' doesn't exist
Stack trace: #0 C:\Users\Asus\Downloads\Website\api\products.php(36): mysqli->query('SELECT p.id, p....')
#1 {main}

Error at 2026-03-28 15:34:09 (transactions.php)
Message: Table 'pos_inventory_system_db.transactions' doesn't exist
Stack trace: #0 C:\Users\Asus\Downloads\Website\api\transactions.php(38): mysqli->query('SELECT t.id, t....')
#1 {main}

Error at 2026-03-28 15:34:10
Message: Table 'pos_inventory_system_db.products' doesn't exist
Stack trace: #0 C:\Users\Asus\Downloads\Website\api\products.php(36): mysqli->query('SELECT p.id, p....')
#1 {main}

Error at 2026-03-28 15:34:10 (transactions.php)
Message: Table 'pos_inventory_system_db.transactions' doesn't exist
Stack trace: #0 C:\Users\Asus\Downloads\Website\api\transactions.php(38): mysqli->query('SELECT t.id, t....')
#1 {main}

Error at 2026-03-28 15:34:10
Message: Table 'pos_inventory_system_db.products' doesn't exist
Stack trace: #0 C:\Users\Asus\Downloads\Website\api\products.php(36): mysqli->query('SELECT p.id, p....')
#1 {main}

Error at 2026-03-28 15:34:10 (transactions.php)
Message: Table 'pos_inventory_system_db.transactions' doesn't exist
Stack trace: #0 C:\Users\Asus\Downloads\Website\api\transactions.php(38): mysqli->query('SELECT t.id, t....')
#1 {main}

Error at 2026-03-28 15:34:11
Message: Table 'pos_inventory_system_db.products' doesn't exist
Stack trace: #0 C:\Users\Asus\Downloads\Website\api\products.php(36): mysqli->query('SELECT p.id, p....')
#1 {main}

Error at 2026-03-28 15:34:11 (transactions.php)
Message: Table 'pos_inventory_system_db.transactions' doesn't exist
Stack trace: #0 C:\Users\Asus\Downloads\Website\api\transactions.php(38): mysqli->query('SELECT t.id, t....')
#1 {main}

Error at 2026-03-28 15:34:11
Message: Table 'pos_inventory_system_db.products' doesn't exist
Stack trace: #0 C:\Users\Asus\Downloads\Website\api\products.php(36): mysqli->query('SELECT p.id, p....')
#1 {main}

Error at 2026-03-28 15:34:11 (transactions.php)
Message: Table 'pos_inventory_system_db.transactions' doesn't exist
Stack trace: #0 C:\Users\Asus\Downloads\Website\api\transactions.php(38): mysqli->query('SELECT t.id, t....')
#1 {main}

Error at 2026-03-28 15:34:12
Message: Table 'pos_inventory_system_db.products' doesn't exist
Stack trace: #0 C:\Users\Asus\Downloads\Website\api\products.php(36): mysqli->query('SELECT p.id, p....')
#1 {main}

Error at 2026-03-28 15:34:12 (transactions.php)
Message: Table 'pos_inventory_system_db.transactions' doesn't exist
Stack trace: #0 C:\Users\Asus\Downloads\Website\api\transactions.php(38): mysqli->query('SELECT t.id, t....')
#1 {main}

Error at 2026-03-28 15:34:12
Message: Table 'pos_inventory_system_db.products' doesn't exist
Stack trace: #0 C:\Users\Asus\Downloads\Website\api\products.php(36): mysqli->query('SELECT p.id, p....')
#1 {main}

Error at 2026-03-28 15:34:12 (transactions.php)
Message: Table 'pos_inventory_system_db.transactions' doesn't exist
Stack trace: #0 C:\Users\Asus\Downloads\Website\api\transactions.php(38): mysqli->query('SELECT t.id, t....')
#1 {main}

Error at 2026-03-28 15:34:13
Message: Table 'pos_inventory_system_db.products' doesn't exist
Stack trace: #0 C:\Users\Asus\Downloads\Website\api\products.php(36): mysqli->query('SELECT p.id, p....')
#1 {main}

Error at 2026-03-28 15:34:13 (transactions.php)
Message: Table 'pos_inventory_system_db.transactions' doesn't exist
Stack trace: #0 C:\Users\Asus\Downloads\Website\api\transactions.php(38): mysqli->query('SELECT t.id, t....')
#1 {main}

Error at 2026-03-28 15:34:13
Message: Table 'pos_inventory_system_db.products' doesn't exist
Stack trace: #0 C:\Users\Asus\Downloads\Website\api\products.php(36): mysqli->query('SELECT p.id, p....')
#1 {main}

Error at 2026-03-28 15:34:13 (transactions.php)
Message: Table 'pos_inventory_system_db.transactions' doesn't exist
Stack trace: #0 C:\Users\Asus\Downloads\Website\api\transactions.php(38): mysqli->query('SELECT t.id, t....')
#1 {main}

Error at 2026-03-28 15:34:14
Message: Table 'pos_inventory_system_db.products' doesn't exist
Stack trace: #0 C:\Users\Asus\Downloads\Website\api\products.php(36): mysqli->query('SELECT p.id, p....')
#1 {main}

Error at 2026-03-28 15:34:14 (transactions.php)
Message: Table 'pos_inventory_system_db.transactions' doesn't exist
Stack trace: #0 C:\Users\Asus\Downloads\Website\api\transactions.php(38): mysqli->query('SELECT t.id, t....')
#1 {main}

Error at 2026-03-28 15:34:14
Message: Table 'pos_inventory_system_db.products' doesn't exist
Stack trace: #0 C:\Users\Asus\Downloads\Website\api\products.php(36): mysqli->query('SELECT p.id, p....')
#1 {main}

Error at 2026-03-28 15:34:15 (transactions.php)
Message: Table 'pos_inventory_system_db.transactions' doesn't exist
Stack trace: #0 C:\Users\Asus\Downloads\Website\api\transactions.php(38): mysqli->query('SELECT t.id, t....')
#1 {main}

Error at 2026-03-28 15:34:15
Message: Table 'pos_inventory_system_db.products' doesn't exist
Stack trace: #0 C:\Users\Asus\Downloads\Website\api\products.php(36): mysqli->query('SELECT p.id, p....')
#1 {main}

Error at 2026-03-28 15:34:15 (transactions.php)
Message: Table 'pos_inventory_system_db.transactions' doesn't exist
Stack trace: #0 C:\Users\Asus\Downloads\Website\api\transactions.php(38): mysqli->query('SELECT t.id, t....')
#1 {main}

Error at 2026-03-28 15:34:15
Message: Table 'pos_inventory_system_db.products' doesn't exist
Stack trace: #0 C:\Users\Asus\Downloads\Website\api\products.php(36): mysqli->query('SELECT p.id, p....')
#1 {main}

Error at 2026-03-28 15:34:16 (transactions.php)
Message: Table 'pos_inventory_system_db.transactions' doesn't exist
Stack trace: #0 C:\Users\Asus\Downloads\Website\api\transactions.php(38): mysqli->query('SELECT t.id, t....')
#1 {main}

Error at 2026-03-28 15:34:16
Message: Table 'pos_inventory_system_db.products' doesn't exist
Stack trace: #0 C:\Users\Asus\Downloads\Website\api\products.php(36): mysqli->query('SELECT p.id, p....')
#1 {main}

Error at 2026-03-28 15:34:16 (transactions.php)
Message: Table 'pos_inventory_system_db.transactions' doesn't exist
Stack trace: #0 C:\Users\Asus\Downloads\Website\api\transactions.php(38): mysqli->query('SELECT t.id, t....')
#1 {main}

Error at 2026-03-28 15:34:16
Message: Table 'pos_inventory_system_db.products' doesn't exist
Stack trace: #0 C:\Users\Asus\Downloads\Website\api\products.php(36): mysqli->query('SELECT p.id, p....')
#1 {main}

Error at 2026-03-28 15:34:16 (transactions.php)
Message: Table 'pos_inventory_system_db.transactions' doesn't exist
Stack trace: #0 C:\Users\Asus\Downloads\Website\api\transactions.php(38): mysqli->query('SELECT t.id, t....')
#1 {main}

Error at 2026-03-28 15:34:17
Message: Table 'pos_inventory_system_db.products' doesn't exist
Stack trace: #0 C:\Users\Asus\Downloads\Website\api\products.php(36): mysqli->query('SELECT p.id, p....')
#1 {main}

Error at 2026-03-28 15:34:17 (transactions.php)
Message: Table 'pos_inventory_system_db.transactions' doesn't exist
Stack trace: #0 C:\Users\Asus\Downloads\Website\api\transactions.php(38): mysqli->query('SELECT t.id, t....')
#1 {main}

Error at 2026-03-28 15:34:17
Message: Table 'pos_inventory_system_db.products' doesn't exist
Stack trace: #0 C:\Users\Asus\Downloads\Website\api\products.php(36): mysqli->query('SELECT p.id, p....')
#1 {main}

Error at 2026-03-28 15:34:17 (transactions.php)
Message: Table 'pos_inventory_system_db.transactions' doesn't exist
Stack trace: #0 C:\Users\Asus\Downloads\Website\api\transactions.php(38): mysqli->query('SELECT t.id, t....')
#1 {main}

Error at 2026-03-28 15:34:18
Message: Table 'pos_inventory_system_db.products' doesn't exist
Stack trace: #0 C:\Users\Asus\Downloads\Website\api\products.php(36): mysqli->query('SELECT p.id, p....')
#1 {main}

Error at 2026-03-28 15:34:18 (transactions.php)
Message: Table 'pos_inventory_system_db.transactions' doesn't exist
Stack trace: #0 C:\Users\Asus\Downloads\Website\api\transactions.php(38): mysqli->query('SELECT t.id, t....')
#1 {main}

Error at 2026-03-28 15:34:18
Message: Table 'pos_inventory_system_db.products' doesn't exist
Stack trace: #0 C:\Users\Asus\Downloads\Website\api\products.php(36): mysqli->query('SELECT p.id, p....')
#1 {main}

Error at 2026-03-28 15:34:18 (transactions.php)
Message: Table 'pos_inventory_system_db.transactions' doesn't exist
Stack trace: #0 C:\Users\Asus\Downloads\Website\api\transactions.php(38): mysqli->query('SELECT t.id, t....')
#1 {main}

Error at 2026-03-28 15:34:19
Message: Table 'pos_inventory_system_db.products' doesn't exist
Stack trace: #0 C:\Users\Asus\Downloads\Website\api\products.php(36): mysqli->query('SELECT p.id, p....')
#1 {main}

Error at 2026-03-28 15:34:19 (transactions.php)
Message: Table 'pos_inventory_system_db.transactions' doesn't exist
Stack trace: #0 C:\Users\Asus\Downloads\Website\api\transactions.php(38): mysqli->query('SELECT t.id, t....')
#1 {main}

Error at 2026-03-28 15:34:19
Message: Table 'pos_inventory_system_db.products' doesn't exist
Stack trace: #0 C:\Users\Asus\Downloads\Website\api\products.php(36): mysqli->query('SELECT p.id, p....')
#1 {main}

Error at 2026-03-28 15:34:19 (transactions.php)
Message: Table 'pos_inventory_system_db.transactions' doesn't exist
Stack trace: #0 C:\Users\Asus\Downloads\Website\api\transactions.php(38): mysqli->query('SELECT t.id, t....')
#1 {main}

Error at 2026-03-28 15:34:20
Message: Table 'pos_inventory_system_db.products' doesn't exist
Stack trace: #0 C:\Users\Asus\Downloads\Website\api\products.php(36): mysqli->query('SELECT p.id, p....')
#1 {main}

Error at 2026-03-28 15:34:20 (transactions.php)
Message: Table 'pos_inventory_system_db.transactions' doesn't exist
Stack trace: #0 C:\Users\Asus\Downloads\Website\api\transactions.php(38): mysqli->query('SELECT t.id, t....')
#1 {main}

Error at 2026-03-28 15:34:20
Message: Table 'pos_inventory_system_db.products' doesn't exist
Stack trace: #0 C:\Users\Asus\Downloads\Website\api\products.php(36): mysqli->query('SELECT p.id, p....')
#1 {main}

Error at 2026-03-28 15:34:20 (transactions.php)
Message: Table 'pos_inventory_system_db.transactions' doesn't exist
Stack trace: #0 C:\Users\Asus\Downloads\Website\api\transactions.php(38): mysqli->query('SELECT t.id, t....')
#1 {main}

Error at 2026-03-28 15:34:21
Message: Table 'pos_inventory_system_db.products' doesn't exist
Stack trace: #0 C:\Users\Asus\Downloads\Website\api\products.php(36): mysqli->query('SELECT p.id, p....')
#1 {main}

Error at 2026-03-28 15:34:21 (transactions.php)
Message: Table 'pos_inventory_system_db.transactions' doesn't exist
Stack trace: #0 C:\Users\Asus\Downloads\Website\api\transactions.php(38): mysqli->query('SELECT t.id, t....')
#1 {main}

Error at 2026-03-28 15:34:21
Message: Table 'pos_inventory_system_db.products' doesn't exist
Stack trace: #0 C:\Users\Asus\Downloads\Website\api\products.php(36): mysqli->query('SELECT p.id, p....')
#1 {main}

Error at 2026-03-28 15:34:21 (transactions.php)
Message: Table 'pos_inventory_system_db.transactions' doesn't exist
Stack trace: #0 C:\Users\Asus\Downloads\Website\api\transactions.php(38): mysqli->query('SELECT t.id, t....')
#1 {main}

Error at 2026-03-28 15:34:22
Message: Table 'pos_inventory_system_db.products' doesn't exist
Stack trace: #0 C:\Users\Asus\Downloads\Website\api\products.php(36): mysqli->query('SELECT p.id, p....')
#1 {main}

Error at 2026-03-28 15:34:22 (transactions.php)
Message: Table 'pos_inventory_system_db.transactions' doesn't exist
Stack trace: #0 C:\Users\Asus\Downloads\Website\api\transactions.php(38): mysqli->query('SELECT t.id, t....')
#1 {main}

Error at 2026-03-28 15:34:22
Message: Table 'pos_inventory_system_db.products' doesn't exist
Stack trace: #0 C:\Users\Asus\Downloads\Website\api\products.php(36): mysqli->query('SELECT p.id, p....')
#1 {main}

Error at 2026-03-28 15:34:22 (transactions.php)
Message: Table 'pos_inventory_system_db.transactions' doesn't exist
Stack trace: #0 C:\Users\Asus\Downloads\Website\api\transactions.php(38): mysqli->query('SELECT t.id, t....')
#1 {main}

Error at 2026-03-28 15:34:23
Message: Table 'pos_inventory_system_db.products' doesn't exist
Stack trace: #0 C:\Users\Asus\Downloads\Website\api\products.php(36): mysqli->query('SELECT p.id, p....')
#1 {main}

Error at 2026-03-28 15:34:23 (transactions.php)
Message: Table 'pos_inventory_system_db.transactions' doesn't exist
Stack trace: #0 C:\Users\Asus\Downloads\Website\api\transactions.php(38): mysqli->query('SELECT t.id, t....')
#1 {main}

Error at 2026-03-28 15:34:23
Message: Table 'pos_inventory_system_db.products' doesn't exist
Stack trace: #0 C:\Users\Asus\Downloads\Website\api\products.php(36): mysqli->query('SELECT p.id, p....')
#1 {main}

Error at 2026-03-28 15:34:24 (transactions.php)
Message: Table 'pos_inventory_system_db.transactions' doesn't exist
Stack trace: #0 C:\Users\Asus\Downloads\Website\api\transactions.php(38): mysqli->query('SELECT t.id, t....')
#1 {main}

Error at 2026-03-28 15:34:24
Message: Table 'pos_inventory_system_db.products' doesn't exist
Stack trace: #0 C:\Users\Asus\Downloads\Website\api\products.php(36): mysqli->query('SELECT p.id, p....')
#1 {main}

Error at 2026-03-28 15:34:24 (transactions.php)
Message: Table 'pos_inventory_system_db.transactions' doesn't exist
Stack trace: #0 C:\Users\Asus\Downloads\Website\api\transactions.php(38): mysqli->query('SELECT t.id, t....')
#1 {main}

Error at 2026-03-28 15:34:24
Message: Table 'pos_inventory_system_db.products' doesn't exist
Stack trace: #0 C:\Users\Asus\Downloads\Website\api\products.php(36): mysqli->query('SELECT p.id, p....')
#1 {main}

Error at 2026-03-28 15:34:24 (transactions.php)
Message: Table 'pos_inventory_system_db.transactions' doesn't exist
Stack trace: #0 C:\Users\Asus\Downloads\Website\api\transactions.php(38): mysqli->query('SELECT t.id, t....')
#1 {main}

Error at 2026-03-28 15:34:25
Message: Table 'pos_inventory_system_db.products' doesn't exist
Stack trace: #0 C:\Users\Asus\Downloads\Website\api\products.php(36): mysqli->query('SELECT p.id, p....')
#1 {main}

Error at 2026-03-28 15:34:25 (transactions.php)
Message: Table 'pos_inventory_system_db.transactions' doesn't exist
Stack trace: #0 C:\Users\Asus\Downloads\Website\api\transactions.php(38): mysqli->query('SELECT t.id, t....')
#1 {main}

Error at 2026-03-28 15:34:25
Message: Table 'pos_inventory_system_db.products' doesn't exist
Stack trace: #0 C:\Users\Asus\Downloads\Website\api\products.php(36): mysqli->query('SELECT p.id, p....')
#1 {main}

Error at 2026-03-28 15:34:25 (transactions.php)
Message: Table 'pos_inventory_system_db.transactions' doesn't exist
Stack trace: #0 C:\Users\Asus\Downloads\Website\api\transactions.php(38): mysqli->query('SELECT t.id, t....')
#1 {main}

Error at 2026-03-28 15:34:26
Message: Table 'pos_inventory_system_db.products' doesn't exist
Stack trace: #0 C:\Users\Asus\Downloads\Website\api\products.php(36): mysqli->query('SELECT p.id, p....')
#1 {main}

Error at 2026-03-28 15:34:26 (transactions.php)
Message: Table 'pos_inventory_system_db.transactions' doesn't exist
Stack trace: #0 C:\Users\Asus\Downloads\Website\api\transactions.php(38): mysqli->query('SELECT t.id, t....')
#1 {main}

Error at 2026-03-28 15:34:26
Message: Table 'pos_inventory_system_db.products' doesn't exist
Stack trace: #0 C:\Users\Asus\Downloads\Website\api\products.php(36): mysqli->query('SELECT p.id, p....')
#1 {main}

Error at 2026-03-28 15:34:26 (transactions.php)
Message: Table 'pos_inventory_system_db.transactions' doesn't exist
Stack trace: #0 C:\Users\Asus\Downloads\Website\api\transactions.php(38): mysqli->query('SELECT t.id, t....')
#1 {main}

Error at 2026-03-28 15:34:27
Message: Table 'pos_inventory_system_db.products' doesn't exist
Stack trace: #0 C:\Users\Asus\Downloads\Website\api\products.php(36): mysqli->query('SELECT p.id, p....')
#1 {main}

Error at 2026-03-28 15:34:27 (transactions.php)
Message: Table 'pos_inventory_system_db.transactions' doesn't exist
Stack trace: #0 C:\Users\Asus\Downloads\Website\api\transactions.php(38): mysqli->query('SELECT t.id, t....')
#1 {main}

Error at 2026-03-28 15:34:27
Message: Table 'pos_inventory_system_db.products' doesn't exist
Stack trace: #0 C:\Users\Asus\Downloads\Website\api\products.php(36): mysqli->query('SELECT p.id, p....')
#1 {main}

Error at 2026-03-28 15:34:27 (transactions.php)
Message: Table 'pos_inventory_system_db.transactions' doesn't exist
Stack trace: #0 C:\Users\Asus\Downloads\Website\api\transactions.php(38): mysqli->query('SELECT t.id, t....')
#1 {main}

Error at 2026-03-28 15:34:28
Message: Table 'pos_inventory_system_db.products' doesn't exist
Stack trace: #0 C:\Users\Asus\Downloads\Website\api\products.php(36): mysqli->query('SELECT p.id, p....')
#1 {main}

Error at 2026-03-28 15:34:28 (transactions.php)
Message: Table 'pos_inventory_system_db.transactions' doesn't exist
Stack trace: #0 C:\Users\Asus\Downloads\Website\api\transactions.php(38): mysqli->query('SELECT t.id, t....')
#1 {main}

Error at 2026-03-28 15:34:28
Message: Table 'pos_inventory_system_db.products' doesn't exist
Stack trace: #0 C:\Users\Asus\Downloads\Website\api\products.php(36): mysqli->query('SELECT p.id, p....')
#1 {main}

Error at 2026-03-28 15:34:28 (transactions.php)
Message: Table 'pos_inventory_system_db.transactions' doesn't exist
Stack trace: #0 C:\Users\Asus\Downloads\Website\api\transactions.php(38): mysqli->query('SELECT t.id, t....')
#1 {main}

Error at 2026-03-28 15:34:29
Message: Table 'pos_inventory_system_db.products' doesn't exist
Stack trace: #0 C:\Users\Asus\Downloads\Website\api\products.php(36): mysqli->query('SELECT p.id, p....')
#1 {main}

Error at 2026-03-28 15:34:29 (transactions.php)
Message: Table 'pos_inventory_system_db.transactions' doesn't exist
Stack trace: #0 C:\Users\Asus\Downloads\Website\api\transactions.php(38): mysqli->query('SELECT t.id, t....')
#1 {main}

Error at 2026-03-28 15:34:29
Message: Table 'pos_inventory_system_db.products' doesn't exist
Stack trace: #0 C:\Users\Asus\Downloads\Website\api\products.php(36): mysqli->query('SELECT p.id, p....')
#1 {main}

Error at 2026-03-28 15:34:29 (transactions.php)
Message: Table 'pos_inventory_system_db.transactions' doesn't exist
Stack trace: #0 C:\Users\Asus\Downloads\Website\api\transactions.php(38): mysqli->query('SELECT t.id, t....')
#1 {main}

Error at 2026-03-28 15:34:30
Message: Table 'pos_inventory_system_db.products' doesn't exist
Stack trace: #0 C:\Users\Asus\Downloads\Website\api\products.php(36): mysqli->query('SELECT p.id, p....')
#1 {main}

Error at 2026-03-28 15:34:30 (transactions.php)
Message: Table 'pos_inventory_system_db.transactions' doesn't exist
Stack trace: #0 C:\Users\Asus\Downloads\Website\api\transactions.php(38): mysqli->query('SELECT t.id, t....')
#1 {main}

Error at 2026-03-28 15:34:30
Message: Table 'pos_inventory_system_db.products' doesn't exist
Stack trace: #0 C:\Users\Asus\Downloads\Website\api\products.php(36): mysqli->query('SELECT p.id, p....')
#1 {main}

Error at 2026-03-28 15:34:30 (transactions.php)
Message: Table 'pos_inventory_system_db.transactions' doesn't exist
Stack trace: #0 C:\Users\Asus\Downloads\Website\api\transactions.php(38): mysqli->query('SELECT t.id, t....')
#1 {main}

Error at 2026-03-28 15:34:31
Message: Table 'pos_inventory_system_db.products' doesn't exist
Stack trace: #0 C:\Users\Asus\Downloads\Website\api\products.php(36): mysqli->query('SELECT p.id, p....')
#1 {main}

Error at 2026-03-28 15:34:31 (transactions.php)
Message: Table 'pos_inventory_system_db.transactions' doesn't exist
Stack trace: #0 C:\Users\Asus\Downloads\Website\api\transactions.php(38): mysqli->query('SELECT t.id, t....')
#1 {main}

Error at 2026-03-28 15:34:31
Message: Table 'pos_inventory_system_db.products' doesn't exist
Stack trace: #0 C:\Users\Asus\Downloads\Website\api\products.php(36): mysqli->query('SELECT p.id, p....')
#1 {main}

Error at 2026-03-28 15:34:31 (transactions.php)
Message: Table 'pos_inventory_system_db.transactions' doesn't exist
Stack trace: #0 C:\Users\Asus\Downloads\Website\api\transactions.php(38): mysqli->query('SELECT t.id, t....')
#1 {main}

Error at 2026-03-28 15:34:32
Message: Table 'pos_inventory_system_db.products' doesn't exist
Stack trace: #0 C:\Users\Asus\Downloads\Website\api\products.php(36): mysqli->query('SELECT p.id, p....')
#1 {main}

Error at 2026-03-28 15:34:32 (transactions.php)
Message: Table 'pos_inventory_system_db.transactions' doesn't exist
Stack trace: #0 C:\Users\Asus\Downloads\Website\api\transactions.php(38): mysqli->query('SELECT t.id, t....')
#1 {main}

Error at 2026-03-28 15:34:32
Message: Table 'pos_inventory_system_db.products' doesn't exist
Stack trace: #0 C:\Users\Asus\Downloads\Website\api\products.php(36): mysqli->query('SELECT p.id, p....')
#1 {main}

Error at 2026-03-28 15:34:32 (transactions.php)
Message: Table 'pos_inventory_system_db.transactions' doesn't exist
Stack trace: #0 C:\Users\Asus\Downloads\Website\api\transactions.php(38): mysqli->query('SELECT t.id, t....')
#1 {main}

Error at 2026-03-28 15:34:33
Message: Table 'pos_inventory_system_db.products' doesn't exist
Stack trace: #0 C:\Users\Asus\Downloads\Website\api\products.php(36): mysqli->query('SELECT p.id, p....')
#1 {main}

Error at 2026-03-28 15:34:33 (transactions.php)
Message: Table 'pos_inventory_system_db.transactions' doesn't exist
Stack trace: #0 C:\Users\Asus\Downloads\Website\api\transactions.php(38): mysqli->query('SELECT t.id, t....')
#1 {main}

Error at 2026-03-28 15:34:33
Message: Table 'pos_inventory_system_db.products' doesn't exist
Stack trace: #0 C:\Users\Asus\Downloads\Website\api\products.php(36): mysqli->query('SELECT p.id, p....')
#1 {main}

Error at 2026-03-28 15:34:34 (transactions.php)
Message: Table 'pos_inventory_system_db.transactions' doesn't exist
Stack trace: #0 C:\Users\Asus\Downloads\Website\api\transactions.php(38): mysqli->query('SELECT t.id, t....')
#1 {main}

Error at 2026-03-28 15:34:34
Message: Table 'pos_inventory_system_db.products' doesn't exist
Stack trace: #0 C:\Users\Asus\Downloads\Website\api\products.php(36): mysqli->query('SELECT p.id, p....')
#1 {main}

Error at 2026-03-28 15:34:34 (transactions.php)
Message: Table 'pos_inventory_system_db.transactions' doesn't exist
Stack trace: #0 C:\Users\Asus\Downloads\Website\api\transactions.php(38): mysqli->query('SELECT t.id, t....')
#1 {main}

Error at 2026-03-28 15:34:34
Message: Table 'pos_inventory_system_db.products' doesn't exist
Stack trace: #0 C:\Users\Asus\Downloads\Website\api\products.php(36): mysqli->query('SELECT p.id, p....')
#1 {main}

Error at 2026-03-28 15:34:34 (transactions.php)
Message: Table 'pos_inventory_system_db.transactions' doesn't exist
Stack trace: #0 C:\Users\Asus\Downloads\Website\api\transactions.php(38): mysqli->query('SELECT t.id, t....')
#1 {main}

Error at 2026-03-28 15:34:35
Message: Table 'pos_inventory_system_db.products' doesn't exist
Stack trace: #0 C:\Users\Asus\Downloads\Website\api\products.php(36): mysqli->query('SELECT p.id, p....')
#1 {main}

Error at 2026-03-28 15:34:35 (transactions.php)
Message: Table 'pos_inventory_system_db.transactions' doesn't exist
Stack trace: #0 C:\Users\Asus\Downloads\Website\api\transactions.php(38): mysqli->query('SELECT t.id, t....')
#1 {main}

Error at 2026-03-28 15:34:35
Message: Table 'pos_inventory_system_db.products' doesn't exist
Stack trace: #0 C:\Users\Asus\Downloads\Website\api\products.php(36): mysqli->query('SELECT p.id, p....')
#1 {main}

Error at 2026-03-28 15:34:36 (transactions.php)
Message: Table 'pos_inventory_system_db.transactions' doesn't exist
Stack trace: #0 C:\Users\Asus\Downloads\Website\api\transactions.php(38): mysqli->query('SELECT t.id, t....')
#1 {main}

Error at 2026-03-28 15:34:36
Message: Table 'pos_inventory_system_db.products' doesn't exist
Stack trace: #0 C:\Users\Asus\Downloads\Website\api\products.php(36): mysqli->query('SELECT p.id, p....')
#1 {main}

Error at 2026-03-28 15:34:36 (transactions.php)
Message: Table 'pos_inventory_system_db.transactions' doesn't exist
Stack trace: #0 C:\Users\Asus\Downloads\Website\api\transactions.php(38): mysqli->query('SELECT t.id, t....')
#1 {main}

Error at 2026-03-28 15:34:36
Message: Table 'pos_inventory_system_db.products' doesn't exist
Stack trace: #0 C:\Users\Asus\Downloads\Website\api\products.php(36): mysqli->query('SELECT p.id, p....')
#1 {main}

Error at 2026-03-28 15:34:36 (transactions.php)
Message: Table 'pos_inventory_system_db.transactions' doesn't exist
Stack trace: #0 C:\Users\Asus\Downloads\Website\api\transactions.php(38): mysqli->query('SELECT t.id, t....')
#1 {main}

Error at 2026-03-28 15:34:37
Message: Table 'pos_inventory_system_db.products' doesn't exist
Stack trace: #0 C:\Users\Asus\Downloads\Website\api\products.php(36): mysqli->query('SELECT p.id, p....')
#1 {main}

Error at 2026-03-28 15:34:37 (transactions.php)
Message: Table 'pos_inventory_system_db.transactions' doesn't exist
Stack trace: #0 C:\Users\Asus\Downloads\Website\api\transactions.php(38): mysqli->query('SELECT t.id, t....')
#1 {main}

Error at 2026-03-28 15:34:37
Message: Table 'pos_inventory_system_db.products' doesn't exist
Stack trace: #0 C:\Users\Asus\Downloads\Website\api\products.php(36): mysqli->query('SELECT p.id, p....')
#1 {main}

Error at 2026-03-28 15:34:37 (transactions.php)
Message: Table 'pos_inventory_system_db.transactions' doesn't exist
Stack trace: #0 C:\Users\Asus\Downloads\Website\api\transactions.php(38): mysqli->query('SELECT t.id, t....')
#1 {main}

Error at 2026-03-28 15:34:38
Message: Table 'pos_inventory_system_db.products' doesn't exist
Stack trace: #0 C:\Users\Asus\Downloads\Website\api\products.php(36): mysqli->query('SELECT p.id, p....')
#1 {main}

Error at 2026-03-28 15:34:38 (transactions.php)
Message: Table 'pos_inventory_system_db.transactions' doesn't exist
Stack trace: #0 C:\Users\Asus\Downloads\Website\api\transactions.php(38): mysqli->query('SELECT t.id, t....')
#1 {main}

Error at 2026-03-28 15:34:38
Message: Table 'pos_inventory_system_db.products' doesn't exist
Stack trace: #0 C:\Users\Asus\Downloads\Website\api\products.php(36): mysqli->query('SELECT p.id, p....')
#1 {main}

Error at 2026-03-28 15:34:38 (transactions.php)
Message: Table 'pos_inventory_system_db.transactions' doesn't exist
Stack trace: #0 C:\Users\Asus\Downloads\Website\api\transactions.php(38): mysqli->query('SELECT t.id, t....')
#1 {main}

Error at 2026-03-28 15:34:39
Message: Table 'pos_inventory_system_db.products' doesn't exist
Stack trace: #0 C:\Users\Asus\Downloads\Website\api\products.php(36): mysqli->query('SELECT p.id, p....')
#1 {main}

Error at 2026-03-28 15:34:39 (transactions.php)
Message: Table 'pos_inventory_system_db.transactions' doesn't exist
Stack trace: #0 C:\Users\Asus\Downloads\Website\api\transactions.php(38): mysqli->query('SELECT t.id, t....')
#1 {main}

Error at 2026-03-28 15:34:39
Message: Table 'pos_inventory_system_db.products' doesn't exist
Stack trace: #0 C:\Users\Asus\Downloads\Website\api\products.php(36): mysqli->query('SELECT p.id, p....')
#1 {main}

Error at 2026-03-28 15:34:39 (transactions.php)
Message: Table 'pos_inventory_system_db.transactions' doesn't exist
Stack trace: #0 C:\Users\Asus\Downloads\Website\api\transactions.php(38): mysqli->query('SELECT t.id, t....')
#1 {main}

Error at 2026-03-28 15:34:39
Message: Table 'pos_inventory_system_db.products' doesn't exist
Stack trace: #0 C:\Users\Asus\Downloads\Website\api\products.php(36): mysqli->query('SELECT p.id, p....')
#1 {main}

Error at 2026-03-28 15:34:39 (transactions.php)
Message: Table 'pos_inventory_system_db.transactions' doesn't exist
Stack trace: #0 C:\Users\Asus\Downloads\Website\api\transactions.php(38): mysqli->query('SELECT t.id, t....')
#1 {main}

Error at 2026-03-28 15:34:40
Message: Table 'pos_inventory_system_db.products' doesn't exist
Stack trace: #0 C:\Users\Asus\Downloads\Website\api\products.php(36): mysqli->query('SELECT p.id, p....')
#1 {main}

Error at 2026-03-28 15:34:40 (transactions.php)
Message: Table 'pos_inventory_system_db.transactions' doesn't exist
Stack trace: #0 C:\Users\Asus\Downloads\Website\api\transactions.php(38): mysqli->query('SELECT t.id, t....')
#1 {main}

Error at 2026-03-28 15:34:41
Message: Table 'pos_inventory_system_db.products' doesn't exist
Stack trace: #0 C:\Users\Asus\Downloads\Website\api\products.php(36): mysqli->query('SELECT p.id, p....')
#1 {main}

Error at 2026-03-28 15:34:42 (transactions.php)
Message: Table 'pos_inventory_system_db.transactions' doesn't exist
Stack trace: #0 C:\Users\Asus\Downloads\Website\api\transactions.php(38): mysqli->query('SELECT t.id, t....')
#1 {main}

Error at 2026-03-28 15:34:42
Message: Table 'pos_inventory_system_db.products' doesn't exist
Stack trace: #0 C:\Users\Asus\Downloads\Website\api\products.php(36): mysqli->query('SELECT p.id, p....')
#1 {main}

Error at 2026-03-28 15:34:42 (transactions.php)
Message: Table 'pos_inventory_system_db.transactions' doesn't exist
Stack trace: #0 C:\Users\Asus\Downloads\Website\api\transactions.php(38): mysqli->query('SELECT t.id, t....')
#1 {main}

Error at 2026-03-28 15:34:43
Message: Table 'pos_inventory_system_db.products' doesn't exist
Stack trace: #0 C:\Users\Asus\Downloads\Website\api\products.php(36): mysqli->query('SELECT p.id, p....')
#1 {main}

Error at 2026-03-28 15:34:43 (transactions.php)
Message: Table 'pos_inventory_system_db.transactions' doesn't exist
Stack trace: #0 C:\Users\Asus\Downloads\Website\api\transactions.php(38): mysqli->query('SELECT t.id, t....')
#1 {main}

Error at 2026-03-28 15:34:44
Message: Table 'pos_inventory_system_db.products' doesn't exist
Stack trace: #0 C:\Users\Asus\Downloads\Website\api\products.php(36): mysqli->query('SELECT p.id, p....')
#1 {main}

Error at 2026-03-28 15:34:44 (transactions.php)
Message: Table 'pos_inventory_system_db.transactions' doesn't exist
Stack trace: #0 C:\Users\Asus\Downloads\Website\api\transactions.php(38): mysqli->query('SELECT t.id, t....')
#1 {main}

Error at 2026-03-28 15:34:45
Message: Table 'pos_inventory_system_db.products' doesn't exist
Stack trace: #0 C:\Users\Asus\Downloads\Website\api\products.php(36): mysqli->query('SELECT p.id, p....')
#1 {main}

Error at 2026-03-28 15:34:45 (transactions.php)
Message: Table 'pos_inventory_system_db.transactions' doesn't exist
Stack trace: #0 C:\Users\Asus\Downloads\Website\api\transactions.php(38): mysqli->query('SELECT t.id, t....')
#1 {main}

Error at 2026-03-28 15:34:46
Message: Table 'pos_inventory_system_db.products' doesn't exist
Stack trace: #0 C:\Users\Asus\Downloads\Website\api\products.php(36): mysqli->query('SELECT p.id, p....')
#1 {main}

Error at 2026-03-28 15:34:46 (transactions.php)
Message: Table 'pos_inventory_system_db.transactions' doesn't exist
Stack trace: #0 C:\Users\Asus\Downloads\Website\api\transactions.php(38): mysqli->query('SELECT t.id, t....')
#1 {main}

Error at 2026-03-28 15:34:47
Message: Table 'pos_inventory_system_db.products' doesn't exist
Stack trace: #0 C:\Users\Asus\Downloads\Website\api\products.php(36): mysqli->query('SELECT p.id, p....')
#1 {main}

Error at 2026-03-28 15:34:48 (transactions.php)
Message: Table 'pos_inventory_system_db.transactions' doesn't exist
Stack trace: #0 C:\Users\Asus\Downloads\Website\api\transactions.php(38): mysqli->query('SELECT t.id, t....')
#1 {main}

Error at 2026-03-28 15:34:48
Message: Table 'pos_inventory_system_db.products' doesn't exist
Stack trace: #0 C:\Users\Asus\Downloads\Website\api\products.php(36): mysqli->query('SELECT p.id, p....')
#1 {main}

Error at 2026-03-28 15:34:48 (transactions.php)
Message: Table 'pos_inventory_system_db.transactions' doesn't exist
Stack trace: #0 C:\Users\Asus\Downloads\Website\api\transactions.php(38): mysqli->query('SELECT t.id, t....')
#1 {main}

Error at 2026-03-28 15:34:49
Message: Table 'pos_inventory_system_db.products' doesn't exist
Stack trace: #0 C:\Users\Asus\Downloads\Website\api\products.php(36): mysqli->query('SELECT p.id, p....')
#1 {main}

Error at 2026-03-28 15:34:49 (transactions.php)
Message: Table 'pos_inventory_system_db.transactions' doesn't exist
Stack trace: #0 C:\Users\Asus\Downloads\Website\api\transactions.php(38): mysqli->query('SELECT t.id, t....')
#1 {main}

Error at 2026-03-28 15:34:50
Message: Table 'pos_inventory_system_db.products' doesn't exist
Stack trace: #0 C:\Users\Asus\Downloads\Website\api\products.php(36): mysqli->query('SELECT p.id, p....')
#1 {main}

Error at 2026-03-28 15:34:50 (transactions.php)
Message: Table 'pos_inventory_system_db.transactions' doesn't exist
Stack trace: #0 C:\Users\Asus\Downloads\Website\api\transactions.php(38): mysqli->query('SELECT t.id, t....')
#1 {main}

Error at 2026-03-28 15:34:51
Message: Table 'pos_inventory_system_db.products' doesn't exist
Stack trace: #0 C:\Users\Asus\Downloads\Website\api\products.php(36): mysqli->query('SELECT p.id, p....')
#1 {main}

Error at 2026-03-28 15:34:51 (transactions.php)
Message: Table 'pos_inventory_system_db.transactions' doesn't exist
Stack trace: #0 C:\Users\Asus\Downloads\Website\api\transactions.php(38): mysqli->query('SELECT t.id, t....')
#1 {main}

Error at 2026-03-28 15:34:52
Message: Table 'pos_inventory_system_db.products' doesn't exist
Stack trace: #0 C:\Users\Asus\Downloads\Website\api\products.php(36): mysqli->query('SELECT p.id, p....')
#1 {main}

Error at 2026-03-28 15:34:52 (transactions.php)
Message: Table 'pos_inventory_system_db.transactions' doesn't exist
Stack trace: #0 C:\Users\Asus\Downloads\Website\api\transactions.php(38): mysqli->query('SELECT t.id, t....')
#1 {main}

Error at 2026-03-28 15:34:53
Message: Table 'pos_inventory_system_db.products' doesn't exist
Stack trace: #0 C:\Users\Asus\Downloads\Website\api\products.php(36): mysqli->query('SELECT p.id, p....')
#1 {main}

Error at 2026-03-28 15:34:54 (transactions.php)
Message: Table 'pos_inventory_system_db.transactions' doesn't exist
Stack trace: #0 C:\Users\Asus\Downloads\Website\api\transactions.php(38): mysqli->query('SELECT t.id, t....')
#1 {main}

Error at 2026-03-28 15:34:54
Message: Table 'pos_inventory_system_db.products' doesn't exist
Stack trace: #0 C:\Users\Asus\Downloads\Website\api\products.php(36): mysqli->query('SELECT p.id, p....')
#1 {main}

Error at 2026-03-28 15:34:54 (transactions.php)
Message: Table 'pos_inventory_system_db.transactions' doesn't exist
Stack trace: #0 C:\Users\Asus\Downloads\Website\api\transactions.php(38): mysqli->query('SELECT t.id, t....')
#1 {main}

Error at 2026-03-28 15:34:55
Message: Table 'pos_inventory_system_db.products' doesn't exist
Stack trace: #0 C:\Users\Asus\Downloads\Website\api\products.php(36): mysqli->query('SELECT p.id, p....')
#1 {main}

Error at 2026-03-28 15:34:55 (transactions.php)
Message: Table 'pos_inventory_system_db.transactions' doesn't exist
Stack trace: #0 C:\Users\Asus\Downloads\Website\api\transactions.php(38): mysqli->query('SELECT t.id, t....')
#1 {main}

Error at 2026-03-28 15:34:56
Message: Table 'pos_inventory_system_db.products' doesn't exist
Stack trace: #0 C:\Users\Asus\Downloads\Website\api\products.php(36): mysqli->query('SELECT p.id, p....')
#1 {main}

Error at 2026-03-28 15:34:56 (transactions.php)
Message: Table 'pos_inventory_system_db.transactions' doesn't exist
Stack trace: #0 C:\Users\Asus\Downloads\Website\api\transactions.php(38): mysqli->query('SELECT t.id, t....')
#1 {main}

Error at 2026-03-28 15:34:57
Message: Table 'pos_inventory_system_db.products' doesn't exist
Stack trace: #0 C:\Users\Asus\Downloads\Website\api\products.php(36): mysqli->query('SELECT p.id, p....')
#1 {main}

Error at 2026-03-28 15:34:57 (transactions.php)
Message: Table 'pos_inventory_system_db.transactions' doesn't exist
Stack trace: #0 C:\Users\Asus\Downloads\Website\api\transactions.php(38): mysqli->query('SELECT t.id, t....')
#1 {main}

Error at 2026-03-28 15:34:58
Message: Table 'pos_inventory_system_db.products' doesn't exist
Stack trace: #0 C:\Users\Asus\Downloads\Website\api\products.php(36): mysqli->query('SELECT p.id, p....')
#1 {main}

Error at 2026-03-28 15:34:58 (transactions.php)
Message: Table 'pos_inventory_system_db.transactions' doesn't exist
Stack trace: #0 C:\Users\Asus\Downloads\Website\api\transactions.php(38): mysqli->query('SELECT t.id, t....')
#1 {main}

Error at 2026-03-28 15:34:59
Message: Table 'pos_inventory_system_db.products' doesn't exist
Stack trace: #0 C:\Users\Asus\Downloads\Website\api\products.php(36): mysqli->query('SELECT p.id, p....')
#1 {main}

Error at 2026-03-28 15:34:59 (transactions.php)
Message: Table 'pos_inventory_system_db.transactions' doesn't exist
Stack trace: #0 C:\Users\Asus\Downloads\Website\api\transactions.php(38): mysqli->query('SELECT t.id, t....')
#1 {main}

Error at 2026-03-28 15:35:00
Message: Table 'pos_inventory_system_db.products' doesn't exist
Stack trace: #0 C:\Users\Asus\Downloads\Website\api\products.php(36): mysqli->query('SELECT p.id, p....')
#1 {main}

Error at 2026-03-28 15:35:00 (transactions.php)
Message: Table 'pos_inventory_system_db.transactions' doesn't exist
Stack trace: #0 C:\Users\Asus\Downloads\Website\api\transactions.php(38): mysqli->query('SELECT t.id, t....')
#1 {main}

Error at 2026-03-28 15:35:01
Message: Table 'pos_inventory_system_db.products' doesn't exist
Stack trace: #0 C:\Users\Asus\Downloads\Website\api\products.php(36): mysqli->query('SELECT p.id, p....')
#1 {main}

Error at 2026-03-28 15:35:02 (transactions.php)
Message: Table 'pos_inventory_system_db.transactions' doesn't exist
Stack trace: #0 C:\Users\Asus\Downloads\Website\api\transactions.php(38): mysqli->query('SELECT t.id, t....')
#1 {main}

Error at 2026-03-28 15:35:02
Message: Table 'pos_inventory_system_db.products' doesn't exist
Stack trace: #0 C:\Users\Asus\Downloads\Website\api\products.php(36): mysqli->query('SELECT p.id, p....')
#1 {main}

Error at 2026-03-28 15:35:02 (transactions.php)
Message: Table 'pos_inventory_system_db.transactions' doesn't exist
Stack trace: #0 C:\Users\Asus\Downloads\Website\api\transactions.php(38): mysqli->query('SELECT t.id, t....')
#1 {main}

Error at 2026-03-28 15:35:03
Message: Table 'pos_inventory_system_db.products' doesn't exist
Stack trace: #0 C:\Users\Asus\Downloads\Website\api\products.php(36): mysqli->query('SELECT p.id, p....')
#1 {main}

Error at 2026-03-28 15:35:03 (transactions.php)
Message: Table 'pos_inventory_system_db.transactions' doesn't exist
Stack trace: #0 C:\Users\Asus\Downloads\Website\api\transactions.php(38): mysqli->query('SELECT t.id, t....')
#1 {main}

Error at 2026-03-28 15:35:04
Message: Table 'pos_inventory_system_db.products' doesn't exist
Stack trace: #0 C:\Users\Asus\Downloads\Website\api\products.php(36): mysqli->query('SELECT p.id, p....')
#1 {main}

Error at 2026-03-28 15:35:04 (transactions.php)
Message: Table 'pos_inventory_system_db.transactions' doesn't exist
Stack trace: #0 C:\Users\Asus\Downloads\Website\api\transactions.php(38): mysqli->query('SELECT t.id, t....')
#1 {main}

Error at 2026-03-28 15:35:05
Message: Table 'pos_inventory_system_db.products' doesn't exist
Stack trace: #0 C:\Users\Asus\Downloads\Website\api\products.php(36): mysqli->query('SELECT p.id, p....')
#1 {main}

Error at 2026-03-28 15:35:05 (transactions.php)
Message: Table 'pos_inventory_system_db.transactions' doesn't exist
Stack trace: #0 C:\Users\Asus\Downloads\Website\api\transactions.php(38): mysqli->query('SELECT t.id, t....')
#1 {main}

Error at 2026-03-28 15:35:06
Message: Table 'pos_inventory_system_db.products' doesn't exist
Stack trace: #0 C:\Users\Asus\Downloads\Website\api\products.php(36): mysqli->query('SELECT p.id, p....')
#1 {main}

Error at 2026-03-28 15:35:06 (transactions.php)
Message: Table 'pos_inventory_system_db.transactions' doesn't exist
Stack trace: #0 C:\Users\Asus\Downloads\Website\api\transactions.php(38): mysqli->query('SELECT t.id, t....')
#1 {main}

Error at 2026-03-28 15:35:07
Message: Table 'pos_inventory_system_db.products' doesn't exist
Stack trace: #0 C:\Users\Asus\Downloads\Website\api\products.php(36): mysqli->query('SELECT p.id, p....')
#1 {main}

Error at 2026-03-28 15:35:07 (transactions.php)
Message: Table 'pos_inventory_system_db.transactions' doesn't exist
Stack trace: #0 C:\Users\Asus\Downloads\Website\api\transactions.php(38): mysqli->query('SELECT t.id, t....')
#1 {main}

Error at 2026-03-28 15:35:08
Message: Table 'pos_inventory_system_db.products' doesn't exist
Stack trace: #0 C:\Users\Asus\Downloads\Website\api\products.php(36): mysqli->query('SELECT p.id, p....')
#1 {main}

Error at 2026-03-28 15:35:08 (transactions.php)
Message: Table 'pos_inventory_system_db.transactions' doesn't exist
Stack trace: #0 C:\Users\Asus\Downloads\Website\api\transactions.php(38): mysqli->query('SELECT t.id, t....')
#1 {main}

Error at 2026-03-28 15:35:09
Message: Table 'pos_inventory_system_db.products' doesn't exist
Stack trace: #0 C:\Users\Asus\Downloads\Website\api\products.php(36): mysqli->query('SELECT p.id, p....')
#1 {main}

Error at 2026-03-28 15:35:10 (transactions.php)
Message: Table 'pos_inventory_system_db.transactions' doesn't exist
Stack trace: #0 C:\Users\Asus\Downloads\Website\api\transactions.php(38): mysqli->query('SELECT t.id, t....')
#1 {main}

Error at 2026-03-28 15:35:10
Message: Table 'pos_inventory_system_db.products' doesn't exist
Stack trace: #0 C:\Users\Asus\Downloads\Website\api\products.php(36): mysqli->query('SELECT p.id, p....')
#1 {main}

Error at 2026-03-28 15:35:10 (transactions.php)
Message: Table 'pos_inventory_system_db.transactions' doesn't exist
Stack trace: #0 C:\Users\Asus\Downloads\Website\api\transactions.php(38): mysqli->query('SELECT t.id, t....')
#1 {main}

Error at 2026-03-28 15:35:11
Message: Table 'pos_inventory_system_db.products' doesn't exist
Stack trace: #0 C:\Users\Asus\Downloads\Website\api\products.php(36): mysqli->query('SELECT p.id, p....')
#1 {main}

Error at 2026-03-28 15:35:12 (transactions.php)
Message: Table 'pos_inventory_system_db.transactions' doesn't exist
Stack trace: #0 C:\Users\Asus\Downloads\Website\api\transactions.php(38): mysqli->query('SELECT t.id, t....')
#1 {main}

Error at 2026-03-28 15:35:12
Message: Table 'pos_inventory_system_db.products' doesn't exist
Stack trace: #0 C:\Users\Asus\Downloads\Website\api\products.php(36): mysqli->query('SELECT p.id, p....')
#1 {main}

Error at 2026-03-28 15:35:12 (transactions.php)
Message: Table 'pos_inventory_system_db.transactions' doesn't exist
Stack trace: #0 C:\Users\Asus\Downloads\Website\api\transactions.php(38): mysqli->query('SELECT t.id, t....')
#1 {main}

Error at 2026-03-28 15:35:13
Message: Table 'pos_inventory_system_db.products' doesn't exist
Stack trace: #0 C:\Users\Asus\Downloads\Website\api\products.php(36): mysqli->query('SELECT p.id, p....')
#1 {main}

Error at 2026-03-28 15:35:13 (transactions.php)
Message: Table 'pos_inventory_system_db.transactions' doesn't exist
Stack trace: #0 C:\Users\Asus\Downloads\Website\api\transactions.php(38): mysqli->query('SELECT t.id, t....')
#1 {main}

Error at 2026-03-28 15:35:14
Message: Table 'pos_inventory_system_db.products' doesn't exist
Stack trace: #0 C:\Users\Asus\Downloads\Website\api\products.php(36): mysqli->query('SELECT p.id, p....')
#1 {main}

Error at 2026-03-28 15:35:14 (transactions.php)
Message: Table 'pos_inventory_system_db.transactions' doesn't exist
Stack trace: #0 C:\Users\Asus\Downloads\Website\api\transactions.php(38): mysqli->query('SELECT t.id, t....')
#1 {main}

Error at 2026-03-28 15:35:15
Message: Table 'pos_inventory_system_db.products' doesn't exist
Stack trace: #0 C:\Users\Asus\Downloads\Website\api\products.php(36): mysqli->query('SELECT p.id, p....')
#1 {main}

Error at 2026-03-28 15:35:15 (transactions.php)
Message: Table 'pos_inventory_system_db.transactions' doesn't exist
Stack trace: #0 C:\Users\Asus\Downloads\Website\api\transactions.php(38): mysqli->query('SELECT t.id, t....')
#1 {main}

Error at 2026-03-28 15:35:16
Message: Table 'pos_inventory_system_db.products' doesn't exist
Stack trace: #0 C:\Users\Asus\Downloads\Website\api\products.php(36): mysqli->query('SELECT p.id, p....')
#1 {main}

Error at 2026-03-28 15:35:16 (transactions.php)
Message: Table 'pos_inventory_system_db.transactions' doesn't exist
Stack trace: #0 C:\Users\Asus\Downloads\Website\api\transactions.php(38): mysqli->query('SELECT t.id, t....')
#1 {main}

Error at 2026-03-28 15:35:17
Message: Table 'pos_inventory_system_db.products' doesn't exist
Stack trace: #0 C:\Users\Asus\Downloads\Website\api\products.php(36): mysqli->query('SELECT p.id, p....')
#1 {main}

Error at 2026-03-28 15:35:18 (transactions.php)
Message: Table 'pos_inventory_system_db.transactions' doesn't exist
Stack trace: #0 C:\Users\Asus\Downloads\Website\api\transactions.php(38): mysqli->query('SELECT t.id, t....')
#1 {main}

Error at 2026-03-28 15:35:18
Message: Table 'pos_inventory_system_db.products' doesn't exist
Stack trace: #0 C:\Users\Asus\Downloads\Website\api\products.php(36): mysqli->query('SELECT p.id, p....')
#1 {main}

Error at 2026-03-28 15:35:18 (transactions.php)
Message: Table 'pos_inventory_system_db.transactions' doesn't exist
Stack trace: #0 C:\Users\Asus\Downloads\Website\api\transactions.php(38): mysqli->query('SELECT t.id, t....')
#1 {main}

Error at 2026-03-28 15:35:19
Message: Table 'pos_inventory_system_db.products' doesn't exist
Stack trace: #0 C:\Users\Asus\Downloads\Website\api\products.php(36): mysqli->query('SELECT p.id, p....')
#1 {main}

Error at 2026-03-28 15:35:19 (transactions.php)
Message: Table 'pos_inventory_system_db.transactions' doesn't exist
Stack trace: #0 C:\Users\Asus\Downloads\Website\api\transactions.php(38): mysqli->query('SELECT t.id, t....')
#1 {main}

Error at 2026-03-28 15:35:20
Message: Table 'pos_inventory_system_db.products' doesn't exist
Stack trace: #0 C:\Users\Asus\Downloads\Website\api\products.php(36): mysqli->query('SELECT p.id, p....')
#1 {main}

Error at 2026-03-28 15:35:20 (transactions.php)
Message: Table 'pos_inventory_system_db.transactions' doesn't exist
Stack trace: #0 C:\Users\Asus\Downloads\Website\api\transactions.php(38): mysqli->query('SELECT t.id, t....')
#1 {main}

Error at 2026-03-28 15:35:21
Message: Table 'pos_inventory_system_db.products' doesn't exist
Stack trace: #0 C:\Users\Asus\Downloads\Website\api\products.php(36): mysqli->query('SELECT p.id, p....')
#1 {main}

Error at 2026-03-28 15:35:21 (transactions.php)
Message: Table 'pos_inventory_system_db.transactions' doesn't exist
Stack trace: #0 C:\Users\Asus\Downloads\Website\api\transactions.php(38): mysqli->query('SELECT t.id, t....')
#1 {main}

Error at 2026-03-28 15:35:22
Message: Table 'pos_inventory_system_db.products' doesn't exist
Stack trace: #0 C:\Users\Asus\Downloads\Website\api\products.php(36): mysqli->query('SELECT p.id, p....')
#1 {main}

Error at 2026-03-28 15:35:22 (transactions.php)
Message: Table 'pos_inventory_system_db.transactions' doesn't exist
Stack trace: #0 C:\Users\Asus\Downloads\Website\api\transactions.php(38): mysqli->query('SELECT t.id, t....')
#1 {main}

Error at 2026-03-28 15:35:23
Message: Table 'pos_inventory_system_db.products' doesn't exist
Stack trace: #0 C:\Users\Asus\Downloads\Website\api\products.php(36): mysqli->query('SELECT p.id, p....')
#1 {main}

Error at 2026-03-28 15:35:24 (transactions.php)
Message: Table 'pos_inventory_system_db.transactions' doesn't exist
Stack trace: #0 C:\Users\Asus\Downloads\Website\api\transactions.php(38): mysqli->query('SELECT t.id, t....')
#1 {main}

Error at 2026-03-28 15:35:24
Message: Table 'pos_inventory_system_db.products' doesn't exist
Stack trace: #0 C:\Users\Asus\Downloads\Website\api\products.php(36): mysqli->query('SELECT p.id, p....')
#1 {main}

Error at 2026-03-28 15:35:24 (transactions.php)
Message: Table 'pos_inventory_system_db.transactions' doesn't exist
Stack trace: #0 C:\Users\Asus\Downloads\Website\api\transactions.php(38): mysqli->query('SELECT t.id, t....')
#1 {main}

Error at 2026-03-28 15:35:25
Message: Table 'pos_inventory_system_db.products' doesn't exist
Stack trace: #0 C:\Users\Asus\Downloads\Website\api\products.php(36): mysqli->query('SELECT p.id, p....')
#1 {main}

Error at 2026-03-28 15:35:26 (transactions.php)
Message: Table 'pos_inventory_system_db.transactions' doesn't exist
Stack trace: #0 C:\Users\Asus\Downloads\Website\api\transactions.php(38): mysqli->query('SELECT t.id, t....')
#1 {main}

Error at 2026-03-28 15:35:26
Message: Table 'pos_inventory_system_db.products' doesn't exist
Stack trace: #0 C:\Users\Asus\Downloads\Website\api\products.php(36): mysqli->query('SELECT p.id, p....')
#1 {main}

Error at 2026-03-28 15:35:26 (transactions.php)
Message: Table 'pos_inventory_system_db.transactions' doesn't exist
Stack trace: #0 C:\Users\Asus\Downloads\Website\api\transactions.php(38): mysqli->query('SELECT t.id, t....')
#1 {main}

Error at 2026-03-28 15:35:27
Message: Table 'pos_inventory_system_db.products' doesn't exist
Stack trace: #0 C:\Users\Asus\Downloads\Website\api\products.php(36): mysqli->query('SELECT p.id, p....')
#1 {main}

Error at 2026-03-28 15:35:27 (transactions.php)
Message: Table 'pos_inventory_system_db.transactions' doesn't exist
Stack trace: #0 C:\Users\Asus\Downloads\Website\api\transactions.php(38): mysqli->query('SELECT t.id, t....')
#1 {main}

Error at 2026-03-28 15:35:28
Message: Table 'pos_inventory_system_db.products' doesn't exist
Stack trace: #0 C:\Users\Asus\Downloads\Website\api\products.php(36): mysqli->query('SELECT p.id, p....')
#1 {main}

Error at 2026-03-28 15:35:28 (transactions.php)
Message: Table 'pos_inventory_system_db.transactions' doesn't exist
Stack trace: #0 C:\Users\Asus\Downloads\Website\api\transactions.php(38): mysqli->query('SELECT t.id, t....')
#1 {main}

Error at 2026-03-28 15:35:29
Message: Table 'pos_inventory_system_db.products' doesn't exist
Stack trace: #0 C:\Users\Asus\Downloads\Website\api\products.php(36): mysqli->query('SELECT p.id, p....')
#1 {main}

Error at 2026-03-28 15:35:29 (transactions.php)
Message: Table 'pos_inventory_system_db.transactions' doesn't exist
Stack trace: #0 C:\Users\Asus\Downloads\Website\api\transactions.php(38): mysqli->query('SELECT t.id, t....')
#1 {main}

Error at 2026-03-28 15:35:30
Message: Table 'pos_inventory_system_db.products' doesn't exist
Stack trace: #0 C:\Users\Asus\Downloads\Website\api\products.php(36): mysqli->query('SELECT p.id, p....')
#1 {main}

Error at 2026-03-28 15:35:30 (transactions.php)
Message: Table 'pos_inventory_system_db.transactions' doesn't exist
Stack trace: #0 C:\Users\Asus\Downloads\Website\api\transactions.php(38): mysqli->query('SELECT t.id, t....')
#1 {main}

Error at 2026-03-28 15:35:31
Message: Table 'pos_inventory_system_db.products' doesn't exist
Stack trace: #0 C:\Users\Asus\Downloads\Website\api\products.php(36): mysqli->query('SELECT p.id, p....')
#1 {main}

Error at 2026-03-28 15:35:32 (transactions.php)
Message: Table 'pos_inventory_system_db.transactions' doesn't exist
Stack trace: #0 C:\Users\Asus\Downloads\Website\api\transactions.php(38): mysqli->query('SELECT t.id, t....')
#1 {main}

Error at 2026-03-28 15:35:32
Message: Table 'pos_inventory_system_db.products' doesn't exist
Stack trace: #0 C:\Users\Asus\Downloads\Website\api\products.php(36): mysqli->query('SELECT p.id, p....')
#1 {main}

Error at 2026-03-28 15:35:32 (transactions.php)
Message: Table 'pos_inventory_system_db.transactions' doesn't exist
Stack trace: #0 C:\Users\Asus\Downloads\Website\api\transactions.php(38): mysqli->query('SELECT t.id, t....')
#1 {main}

Error at 2026-03-28 15:35:33
Message: Table 'pos_inventory_system_db.products' doesn't exist
Stack trace: #0 C:\Users\Asus\Downloads\Website\api\products.php(36): mysqli->query('SELECT p.id, p....')
#1 {main}

Error at 2026-03-28 15:35:34 (transactions.php)
Message: Table 'pos_inventory_system_db.transactions' doesn't exist
Stack trace: #0 C:\Users\Asus\Downloads\Website\api\transactions.php(38): mysqli->query('SELECT t.id, t....')
#1 {main}

Error at 2026-03-28 15:35:34
Message: Table 'pos_inventory_system_db.products' doesn't exist
Stack trace: #0 C:\Users\Asus\Downloads\Website\api\products.php(36): mysqli->query('SELECT p.id, p....')
#1 {main}

Error at 2026-03-28 15:35:34 (transactions.php)
Message: Table 'pos_inventory_system_db.transactions' doesn't exist
Stack trace: #0 C:\Users\Asus\Downloads\Website\api\transactions.php(38): mysqli->query('SELECT t.id, t....')
#1 {main}

Error at 2026-03-28 15:35:35
Message: Table 'pos_inventory_system_db.products' doesn't exist
Stack trace: #0 C:\Users\Asus\Downloads\Website\api\products.php(36): mysqli->query('SELECT p.id, p....')
#1 {main}

Error at 2026-03-28 15:35:35 (transactions.php)
Message: Table 'pos_inventory_system_db.transactions' doesn't exist
Stack trace: #0 C:\Users\Asus\Downloads\Website\api\transactions.php(38): mysqli->query('SELECT t.id, t....')
#1 {main}

Error at 2026-03-28 15:35:36
Message: Table 'pos_inventory_system_db.products' doesn't exist
Stack trace: #0 C:\Users\Asus\Downloads\Website\api\products.php(36): mysqli->query('SELECT p.id, p....')
#1 {main}

Error at 2026-03-28 15:35:36 (transactions.php)
Message: Table 'pos_inventory_system_db.transactions' doesn't exist
Stack trace: #0 C:\Users\Asus\Downloads\Website\api\transactions.php(38): mysqli->query('SELECT t.id, t....')
#1 {main}

Error at 2026-03-28 15:35:37
Message: Table 'pos_inventory_system_db.products' doesn't exist
Stack trace: #0 C:\Users\Asus\Downloads\Website\api\products.php(36): mysqli->query('SELECT p.id, p....')
#1 {main}

Error at 2026-03-28 15:35:38 (transactions.php)
Message: Table 'pos_inventory_system_db.transactions' doesn't exist
Stack trace: #0 C:\Users\Asus\Downloads\Website\api\transactions.php(38): mysqli->query('SELECT t.id, t....')
#1 {main}

Error at 2026-03-28 15:35:38
Message: Table 'pos_inventory_system_db.products' doesn't exist
Stack trace: #0 C:\Users\Asus\Downloads\Website\api\products.php(36): mysqli->query('SELECT p.id, p....')
#1 {main}

Error at 2026-03-28 15:35:38 (transactions.php)
Message: Table 'pos_inventory_system_db.transactions' doesn't exist
Stack trace: #0 C:\Users\Asus\Downloads\Website\api\transactions.php(38): mysqli->query('SELECT t.id, t....')
#1 {main}

Error at 2026-03-28 15:35:39
Message: Table 'pos_inventory_system_db.products' doesn't exist
Stack trace: #0 C:\Users\Asus\Downloads\Website\api\products.php(36): mysqli->query('SELECT p.id, p....')
#1 {main}

Error at 2026-03-28 15:35:39 (transactions.php)
Message: Table 'pos_inventory_system_db.transactions' doesn't exist
Stack trace: #0 C:\Users\Asus\Downloads\Website\api\transactions.php(38): mysqli->query('SELECT t.id, t....')
#1 {main}

Error at 2026-03-28 15:35:39
Message: Table 'pos_inventory_system_db.products' doesn't exist
Stack trace: #0 C:\Users\Asus\Downloads\Website\api\products.php(36): mysqli->query('SELECT p.id, p....')
#1 {main}

Error at 2026-03-28 15:35:39 (transactions.php)
Message: Table 'pos_inventory_system_db.transactions' doesn't exist
Stack trace: #0 C:\Users\Asus\Downloads\Website\api\transactions.php(38): mysqli->query('SELECT t.id, t....')
#1 {main}

Error at 2026-03-28 15:35:39
Message: Table 'pos_inventory_system_db.products' doesn't exist
Stack trace: #0 C:\Users\Asus\Downloads\Website\api\products.php(36): mysqli->query('SELECT p.id, p....')
#1 {main}

Error at 2026-03-28 15:35:39 (transactions.php)
Message: Table 'pos_inventory_system_db.transactions' doesn't exist
Stack trace: #0 C:\Users\Asus\Downloads\Website\api\transactions.php(38): mysqli->query('SELECT t.id, t....')
#1 {main}

Error at 2026-03-28 15:35:40
Message: Table 'pos_inventory_system_db.products' doesn't exist
Stack trace: #0 C:\Users\Asus\Downloads\Website\api\products.php(36): mysqli->query('SELECT p.id, p....')
#1 {main}

Error at 2026-03-28 15:35:40 (transactions.php)
Message: Table 'pos_inventory_system_db.transactions' doesn't exist
Stack trace: #0 C:\Users\Asus\Downloads\Website\api\transactions.php(38): mysqli->query('SELECT t.id, t....')
#1 {main}

Error at 2026-03-28 15:35:41
Message: Table 'pos_inventory_system_db.products' doesn't exist
Stack trace: #0 C:\Users\Asus\Downloads\Website\api\products.php(36): mysqli->query('SELECT p.id, p....')
#1 {main}

Error at 2026-03-28 15:35:41 (transactions.php)
Message: Table 'pos_inventory_system_db.transactions' doesn't exist
Stack trace: #0 C:\Users\Asus\Downloads\Website\api\transactions.php(38): mysqli->query('SELECT t.id, t....')
#1 {main}

Error at 2026-03-28 15:35:42
Message: Table 'pos_inventory_system_db.products' doesn't exist
Stack trace: #0 C:\Users\Asus\Downloads\Website\api\products.php(36): mysqli->query('SELECT p.id, p....')
#1 {main}

Error at 2026-03-28 15:35:42 (transactions.php)
Message: Table 'pos_inventory_system_db.transactions' doesn't exist
Stack trace: #0 C:\Users\Asus\Downloads\Website\api\transactions.php(38): mysqli->query('SELECT t.id, t....')
#1 {main}

Error at 2026-03-28 15:35:43
Message: Table 'pos_inventory_system_db.products' doesn't exist
Stack trace: #0 C:\Users\Asus\Downloads\Website\api\products.php(36): mysqli->query('SELECT p.id, p....')
#1 {main}

Error at 2026-03-28 15:35:44 (transactions.php)
Message: Table 'pos_inventory_system_db.transactions' doesn't exist
Stack trace: #0 C:\Users\Asus\Downloads\Website\api\transactions.php(38): mysqli->query('SELECT t.id, t....')
#1 {main}

Error at 2026-03-28 15:35:44
Message: Table 'pos_inventory_system_db.products' doesn't exist
Stack trace: #0 C:\Users\Asus\Downloads\Website\api\products.php(36): mysqli->query('SELECT p.id, p....')
#1 {main}

Error at 2026-03-28 15:35:44 (transactions.php)
Message: Table 'pos_inventory_system_db.transactions' doesn't exist
Stack trace: #0 C:\Users\Asus\Downloads\Website\api\transactions.php(38): mysqli->query('SELECT t.id, t....')
#1 {main}

Error at 2026-03-28 15:35:45
Message: Table 'pos_inventory_system_db.products' doesn't exist
Stack trace: #0 C:\Users\Asus\Downloads\Website\api\products.php(36): mysqli->query('SELECT p.id, p....')
#1 {main}

Error at 2026-03-28 15:35:45 (transactions.php)
Message: Table 'pos_inventory_system_db.transactions' doesn't exist
Stack trace: #0 C:\Users\Asus\Downloads\Website\api\transactions.php(38): mysqli->query('SELECT t.id, t....')
#1 {main}

Error at 2026-03-28 15:35:46
Message: Table 'pos_inventory_system_db.products' doesn't exist
Stack trace: #0 C:\Users\Asus\Downloads\Website\api\products.php(36): mysqli->query('SELECT p.id, p....')
#1 {main}

Error at 2026-03-28 15:35:46 (transactions.php)
Message: Table 'pos_inventory_system_db.transactions' doesn't exist
Stack trace: #0 C:\Users\Asus\Downloads\Website\api\transactions.php(38): mysqli->query('SELECT t.id, t....')
#1 {main}

Error at 2026-03-28 15:35:47
Message: Table 'pos_inventory_system_db.products' doesn't exist
Stack trace: #0 C:\Users\Asus\Downloads\Website\api\products.php(36): mysqli->query('SELECT p.id, p....')
#1 {main}

Error at 2026-03-28 15:35:47 (transactions.php)
Message: Table 'pos_inventory_system_db.transactions' doesn't exist
Stack trace: #0 C:\Users\Asus\Downloads\Website\api\transactions.php(38): mysqli->query('SELECT t.id, t....')
#1 {main}

Error at 2026-03-28 15:35:48
Message: Table 'pos_inventory_system_db.products' doesn't exist
Stack trace: #0 C:\Users\Asus\Downloads\Website\api\products.php(36): mysqli->query('SELECT p.id, p....')
#1 {main}

Error at 2026-03-28 15:35:48 (transactions.php)
Message: Table 'pos_inventory_system_db.transactions' doesn't exist
Stack trace: #0 C:\Users\Asus\Downloads\Website\api\transactions.php(38): mysqli->query('SELECT t.id, t....')
#1 {main}

Error at 2026-03-28 15:35:49
Message: Table 'pos_inventory_system_db.products' doesn't exist
Stack trace: #0 C:\Users\Asus\Downloads\Website\api\products.php(36): mysqli->query('SELECT p.id, p....')
#1 {main}

Error at 2026-03-28 15:35:50 (transactions.php)
Message: Table 'pos_inventory_system_db.transactions' doesn't exist
Stack trace: #0 C:\Users\Asus\Downloads\Website\api\transactions.php(38): mysqli->query('SELECT t.id, t....')
#1 {main}

Error at 2026-03-28 15:35:50
Message: Table 'pos_inventory_system_db.products' doesn't exist
Stack trace: #0 C:\Users\Asus\Downloads\Website\api\products.php(36): mysqli->query('SELECT p.id, p....')
#1 {main}

Error at 2026-03-28 15:35:50 (transactions.php)
Message: Table 'pos_inventory_system_db.transactions' doesn't exist
Stack trace: #0 C:\Users\Asus\Downloads\Website\api\transactions.php(38): mysqli->query('SELECT t.id, t....')
#1 {main}

Error at 2026-03-28 15:35:51
Message: Table 'pos_inventory_system_db.products' doesn't exist
Stack trace: #0 C:\Users\Asus\Downloads\Website\api\products.php(36): mysqli->query('SELECT p.id, p....')
#1 {main}

Error at 2026-03-28 15:35:51 (transactions.php)
Message: Table 'pos_inventory_system_db.transactions' doesn't exist
Stack trace: #0 C:\Users\Asus\Downloads\Website\api\transactions.php(38): mysqli->query('SELECT t.id, t....')
#1 {main}

Error at 2026-03-28 15:35:52
Message: Table 'pos_inventory_system_db.products' doesn't exist
Stack trace: #0 C:\Users\Asus\Downloads\Website\api\products.php(36): mysqli->query('SELECT p.id, p....')
#1 {main}

Error at 2026-03-28 15:35:52 (transactions.php)
Message: Table 'pos_inventory_system_db.transactions' doesn't exist
Stack trace: #0 C:\Users\Asus\Downloads\Website\api\transactions.php(38): mysqli->query('SELECT t.id, t....')
#1 {main}

Error at 2026-03-28 15:35:53
Message: Table 'pos_inventory_system_db.products' doesn't exist
Stack trace: #0 C:\Users\Asus\Downloads\Website\api\products.php(36): mysqli->query('SELECT p.id, p....')
#1 {main}

Error at 2026-03-28 15:35:53 (transactions.php)
Message: Table 'pos_inventory_system_db.transactions' doesn't exist
Stack trace: #0 C:\Users\Asus\Downloads\Website\api\transactions.php(38): mysqli->query('SELECT t.id, t....')
#1 {main}

Error at 2026-03-28 15:35:54
Message: Table 'pos_inventory_system_db.products' doesn't exist
Stack trace: #0 C:\Users\Asus\Downloads\Website\api\products.php(36): mysqli->query('SELECT p.id, p....')
#1 {main}

Error at 2026-03-28 15:35:54 (transactions.php)
Message: Table 'pos_inventory_system_db.transactions' doesn't exist
Stack trace: #0 C:\Users\Asus\Downloads\Website\api\transactions.php(38): mysqli->query('SELECT t.id, t....')
#1 {main}

Error at 2026-03-28 15:35:55
Message: Table 'pos_inventory_system_db.products' doesn't exist
Stack trace: #0 C:\Users\Asus\Downloads\Website\api\products.php(36): mysqli->query('SELECT p.id, p....')
#1 {main}

Error at 2026-03-28 15:35:55 (transactions.php)
Message: Table 'pos_inventory_system_db.transactions' doesn't exist
Stack trace: #0 C:\Users\Asus\Downloads\Website\api\transactions.php(38): mysqli->query('SELECT t.id, t....')
#1 {main}

Error at 2026-03-28 15:35:56
Message: Table 'pos_inventory_system_db.products' doesn't exist
Stack trace: #0 C:\Users\Asus\Downloads\Website\api\products.php(36): mysqli->query('SELECT p.id, p....')
#1 {main}

Error at 2026-03-28 15:35:56 (transactions.php)
Message: Table 'pos_inventory_system_db.transactions' doesn't exist
Stack trace: #0 C:\Users\Asus\Downloads\Website\api\transactions.php(38): mysqli->query('SELECT t.id, t....')
#1 {main}

Error at 2026-03-28 15:35:57
Message: Table 'pos_inventory_system_db.products' doesn't exist
Stack trace: #0 C:\Users\Asus\Downloads\Website\api\products.php(36): mysqli->query('SELECT p.id, p....')
#1 {main}

Error at 2026-03-28 15:35:57 (transactions.php)
Message: Table 'pos_inventory_system_db.transactions' doesn't exist
Stack trace: #0 C:\Users\Asus\Downloads\Website\api\transactions.php(38): mysqli->query('SELECT t.id, t....')
#1 {main}

Error at 2026-03-28 15:35:58
Message: Table 'pos_inventory_system_db.products' doesn't exist
Stack trace: #0 C:\Users\Asus\Downloads\Website\api\products.php(36): mysqli->query('SELECT p.id, p....')
#1 {main}

Error at 2026-03-28 15:35:58 (transactions.php)
Message: Table 'pos_inventory_system_db.transactions' doesn't exist
Stack trace: #0 C:\Users\Asus\Downloads\Website\api\transactions.php(38): mysqli->query('SELECT t.id, t....')
#1 {main}

Error at 2026-03-28 15:35:59
Message: Table 'pos_inventory_system_db.products' doesn't exist
Stack trace: #0 C:\Users\Asus\Downloads\Website\api\products.php(36): mysqli->query('SELECT p.id, p....')
#1 {main}

Error at 2026-03-28 15:35:59 (transactions.php)
Message: Table 'pos_inventory_system_db.transactions' doesn't exist
Stack trace: #0 C:\Users\Asus\Downloads\Website\api\transactions.php(38): mysqli->query('SELECT t.id, t....')
#1 {main}

Error at 2026-03-28 15:36:00
Message: Table 'pos_inventory_system_db.products' doesn't exist
Stack trace: #0 C:\Users\Asus\Downloads\Website\api\products.php(36): mysqli->query('SELECT p.id, p....')
#1 {main}

Error at 2026-03-28 15:36:00 (transactions.php)
Message: Table 'pos_inventory_system_db.transactions' doesn't exist
Stack trace: #0 C:\Users\Asus\Downloads\Website\api\transactions.php(38): mysqli->query('SELECT t.id, t....')
#1 {main}

Error at 2026-03-28 15:36:01
Message: Table 'pos_inventory_system_db.products' doesn't exist
Stack trace: #0 C:\Users\Asus\Downloads\Website\api\products.php(36): mysqli->query('SELECT p.id, p....')
#1 {main}

Error at 2026-03-28 15:36:01 (transactions.php)
Message: Table 'pos_inventory_system_db.transactions' doesn't exist
Stack trace: #0 C:\Users\Asus\Downloads\Website\api\transactions.php(38): mysqli->query('SELECT t.id, t....')
#1 {main}

Error at 2026-03-28 15:36:02
Message: Table 'pos_inventory_system_db.products' doesn't exist
Stack trace: #0 C:\Users\Asus\Downloads\Website\api\products.php(36): mysqli->query('SELECT p.id, p....')
#1 {main}

Error at 2026-03-28 15:36:02 (transactions.php)
Message: Table 'pos_inventory_system_db.transactions' doesn't exist
Stack trace: #0 C:\Users\Asus\Downloads\Website\api\transactions.php(38): mysqli->query('SELECT t.id, t....')
#1 {main}

Error at 2026-03-28 15:36:03
Message: Table 'pos_inventory_system_db.products' doesn't exist
Stack trace: #0 C:\Users\Asus\Downloads\Website\api\products.php(36): mysqli->query('SELECT p.id, p....')
#1 {main}

Error at 2026-03-28 15:36:03 (transactions.php)
Message: Table 'pos_inventory_system_db.transactions' doesn't exist
Stack trace: #0 C:\Users\Asus\Downloads\Website\api\transactions.php(38): mysqli->query('SELECT t.id, t....')
#1 {main}

Error at 2026-03-28 15:36:04
Message: Table 'pos_inventory_system_db.products' doesn't exist
Stack trace: #0 C:\Users\Asus\Downloads\Website\api\products.php(36): mysqli->query('SELECT p.id, p....')
#1 {main}

Error at 2026-03-28 15:36:04 (transactions.php)
Message: Table 'pos_inventory_system_db.transactions' doesn't exist
Stack trace: #0 C:\Users\Asus\Downloads\Website\api\transactions.php(38): mysqli->query('SELECT t.id, t....')
#1 {main}

Error at 2026-03-28 15:36:05
Message: Table 'pos_inventory_system_db.products' doesn't exist
Stack trace: #0 C:\Users\Asus\Downloads\Website\api\products.php(36): mysqli->query('SELECT p.id, p....')
#1 {main}

Error at 2026-03-28 15:36:05 (transactions.php)
Message: Table 'pos_inventory_system_db.transactions' doesn't exist
Stack trace: #0 C:\Users\Asus\Downloads\Website\api\transactions.php(38): mysqli->query('SELECT t.id, t....')
#1 {main}

Error at 2026-03-28 15:36:06
Message: Table 'pos_inventory_system_db.products' doesn't exist
Stack trace: #0 C:\Users\Asus\Downloads\Website\api\products.php(36): mysqli->query('SELECT p.id, p....')
#1 {main}

Error at 2026-03-28 15:36:06 (transactions.php)
Message: Table 'pos_inventory_system_db.transactions' doesn't exist
Stack trace: #0 C:\Users\Asus\Downloads\Website\api\transactions.php(38): mysqli->query('SELECT t.id, t....')
#1 {main}

Error at 2026-03-28 15:36:07
Message: Table 'pos_inventory_system_db.products' doesn't exist
Stack trace: #0 C:\Users\Asus\Downloads\Website\api\products.php(36): mysqli->query('SELECT p.id, p....')
#1 {main}

Error at 2026-03-28 15:36:07 (transactions.php)
Message: Table 'pos_inventory_system_db.transactions' doesn't exist
Stack trace: #0 C:\Users\Asus\Downloads\Website\api\transactions.php(38): mysqli->query('SELECT t.id, t....')
#1 {main}

Error at 2026-03-28 15:36:08
Message: Table 'pos_inventory_system_db.products' doesn't exist
Stack trace: #0 C:\Users\Asus\Downloads\Website\api\products.php(36): mysqli->query('SELECT p.id, p....')
#1 {main}

Error at 2026-03-28 15:36:08 (transactions.php)
Message: Table 'pos_inventory_system_db.transactions' doesn't exist
Stack trace: #0 C:\Users\Asus\Downloads\Website\api\transactions.php(38): mysqli->query('SELECT t.id, t....')
#1 {main}

Error at 2026-03-28 15:36:09
Message: Table 'pos_inventory_system_db.products' doesn't exist
Stack trace: #0 C:\Users\Asus\Downloads\Website\api\products.php(36): mysqli->query('SELECT p.id, p....')
#1 {main}

Error at 2026-03-28 15:36:09 (transactions.php)
Message: Table 'pos_inventory_system_db.transactions' doesn't exist
Stack trace: #0 C:\Users\Asus\Downloads\Website\api\transactions.php(38): mysqli->query('SELECT t.id, t....')
#1 {main}

Error at 2026-03-28 15:36:10
Message: Table 'pos_inventory_system_db.products' doesn't exist
Stack trace: #0 C:\Users\Asus\Downloads\Website\api\products.php(36): mysqli->query('SELECT p.id, p....')
#1 {main}

Error at 2026-03-28 15:36:10 (transactions.php)
Message: Table 'pos_inventory_system_db.transactions' doesn't exist
Stack trace: #0 C:\Users\Asus\Downloads\Website\api\transactions.php(38): mysqli->query('SELECT t.id, t....')
#1 {main}

Error at 2026-03-28 15:36:11
Message: Table 'pos_inventory_system_db.products' doesn't exist
Stack trace: #0 C:\Users\Asus\Downloads\Website\api\products.php(36): mysqli->query('SELECT p.id, p....')
#1 {main}

Error at 2026-03-28 15:36:11 (transactions.php)
Message: Table 'pos_inventory_system_db.transactions' doesn't exist
Stack trace: #0 C:\Users\Asus\Downloads\Website\api\transactions.php(38): mysqli->query('SELECT t.id, t....')
#1 {main}

Error at 2026-03-28 15:36:12
Message: Table 'pos_inventory_system_db.products' doesn't exist
Stack trace: #0 C:\Users\Asus\Downloads\Website\api\products.php(36): mysqli->query('SELECT p.id, p....')
#1 {main}

Error at 2026-03-28 15:36:12 (transactions.php)
Message: Table 'pos_inventory_system_db.transactions' doesn't exist
Stack trace: #0 C:\Users\Asus\Downloads\Website\api\transactions.php(38): mysqli->query('SELECT t.id, t....')
#1 {main}

Error at 2026-03-28 15:36:13
Message: Table 'pos_inventory_system_db.products' doesn't exist
Stack trace: #0 C:\Users\Asus\Downloads\Website\api\products.php(36): mysqli->query('SELECT p.id, p....')
#1 {main}

Error at 2026-03-28 15:36:13 (transactions.php)
Message: Table 'pos_inventory_system_db.transactions' doesn't exist
Stack trace: #0 C:\Users\Asus\Downloads\Website\api\transactions.php(38): mysqli->query('SELECT t.id, t....')
#1 {main}

Error at 2026-03-28 15:36:14
Message: Table 'pos_inventory_system_db.products' doesn't exist
Stack trace: #0 C:\Users\Asus\Downloads\Website\api\products.php(36): mysqli->query('SELECT p.id, p....')
#1 {main}

Error at 2026-03-28 15:36:14 (transactions.php)
Message: Table 'pos_inventory_system_db.transactions' doesn't exist
Stack trace: #0 C:\Users\Asus\Downloads\Website\api\transactions.php(38): mysqli->query('SELECT t.id, t....')
#1 {main}

Error at 2026-03-28 15:36:15
Message: Table 'pos_inventory_system_db.products' doesn't exist
Stack trace: #0 C:\Users\Asus\Downloads\Website\api\products.php(36): mysqli->query('SELECT p.id, p....')
#1 {main}

Error at 2026-03-28 15:36:15 (transactions.php)
Message: Table 'pos_inventory_system_db.transactions' doesn't exist
Stack trace: #0 C:\Users\Asus\Downloads\Website\api\transactions.php(38): mysqli->query('SELECT t.id, t....')
#1 {main}

Error at 2026-03-28 15:36:16
Message: Table 'pos_inventory_system_db.products' doesn't exist
Stack trace: #0 C:\Users\Asus\Downloads\Website\api\products.php(36): mysqli->query('SELECT p.id, p....')
#1 {main}

Error at 2026-03-28 15:36:16 (transactions.php)
Message: Table 'pos_inventory_system_db.transactions' doesn't exist
Stack trace: #0 C:\Users\Asus\Downloads\Website\api\transactions.php(38): mysqli->query('SELECT t.id, t....')
#1 {main}

Error at 2026-03-28 15:36:17
Message: Table 'pos_inventory_system_db.products' doesn't exist
Stack trace: #0 C:\Users\Asus\Downloads\Website\api\products.php(36): mysqli->query('SELECT p.id, p....')
#1 {main}

Error at 2026-03-28 15:36:18 (transactions.php)
Message: Table 'pos_inventory_system_db.transactions' doesn't exist
Stack trace: #0 C:\Users\Asus\Downloads\Website\api\transactions.php(38): mysqli->query('SELECT t.id, t....')
#1 {main}

Error at 2026-03-28 15:36:18
Message: Table 'pos_inventory_system_db.products' doesn't exist
Stack trace: #0 C:\Users\Asus\Downloads\Website\api\products.php(36): mysqli->query('SELECT p.id, p....')
#1 {main}

Error at 2026-03-28 15:36:18 (transactions.php)
Message: Table 'pos_inventory_system_db.transactions' doesn't exist
Stack trace: #0 C:\Users\Asus\Downloads\Website\api\transactions.php(38): mysqli->query('SELECT t.id, t....')
#1 {main}

Error at 2026-03-28 15:36:19
Message: Table 'pos_inventory_system_db.products' doesn't exist
Stack trace: #0 C:\Users\Asus\Downloads\Website\api\products.php(36): mysqli->query('SELECT p.id, p....')
#1 {main}

Error at 2026-03-28 15:36:19 (transactions.php)
Message: Table 'pos_inventory_system_db.transactions' doesn't exist
Stack trace: #0 C:\Users\Asus\Downloads\Website\api\transactions.php(38): mysqli->query('SELECT t.id, t....')
#1 {main}

Error at 2026-03-28 15:36:20
Message: Table 'pos_inventory_system_db.products' doesn't exist
Stack trace: #0 C:\Users\Asus\Downloads\Website\api\products.php(36): mysqli->query('SELECT p.id, p....')
#1 {main}

Error at 2026-03-28 15:36:20 (transactions.php)
Message: Table 'pos_inventory_system_db.transactions' doesn't exist
Stack trace: #0 C:\Users\Asus\Downloads\Website\api\transactions.php(38): mysqli->query('SELECT t.id, t....')
#1 {main}

Error at 2026-03-28 15:36:21
Message: Table 'pos_inventory_system_db.products' doesn't exist
Stack trace: #0 C:\Users\Asus\Downloads\Website\api\products.php(36): mysqli->query('SELECT p.id, p....')
#1 {main}

Error at 2026-03-28 15:36:21 (transactions.php)
Message: Table 'pos_inventory_system_db.transactions' doesn't exist
Stack trace: #0 C:\Users\Asus\Downloads\Website\api\transactions.php(38): mysqli->query('SELECT t.id, t....')
#1 {main}

Error at 2026-03-28 15:36:22
Message: Table 'pos_inventory_system_db.products' doesn't exist
Stack trace: #0 C:\Users\Asus\Downloads\Website\api\products.php(36): mysqli->query('SELECT p.id, p....')
#1 {main}

Error at 2026-03-28 15:36:22 (transactions.php)
Message: Table 'pos_inventory_system_db.transactions' doesn't exist
Stack trace: #0 C:\Users\Asus\Downloads\Website\api\transactions.php(38): mysqli->query('SELECT t.id, t....')
#1 {main}

Error at 2026-03-28 15:36:23
Message: Table 'pos_inventory_system_db.products' doesn't exist
Stack trace: #0 C:\Users\Asus\Downloads\Website\api\products.php(36): mysqli->query('SELECT p.id, p....')
#1 {main}

Error at 2026-03-28 15:36:23 (transactions.php)
Message: Table 'pos_inventory_system_db.transactions' doesn't exist
Stack trace: #0 C:\Users\Asus\Downloads\Website\api\transactions.php(38): mysqli->query('SELECT t.id, t....')
#1 {main}

Error at 2026-03-28 15:36:24
Message: Table 'pos_inventory_system_db.products' doesn't exist
Stack trace: #0 C:\Users\Asus\Downloads\Website\api\products.php(36): mysqli->query('SELECT p.id, p....')
#1 {main}

Error at 2026-03-28 15:36:25 (transactions.php)
Message: Table 'pos_inventory_system_db.transactions' doesn't exist
Stack trace: #0 C:\Users\Asus\Downloads\Website\api\transactions.php(38): mysqli->query('SELECT t.id, t....')
#1 {main}

Error at 2026-03-28 15:36:25
Message: Table 'pos_inventory_system_db.products' doesn't exist
Stack trace: #0 C:\Users\Asus\Downloads\Website\api\products.php(36): mysqli->query('SELECT p.id, p....')
#1 {main}

Error at 2026-03-28 15:36:25 (transactions.php)
Message: Table 'pos_inventory_system_db.transactions' doesn't exist
Stack trace: #0 C:\Users\Asus\Downloads\Website\api\transactions.php(38): mysqli->query('SELECT t.id, t....')
#1 {main}

Error at 2026-03-28 15:36:26
Message: Table 'pos_inventory_system_db.products' doesn't exist
Stack trace: #0 C:\Users\Asus\Downloads\Website\api\products.php(36): mysqli->query('SELECT p.id, p....')
#1 {main}

Error at 2026-03-28 15:36:26 (transactions.php)
Message: Table 'pos_inventory_system_db.transactions' doesn't exist
Stack trace: #0 C:\Users\Asus\Downloads\Website\api\transactions.php(38): mysqli->query('SELECT t.id, t....')
#1 {main}

Error at 2026-03-28 15:36:27
Message: Table 'pos_inventory_system_db.products' doesn't exist
Stack trace: #0 C:\Users\Asus\Downloads\Website\api\products.php(36): mysqli->query('SELECT p.id, p....')
#1 {main}

Error at 2026-03-28 15:36:27 (transactions.php)
Message: Table 'pos_inventory_system_db.transactions' doesn't exist
Stack trace: #0 C:\Users\Asus\Downloads\Website\api\transactions.php(38): mysqli->query('SELECT t.id, t....')
#1 {main}

Error at 2026-03-28 15:36:28
Message: Table 'pos_inventory_system_db.products' doesn't exist
Stack trace: #0 C:\Users\Asus\Downloads\Website\api\products.php(36): mysqli->query('SELECT p.id, p....')
#1 {main}

Error at 2026-03-28 15:36:28 (transactions.php)
Message: Table 'pos_inventory_system_db.transactions' doesn't exist
Stack trace: #0 C:\Users\Asus\Downloads\Website\api\transactions.php(38): mysqli->query('SELECT t.id, t....')
#1 {main}

Error at 2026-03-28 15:36:29
Message: Table 'pos_inventory_system_db.products' doesn't exist
Stack trace: #0 C:\Users\Asus\Downloads\Website\api\products.php(36): mysqli->query('SELECT p.id, p....')
#1 {main}

Error at 2026-03-28 15:36:29 (transactions.php)
Message: Table 'pos_inventory_system_db.transactions' doesn't exist
Stack trace: #0 C:\Users\Asus\Downloads\Website\api\transactions.php(38): mysqli->query('SELECT t.id, t....')
#1 {main}

Error at 2026-03-28 15:36:30
Message: Table 'pos_inventory_system_db.products' doesn't exist
Stack trace: #0 C:\Users\Asus\Downloads\Website\api\products.php(36): mysqli->query('SELECT p.id, p....')
#1 {main}

Error at 2026-03-28 15:36:30 (transactions.php)
Message: Table 'pos_inventory_system_db.transactions' doesn't exist
Stack trace: #0 C:\Users\Asus\Downloads\Website\api\transactions.php(38): mysqli->query('SELECT t.id, t....')
#1 {main}

Error at 2026-03-28 15:36:31
Message: Table 'pos_inventory_system_db.products' doesn't exist
Stack trace: #0 C:\Users\Asus\Downloads\Website\api\products.php(36): mysqli->query('SELECT p.id, p....')
#1 {main}

Error at 2026-03-28 15:36:32 (transactions.php)
Message: Table 'pos_inventory_system_db.transactions' doesn't exist
Stack trace: #0 C:\Users\Asus\Downloads\Website\api\transactions.php(38): mysqli->query('SELECT t.id, t....')
#1 {main}

Error at 2026-03-28 15:36:32
Message: Table 'pos_inventory_system_db.products' doesn't exist
Stack trace: #0 C:\Users\Asus\Downloads\Website\api\products.php(36): mysqli->query('SELECT p.id, p....')
#1 {main}

Error at 2026-03-28 15:36:33 (transactions.php)
Message: Table 'pos_inventory_system_db.transactions' doesn't exist
Stack trace: #0 C:\Users\Asus\Downloads\Website\api\transactions.php(38): mysqli->query('SELECT t.id, t....')
#1 {main}

Error at 2026-03-28 15:36:33
Message: Table 'pos_inventory_system_db.products' doesn't exist
Stack trace: #0 C:\Users\Asus\Downloads\Website\api\products.php(36): mysqli->query('SELECT p.id, p....')
#1 {main}

Error at 2026-03-28 15:36:33 (transactions.php)
Message: Table 'pos_inventory_system_db.transactions' doesn't exist
Stack trace: #0 C:\Users\Asus\Downloads\Website\api\transactions.php(38): mysqli->query('SELECT t.id, t....')
#1 {main}

Error at 2026-03-28 15:36:34
Message: Table 'pos_inventory_system_db.products' doesn't exist
Stack trace: #0 C:\Users\Asus\Downloads\Website\api\products.php(36): mysqli->query('SELECT p.id, p....')
#1 {main}

Error at 2026-03-28 15:36:34 (transactions.php)
Message: Table 'pos_inventory_system_db.transactions' doesn't exist
Stack trace: #0 C:\Users\Asus\Downloads\Website\api\transactions.php(38): mysqli->query('SELECT t.id, t....')
#1 {main}

Error at 2026-03-28 15:36:36
Message: Table 'pos_inventory_system_db.products' doesn't exist
Stack trace: #0 C:\Users\Asus\Downloads\Website\api\products.php(36): mysqli->query('SELECT p.id, p....')
#1 {main}

Error at 2026-03-28 15:36:36 (transactions.php)
Message: Table 'pos_inventory_system_db.transactions' doesn't exist
Stack trace: #0 C:\Users\Asus\Downloads\Website\api\transactions.php(38): mysqli->query('SELECT t.id, t....')
#1 {main}

Error at 2026-03-28 15:36:36
Message: Table 'pos_inventory_system_db.products' doesn't exist
Stack trace: #0 C:\Users\Asus\Downloads\Website\api\products.php(36): mysqli->query('SELECT p.id, p....')
#1 {main}

Error at 2026-03-28 15:36:37 (transactions.php)
Message: Table 'pos_inventory_system_db.transactions' doesn't exist
Stack trace: #0 C:\Users\Asus\Downloads\Website\api\transactions.php(38): mysqli->query('SELECT t.id, t....')
#1 {main}

Error at 2026-03-28 15:36:37
Message: Table 'pos_inventory_system_db.products' doesn't exist
Stack trace: #0 C:\Users\Asus\Downloads\Website\api\products.php(36): mysqli->query('SELECT p.id, p....')
#1 {main}

Error at 2026-03-28 15:36:37 (transactions.php)
Message: Table 'pos_inventory_system_db.transactions' doesn't exist
Stack trace: #0 C:\Users\Asus\Downloads\Website\api\transactions.php(38): mysqli->query('SELECT t.id, t....')
#1 {main}

Error at 2026-03-28 15:36:38
Message: Table 'pos_inventory_system_db.products' doesn't exist
Stack trace: #0 C:\Users\Asus\Downloads\Website\api\products.php(36): mysqli->query('SELECT p.id, p....')
#1 {main}

Error at 2026-03-28 15:36:38 (transactions.php)
Message: Table 'pos_inventory_system_db.transactions' doesn't exist
Stack trace: #0 C:\Users\Asus\Downloads\Website\api\transactions.php(38): mysqli->query('SELECT t.id, t....')
#1 {main}

Error at 2026-03-28 15:36:39
Message: Table 'pos_inventory_system_db.products' doesn't exist
Stack trace: #0 C:\Users\Asus\Downloads\Website\api\products.php(36): mysqli->query('SELECT p.id, p....')
#1 {main}

Error at 2026-03-28 15:36:39
Message: Table 'pos_inventory_system_db.products' doesn't exist
Stack trace: #0 C:\Users\Asus\Downloads\Website\api\products.php(36): mysqli->query('SELECT p.id, p....')
#1 {main}

Error at 2026-03-28 15:36:39 (transactions.php)
Message: Table 'pos_inventory_system_db.transactions' doesn't exist
Stack trace: #0 C:\Users\Asus\Downloads\Website\api\transactions.php(38): mysqli->query('SELECT t.id, t....')
#1 {main}

Error at 2026-03-28 15:36:39 (transactions.php)
Message: Table 'pos_inventory_system_db.transactions' doesn't exist
Stack trace: #0 C:\Users\Asus\Downloads\Website\api\transactions.php(38): mysqli->query('SELECT t.id, t....')
#1 {main}

Error at 2026-03-28 15:36:39
Message: Table 'pos_inventory_system_db.products' doesn't exist
Stack trace: #0 C:\Users\Asus\Downloads\Website\api\products.php(36): mysqli->query('SELECT p.id, p....')
#1 {main}

Error at 2026-03-28 15:36:40 (transactions.php)
Message: Table 'pos_inventory_system_db.transactions' doesn't exist
Stack trace: #0 C:\Users\Asus\Downloads\Website\api\transactions.php(38): mysqli->query('SELECT t.id, t....')
#1 {main}

Error at 2026-03-28 15:36:40
Message: Table 'pos_inventory_system_db.products' doesn't exist
Stack trace: #0 C:\Users\Asus\Downloads\Website\api\products.php(36): mysqli->query('SELECT p.id, p....')
#1 {main}

Error at 2026-03-28 15:36:40 (transactions.php)
Message: Table 'pos_inventory_system_db.transactions' doesn't exist
Stack trace: #0 C:\Users\Asus\Downloads\Website\api\transactions.php(38): mysqli->query('SELECT t.id, t....')
#1 {main}

Error at 2026-03-28 15:36:41
Message: Table 'pos_inventory_system_db.products' doesn't exist
Stack trace: #0 C:\Users\Asus\Downloads\Website\api\products.php(36): mysqli->query('SELECT p.id, p....')
#1 {main}

Error at 2026-03-28 15:36:41 (transactions.php)
Message: Table 'pos_inventory_system_db.transactions' doesn't exist
Stack trace: #0 C:\Users\Asus\Downloads\Website\api\transactions.php(38): mysqli->query('SELECT t.id, t....')
#1 {main}

Error at 2026-03-28 15:36:42
Message: Table 'pos_inventory_system_db.products' doesn't exist
Stack trace: #0 C:\Users\Asus\Downloads\Website\api\products.php(36): mysqli->query('SELECT p.id, p....')
#1 {main}

Error at 2026-03-28 15:36:43 (transactions.php)
Message: Table 'pos_inventory_system_db.transactions' doesn't exist
Stack trace: #0 C:\Users\Asus\Downloads\Website\api\transactions.php(38): mysqli->query('SELECT t.id, t....')
#1 {main}

Error at 2026-03-28 15:36:43
Message: Table 'pos_inventory_system_db.products' doesn't exist
Stack trace: #0 C:\Users\Asus\Downloads\Website\api\products.php(36): mysqli->query('SELECT p.id, p....')
#1 {main}

Error at 2026-03-28 15:36:43 (transactions.php)
Message: Table 'pos_inventory_system_db.transactions' doesn't exist
Stack trace: #0 C:\Users\Asus\Downloads\Website\api\transactions.php(38): mysqli->query('SELECT t.id, t....')
#1 {main}

Error at 2026-03-28 15:36:44
Message: Table 'pos_inventory_system_db.products' doesn't exist
Stack trace: #0 C:\Users\Asus\Downloads\Website\api\products.php(36): mysqli->query('SELECT p.id, p....')
#1 {main}

Error at 2026-03-28 15:36:45 (transactions.php)
Message: Table 'pos_inventory_system_db.transactions' doesn't exist
Stack trace: #0 C:\Users\Asus\Downloads\Website\api\transactions.php(38): mysqli->query('SELECT t.id, t....')
#1 {main}

Error at 2026-03-28 15:36:46
Message: Table 'pos_inventory_system_db.products' doesn't exist
Stack trace: #0 C:\Users\Asus\Downloads\Website\api\products.php(36): mysqli->query('SELECT p.id, p....')
#1 {main}

Error at 2026-03-28 15:36:46 (transactions.php)
Message: Table 'pos_inventory_system_db.transactions' doesn't exist
Stack trace: #0 C:\Users\Asus\Downloads\Website\api\transactions.php(38): mysqli->query('SELECT t.id, t....')
#1 {main}

Error at 2026-03-28 15:36:46
Message: Table 'pos_inventory_system_db.products' doesn't exist
Stack trace: #0 C:\Users\Asus\Downloads\Website\api\products.php(36): mysqli->query('SELECT p.id, p....')
#1 {main}

Error at 2026-03-28 15:36:46 (transactions.php)
Message: Table 'pos_inventory_system_db.transactions' doesn't exist
Stack trace: #0 C:\Users\Asus\Downloads\Website\api\transactions.php(38): mysqli->query('SELECT t.id, t....')
#1 {main}

Error at 2026-03-28 15:36:47
Message: Table 'pos_inventory_system_db.products' doesn't exist
Stack trace: #0 C:\Users\Asus\Downloads\Website\api\products.php(36): mysqli->query('SELECT p.id, p....')
#1 {main}

Error at 2026-03-28 15:36:47 (transactions.php)
Message: Table 'pos_inventory_system_db.transactions' doesn't exist
Stack trace: #0 C:\Users\Asus\Downloads\Website\api\transactions.php(38): mysqli->query('SELECT t.id, t....')
#1 {main}

Error at 2026-03-28 15:36:48
Message: Table 'pos_inventory_system_db.products' doesn't exist
Stack trace: #0 C:\Users\Asus\Downloads\Website\api\products.php(36): mysqli->query('SELECT p.id, p....')
#1 {main}

Error at 2026-03-28 15:36:48 (transactions.php)
Message: Table 'pos_inventory_system_db.transactions' doesn't exist
Stack trace: #0 C:\Users\Asus\Downloads\Website\api\transactions.php(38): mysqli->query('SELECT t.id, t....')
#1 {main}

Error at 2026-03-28 15:36:50
Message: Table 'pos_inventory_system_db.products' doesn't exist
Stack trace: #0 C:\Users\Asus\Downloads\Website\api\products.php(36): mysqli->query('SELECT p.id, p....')
#1 {main}

Error at 2026-03-28 15:36:50 (transactions.php)
Message: Table 'pos_inventory_system_db.transactions' doesn't exist
Stack trace: #0 C:\Users\Asus\Downloads\Website\api\transactions.php(38): mysqli->query('SELECT t.id, t....')
#1 {main}

Error at 2026-03-28 15:36:50
Message: Table 'pos_inventory_system_db.products' doesn't exist
Stack trace: #0 C:\Users\Asus\Downloads\Website\api\products.php(36): mysqli->query('SELECT p.id, p....')
#1 {main}

Error at 2026-03-28 15:36:50 (transactions.php)
Message: Table 'pos_inventory_system_db.transactions' doesn't exist
Stack trace: #0 C:\Users\Asus\Downloads\Website\api\transactions.php(38): mysqli->query('SELECT t.id, t....')
#1 {main}

Error at 2026-03-28 15:36:51
Message: Table 'pos_inventory_system_db.products' doesn't exist
Stack trace: #0 C:\Users\Asus\Downloads\Website\api\products.php(36): mysqli->query('SELECT p.id, p....')
#1 {main}

Error at 2026-03-28 15:36:51 (transactions.php)
Message: Table 'pos_inventory_system_db.transactions' doesn't exist
Stack trace: #0 C:\Users\Asus\Downloads\Website\api\transactions.php(38): mysqli->query('SELECT t.id, t....')
#1 {main}

Error at 2026-03-28 15:36:52
Message: Table 'pos_inventory_system_db.products' doesn't exist
Stack trace: #0 C:\Users\Asus\Downloads\Website\api\products.php(36): mysqli->query('SELECT p.id, p....')
#1 {main}

Error at 2026-03-28 15:36:52 (transactions.php)
Message: Table 'pos_inventory_system_db.transactions' doesn't exist
Stack trace: #0 C:\Users\Asus\Downloads\Website\api\transactions.php(38): mysqli->query('SELECT t.id, t....')
#1 {main}

Error at 2026-03-28 15:36:53
Message: Table 'pos_inventory_system_db.products' doesn't exist
Stack trace: #0 C:\Users\Asus\Downloads\Website\api\products.php(36): mysqli->query('SELECT p.id, p....')
#1 {main}

Error at 2026-03-28 15:36:53 (transactions.php)
Message: Table 'pos_inventory_system_db.transactions' doesn't exist
Stack trace: #0 C:\Users\Asus\Downloads\Website\api\transactions.php(38): mysqli->query('SELECT t.id, t....')
#1 {main}

Error at 2026-03-28 15:36:54
Message: Table 'pos_inventory_system_db.products' doesn't exist
Stack trace: #0 C:\Users\Asus\Downloads\Website\api\products.php(36): mysqli->query('SELECT p.id, p....')
#1 {main}

Error at 2026-03-28 15:36:54 (transactions.php)
Message: Table 'pos_inventory_system_db.transactions' doesn't exist
Stack trace: #0 C:\Users\Asus\Downloads\Website\api\transactions.php(38): mysqli->query('SELECT t.id, t....')
#1 {main}

Error at 2026-03-28 15:36:55
Message: Table 'pos_inventory_system_db.products' doesn't exist
Stack trace: #0 C:\Users\Asus\Downloads\Website\api\products.php(36): mysqli->query('SELECT p.id, p....')
#1 {main}

Error at 2026-03-28 15:36:55 (transactions.php)
Message: Table 'pos_inventory_system_db.transactions' doesn't exist
Stack trace: #0 C:\Users\Asus\Downloads\Website\api\transactions.php(38): mysqli->query('SELECT t.id, t....')
#1 {main}

Error at 2026-03-28 15:36:56
Message: Table 'pos_inventory_system_db.products' doesn't exist
Stack trace: #0 C:\Users\Asus\Downloads\Website\api\products.php(36): mysqli->query('SELECT p.id, p....')
#1 {main}

Error at 2026-03-28 15:36:56 (transactions.php)
Message: Table 'pos_inventory_system_db.transactions' doesn't exist
Stack trace: #0 C:\Users\Asus\Downloads\Website\api\transactions.php(38): mysqli->query('SELECT t.id, t....')
#1 {main}

Error at 2026-03-28 15:36:57
Message: Table 'pos_inventory_system_db.products' doesn't exist
Stack trace: #0 C:\Users\Asus\Downloads\Website\api\products.php(36): mysqli->query('SELECT p.id, p....')
#1 {main}

Error at 2026-03-28 15:36:58 (transactions.php)
Message: Table 'pos_inventory_system_db.transactions' doesn't exist
Stack trace: #0 C:\Users\Asus\Downloads\Website\api\transactions.php(38): mysqli->query('SELECT t.id, t....')
#1 {main}

Error at 2026-03-28 15:36:58
Message: Table 'pos_inventory_system_db.products' doesn't exist
Stack trace: #0 C:\Users\Asus\Downloads\Website\api\products.php(36): mysqli->query('SELECT p.id, p....')
#1 {main}

Error at 2026-03-28 15:36:58 (transactions.php)
Message: Table 'pos_inventory_system_db.transactions' doesn't exist
Stack trace: #0 C:\Users\Asus\Downloads\Website\api\transactions.php(38): mysqli->query('SELECT t.id, t....')
#1 {main}

Error at 2026-03-28 15:36:59
Message: Table 'pos_inventory_system_db.products' doesn't exist
Stack trace: #0 C:\Users\Asus\Downloads\Website\api\products.php(36): mysqli->query('SELECT p.id, p....')
#1 {main}

Error at 2026-03-28 15:37:00 (transactions.php)
Message: Table 'pos_inventory_system_db.transactions' doesn't exist
Stack trace: #0 C:\Users\Asus\Downloads\Website\api\transactions.php(38): mysqli->query('SELECT t.id, t....')
#1 {main}

Error at 2026-03-28 15:37:00
Message: Table 'pos_inventory_system_db.products' doesn't exist
Stack trace: #0 C:\Users\Asus\Downloads\Website\api\products.php(36): mysqli->query('SELECT p.id, p....')
#1 {main}

Error at 2026-03-28 15:37:01 (transactions.php)
Message: Table 'pos_inventory_system_db.transactions' doesn't exist
Stack trace: #0 C:\Users\Asus\Downloads\Website\api\transactions.php(38): mysqli->query('SELECT t.id, t....')
#1 {main}

Error at 2026-03-28 15:37:02
Message: Table 'pos_inventory_system_db.products' doesn't exist
Stack trace: #0 C:\Users\Asus\Downloads\Website\api\products.php(36): mysqli->query('SELECT p.id, p....')
#1 {main}

Error at 2026-03-28 15:37:02 (transactions.php)
Message: Table 'pos_inventory_system_db.transactions' doesn't exist
Stack trace: #0 C:\Users\Asus\Downloads\Website\api\transactions.php(38): mysqli->query('SELECT t.id, t....')
#1 {main}

Error at 2026-03-28 15:37:02
Message: Table 'pos_inventory_system_db.products' doesn't exist
Stack trace: #0 C:\Users\Asus\Downloads\Website\api\products.php(36): mysqli->query('SELECT p.id, p....')
#1 {main}

Error at 2026-03-28 15:37:03 (transactions.php)
Message: Table 'pos_inventory_system_db.transactions' doesn't exist
Stack trace: #0 C:\Users\Asus\Downloads\Website\api\transactions.php(38): mysqli->query('SELECT t.id, t....')
#1 {main}

Error at 2026-03-28 15:37:03
Message: Table 'pos_inventory_system_db.products' doesn't exist
Stack trace: #0 C:\Users\Asus\Downloads\Website\api\products.php(36): mysqli->query('SELECT p.id, p....')
#1 {main}

Error at 2026-03-28 15:37:04 (transactions.php)
Message: Table 'pos_inventory_system_db.transactions' doesn't exist
Stack trace: #0 C:\Users\Asus\Downloads\Website\api\transactions.php(38): mysqli->query('SELECT t.id, t....')
#1 {main}

Error at 2026-03-28 15:37:04
Message: Table 'pos_inventory_system_db.products' doesn't exist
Stack trace: #0 C:\Users\Asus\Downloads\Website\api\products.php(36): mysqli->query('SELECT p.id, p....')
#1 {main}

Error at 2026-03-28 15:37:04 (transactions.php)
Message: Table 'pos_inventory_system_db.transactions' doesn't exist
Stack trace: #0 C:\Users\Asus\Downloads\Website\api\transactions.php(38): mysqli->query('SELECT t.id, t....')
#1 {main}

Error at 2026-03-28 15:37:05
Message: Table 'pos_inventory_system_db.products' doesn't exist
Stack trace: #0 C:\Users\Asus\Downloads\Website\api\products.php(36): mysqli->query('SELECT p.id, p....')
#1 {main}

Error at 2026-03-28 15:37:05 (transactions.php)
Message: Table 'pos_inventory_system_db.transactions' doesn't exist
Stack trace: #0 C:\Users\Asus\Downloads\Website\api\transactions.php(38): mysqli->query('SELECT t.id, t....')
#1 {main}

Error at 2026-03-28 15:37:06
Message: Table 'pos_inventory_system_db.products' doesn't exist
Stack trace: #0 C:\Users\Asus\Downloads\Website\api\products.php(36): mysqli->query('SELECT p.id, p....')
#1 {main}

Error at 2026-03-28 15:37:06 (transactions.php)
Message: Table 'pos_inventory_system_db.transactions' doesn't exist
Stack trace: #0 C:\Users\Asus\Downloads\Website\api\transactions.php(38): mysqli->query('SELECT t.id, t....')
#1 {main}

Error at 2026-03-28 15:37:08
Message: Table 'pos_inventory_system_db.products' doesn't exist
Stack trace: #0 C:\Users\Asus\Downloads\Website\api\products.php(36): mysqli->query('SELECT p.id, p....')
#1 {main}

Error at 2026-03-28 15:37:08 (transactions.php)
Message: Table 'pos_inventory_system_db.transactions' doesn't exist
Stack trace: #0 C:\Users\Asus\Downloads\Website\api\transactions.php(38): mysqli->query('SELECT t.id, t....')
#1 {main}

Error at 2026-03-28 15:37:08
Message: Table 'pos_inventory_system_db.products' doesn't exist
Stack trace: #0 C:\Users\Asus\Downloads\Website\api\products.php(36): mysqli->query('SELECT p.id, p....')
#1 {main}

Error at 2026-03-28 15:37:08 (transactions.php)
Message: Table 'pos_inventory_system_db.transactions' doesn't exist
Stack trace: #0 C:\Users\Asus\Downloads\Website\api\transactions.php(38): mysqli->query('SELECT t.id, t....')
#1 {main}

Error at 2026-03-28 15:37:09
Message: Table 'pos_inventory_system_db.products' doesn't exist
Stack trace: #0 C:\Users\Asus\Downloads\Website\api\products.php(36): mysqli->query('SELECT p.id, p....')
#1 {main}

Error at 2026-03-28 15:37:09 (transactions.php)
Message: Table 'pos_inventory_system_db.transactions' doesn't exist
Stack trace: #0 C:\Users\Asus\Downloads\Website\api\transactions.php(38): mysqli->query('SELECT t.id, t....')
#1 {main}

Error at 2026-03-28 15:37:10
Message: Table 'pos_inventory_system_db.products' doesn't exist
Stack trace: #0 C:\Users\Asus\Downloads\Website\api\products.php(36): mysqli->query('SELECT p.id, p....')
#1 {main}

Error at 2026-03-28 15:37:10 (transactions.php)
Message: Table 'pos_inventory_system_db.transactions' doesn't exist
Stack trace: #0 C:\Users\Asus\Downloads\Website\api\transactions.php(38): mysqli->query('SELECT t.id, t....')
#1 {main}

Error at 2026-03-28 15:37:11
Message: Table 'pos_inventory_system_db.products' doesn't exist
Stack trace: #0 C:\Users\Asus\Downloads\Website\api\products.php(36): mysqli->query('SELECT p.id, p....')
#1 {main}

Error at 2026-03-28 15:37:12 (transactions.php)
Message: Table 'pos_inventory_system_db.transactions' doesn't exist
Stack trace: #0 C:\Users\Asus\Downloads\Website\api\transactions.php(38): mysqli->query('SELECT t.id, t....')
#1 {main}

Error at 2026-03-28 15:37:12
Message: Table 'pos_inventory_system_db.products' doesn't exist
Stack trace: #0 C:\Users\Asus\Downloads\Website\api\products.php(36): mysqli->query('SELECT p.id, p....')
#1 {main}

Error at 2026-03-28 15:37:12 (transactions.php)
Message: Table 'pos_inventory_system_db.transactions' doesn't exist
Stack trace: #0 C:\Users\Asus\Downloads\Website\api\transactions.php(38): mysqli->query('SELECT t.id, t....')
#1 {main}

Error at 2026-03-28 15:37:13
Message: Table 'pos_inventory_system_db.products' doesn't exist
Stack trace: #0 C:\Users\Asus\Downloads\Website\api\products.php(36): mysqli->query('SELECT p.id, p....')
#1 {main}

Error at 2026-03-28 15:37:14 (transactions.php)
Message: Table 'pos_inventory_system_db.transactions' doesn't exist
Stack trace: #0 C:\Users\Asus\Downloads\Website\api\transactions.php(38): mysqli->query('SELECT t.id, t....')
#1 {main}

Error at 2026-03-28 15:37:14
Message: Table 'pos_inventory_system_db.products' doesn't exist
Stack trace: #0 C:\Users\Asus\Downloads\Website\api\products.php(36): mysqli->query('SELECT p.id, p....')
#1 {main}

Error at 2026-03-28 15:37:14 (transactions.php)
Message: Table 'pos_inventory_system_db.transactions' doesn't exist
Stack trace: #0 C:\Users\Asus\Downloads\Website\api\transactions.php(38): mysqli->query('SELECT t.id, t....')
#1 {main}

Error at 2026-03-28 15:37:15
Message: Table 'pos_inventory_system_db.products' doesn't exist
Stack trace: #0 C:\Users\Asus\Downloads\Website\api\products.php(36): mysqli->query('SELECT p.id, p....')
#1 {main}

Error at 2026-03-28 15:37:16 (transactions.php)
Message: Table 'pos_inventory_system_db.transactions' doesn't exist
Stack trace: #0 C:\Users\Asus\Downloads\Website\api\transactions.php(38): mysqli->query('SELECT t.id, t....')
#1 {main}

Error at 2026-03-28 15:37:16
Message: Table 'pos_inventory_system_db.products' doesn't exist
Stack trace: #0 C:\Users\Asus\Downloads\Website\api\products.php(36): mysqli->query('SELECT p.id, p....')
#1 {main}

Error at 2026-03-28 15:37:17 (transactions.php)
Message: Table 'pos_inventory_system_db.transactions' doesn't exist
Stack trace: #0 C:\Users\Asus\Downloads\Website\api\transactions.php(38): mysqli->query('SELECT t.id, t....')
#1 {main}

Error at 2026-03-28 15:37:18
Message: Table 'pos_inventory_system_db.products' doesn't exist
Stack trace: #0 C:\Users\Asus\Downloads\Website\api\products.php(36): mysqli->query('SELECT p.id, p....')
#1 {main}

Error at 2026-03-28 15:37:18 (transactions.php)
Message: Table 'pos_inventory_system_db.transactions' doesn't exist
Stack trace: #0 C:\Users\Asus\Downloads\Website\api\transactions.php(38): mysqli->query('SELECT t.id, t....')
#1 {main}

Error at 2026-03-28 15:37:18
Message: Table 'pos_inventory_system_db.products' doesn't exist
Stack trace: #0 C:\Users\Asus\Downloads\Website\api\products.php(36): mysqli->query('SELECT p.id, p....')
#1 {main}

Error at 2026-03-28 15:37:18 (transactions.php)
Message: Table 'pos_inventory_system_db.transactions' doesn't exist
Stack trace: #0 C:\Users\Asus\Downloads\Website\api\transactions.php(38): mysqli->query('SELECT t.id, t....')
#1 {main}

Error at 2026-03-28 15:37:20
Message: Table 'pos_inventory_system_db.products' doesn't exist
Stack trace: #0 C:\Users\Asus\Downloads\Website\api\products.php(36): mysqli->query('SELECT p.id, p....')
#1 {main}

Error at 2026-03-28 15:37:20 (transactions.php)
Message: Table 'pos_inventory_system_db.transactions' doesn't exist
Stack trace: #0 C:\Users\Asus\Downloads\Website\api\transactions.php(38): mysqli->query('SELECT t.id, t....')
#1 {main}

Error at 2026-03-28 15:37:20
Message: Table 'pos_inventory_system_db.products' doesn't exist
Stack trace: #0 C:\Users\Asus\Downloads\Website\api\products.php(36): mysqli->query('SELECT p.id, p....')
#1 {main}

Error at 2026-03-28 15:37:20 (transactions.php)
Message: Table 'pos_inventory_system_db.transactions' doesn't exist
Stack trace: #0 C:\Users\Asus\Downloads\Website\api\transactions.php(38): mysqli->query('SELECT t.id, t....')
#1 {main}

Error at 2026-03-28 15:37:22
Message: Table 'pos_inventory_system_db.products' doesn't exist
Stack trace: #0 C:\Users\Asus\Downloads\Website\api\products.php(36): mysqli->query('SELECT p.id, p....')
#1 {main}

Error at 2026-03-28 15:37:22 (transactions.php)
Message: Table 'pos_inventory_system_db.transactions' doesn't exist
Stack trace: #0 C:\Users\Asus\Downloads\Website\api\transactions.php(38): mysqli->query('SELECT t.id, t....')
#1 {main}

Error at 2026-03-28 15:37:22
Message: Table 'pos_inventory_system_db.products' doesn't exist
Stack trace: #0 C:\Users\Asus\Downloads\Website\api\products.php(36): mysqli->query('SELECT p.id, p....')
#1 {main}

Error at 2026-03-28 15:37:22 (transactions.php)
Message: Table 'pos_inventory_system_db.transactions' doesn't exist
Stack trace: #0 C:\Users\Asus\Downloads\Website\api\transactions.php(38): mysqli->query('SELECT t.id, t....')
#1 {main}

Error at 2026-03-28 15:37:24
Message: Table 'pos_inventory_system_db.products' doesn't exist
Stack trace: #0 C:\Users\Asus\Downloads\Website\api\products.php(36): mysqli->query('SELECT p.id, p....')
#1 {main}

Error at 2026-03-28 15:37:24 (transactions.php)
Message: Table 'pos_inventory_system_db.transactions' doesn't exist
Stack trace: #0 C:\Users\Asus\Downloads\Website\api\transactions.php(38): mysqli->query('SELECT t.id, t....')
#1 {main}

Error at 2026-03-28 15:37:24
Message: Table 'pos_inventory_system_db.products' doesn't exist
Stack trace: #0 C:\Users\Asus\Downloads\Website\api\products.php(36): mysqli->query('SELECT p.id, p....')
#1 {main}

Error at 2026-03-28 15:37:24 (transactions.php)
Message: Table 'pos_inventory_system_db.transactions' doesn't exist
Stack trace: #0 C:\Users\Asus\Downloads\Website\api\transactions.php(38): mysqli->query('SELECT t.id, t....')
#1 {main}

Error at 2026-03-28 15:37:26
Message: Table 'pos_inventory_system_db.products' doesn't exist
Stack trace: #0 C:\Users\Asus\Downloads\Website\api\products.php(36): mysqli->query('SELECT p.id, p....')
#1 {main}

Error at 2026-03-28 15:38:58
Message: Table 'zoe_pos_system_db.products' doesn't exist
Stack trace: #0 C:\Users\Asus\Downloads\Website\api\products.php(36): mysqli->query('SELECT p.id, p....')
#1 {main}

Error at 2026-03-28 15:38:58 (transactions.php)
Message: Table 'zoe_pos_system_db.transactions' doesn't exist
Stack trace: #0 C:\Users\Asus\Downloads\Website\api\transactions.php(38): mysqli->query('SELECT t.id, t....')
#1 {main}

Error at 2026-03-28 15:38:58
Message: Table 'zoe_pos_system_db.products' doesn't exist
Stack trace: #0 C:\Users\Asus\Downloads\Website\api\products.php(36): mysqli->query('SELECT p.id, p....')
#1 {main}

Error at 2026-03-28 15:38:58 (transactions.php)
Message: Table 'zoe_pos_system_db.transactions' doesn't exist
Stack trace: #0 C:\Users\Asus\Downloads\Website\api\transactions.php(38): mysqli->query('SELECT t.id, t....')
#1 {main}

Error at 2026-03-28 15:38:58
Message: Table 'zoe_pos_system_db.products' doesn't exist
Stack trace: #0 C:\Users\Asus\Downloads\Website\api\products.php(36): mysqli->query('SELECT p.id, p....')
#1 {main}

Error at 2026-03-28 15:38:58 (transactions.php)
Message: Table 'zoe_pos_system_db.transactions' doesn't exist
Stack trace: #0 C:\Users\Asus\Downloads\Website\api\transactions.php(38): mysqli->query('SELECT t.id, t....')
#1 {main}

Error at 2026-03-28 15:38:59
Message: Table 'zoe_pos_system_db.products' doesn't exist
Stack trace: #0 C:\Users\Asus\Downloads\Website\api\products.php(36): mysqli->query('SELECT p.id, p....')
#1 {main}

Error at 2026-03-28 15:38:59 (transactions.php)
Message: Table 'zoe_pos_system_db.transactions' doesn't exist
Stack trace: #0 C:\Users\Asus\Downloads\Website\api\transactions.php(38): mysqli->query('SELECT t.id, t....')
#1 {main}

Error at 2026-03-28 15:38:59
Message: Table 'zoe_pos_system_db.products' doesn't exist
Stack trace: #0 C:\Users\Asus\Downloads\Website\api\products.php(36): mysqli->query('SELECT p.id, p....')
#1 {main}

Error at 2026-03-28 15:38:59 (transactions.php)
Message: Table 'zoe_pos_system_db.transactions' doesn't exist
Stack trace: #0 C:\Users\Asus\Downloads\Website\api\transactions.php(38): mysqli->query('SELECT t.id, t....')
#1 {main}

Error at 2026-03-28 15:39:00
Message: Table 'zoe_pos_system_db.products' doesn't exist
Stack trace: #0 C:\Users\Asus\Downloads\Website\api\products.php(36): mysqli->query('SELECT p.id, p....')
#1 {main}

Error at 2026-03-28 15:39:00 (transactions.php)
Message: Table 'zoe_pos_system_db.transactions' doesn't exist
Stack trace: #0 C:\Users\Asus\Downloads\Website\api\transactions.php(38): mysqli->query('SELECT t.id, t....')
#1 {main}

Error at 2026-03-28 15:39:00
Message: Table 'zoe_pos_system_db.products' doesn't exist
Stack trace: #0 C:\Users\Asus\Downloads\Website\api\products.php(36): mysqli->query('SELECT p.id, p....')
#1 {main}

Error at 2026-03-28 15:39:00 (transactions.php)
Message: Table 'zoe_pos_system_db.transactions' doesn't exist
Stack trace: #0 C:\Users\Asus\Downloads\Website\api\transactions.php(38): mysqli->query('SELECT t.id, t....')
#1 {main}

Error at 2026-03-28 15:39:01
Message: Table 'zoe_pos_system_db.products' doesn't exist
Stack trace: #0 C:\Users\Asus\Downloads\Website\api\products.php(36): mysqli->query('SELECT p.id, p....')
#1 {main}

Error at 2026-03-28 15:39:01 (transactions.php)
Message: Table 'zoe_pos_system_db.transactions' doesn't exist
Stack trace: #0 C:\Users\Asus\Downloads\Website\api\transactions.php(38): mysqli->query('SELECT t.id, t....')
#1 {main}

Error at 2026-03-28 15:39:01
Message: Table 'zoe_pos_system_db.products' doesn't exist
Stack trace: #0 C:\Users\Asus\Downloads\Website\api\products.php(36): mysqli->query('SELECT p.id, p....')
#1 {main}

Error at 2026-03-28 15:39:01 (transactions.php)
Message: Table 'zoe_pos_system_db.transactions' doesn't exist
Stack trace: #0 C:\Users\Asus\Downloads\Website\api\transactions.php(38): mysqli->query('SELECT t.id, t....')
#1 {main}

Error at 2026-03-28 15:39:02
Message: Table 'zoe_pos_system_db.products' doesn't exist
Stack trace: #0 C:\Users\Asus\Downloads\Website\api\products.php(36): mysqli->query('SELECT p.id, p....')
#1 {main}

Error at 2026-03-28 15:39:02 (transactions.php)
Message: Table 'zoe_pos_system_db.transactions' doesn't exist
Stack trace: #0 C:\Users\Asus\Downloads\Website\api\transactions.php(38): mysqli->query('SELECT t.id, t....')
#1 {main}

Error at 2026-03-28 15:39:02
Message: Table 'zoe_pos_system_db.products' doesn't exist
Stack trace: #0 C:\Users\Asus\Downloads\Website\api\products.php(36): mysqli->query('SELECT p.id, p....')
#1 {main}

Error at 2026-03-28 15:39:02 (transactions.php)
Message: Table 'zoe_pos_system_db.transactions' doesn't exist
Stack trace: #0 C:\Users\Asus\Downloads\Website\api\transactions.php(38): mysqli->query('SELECT t.id, t....')
#1 {main}

Error at 2026-03-28 15:39:03
Message: Table 'zoe_pos_system_db.products' doesn't exist
Stack trace: #0 C:\Users\Asus\Downloads\Website\api\products.php(36): mysqli->query('SELECT p.id, p....')
#1 {main}

Error at 2026-03-28 15:39:03 (transactions.php)
Message: Table 'zoe_pos_system_db.transactions' doesn't exist
Stack trace: #0 C:\Users\Asus\Downloads\Website\api\transactions.php(38): mysqli->query('SELECT t.id, t....')
#1 {main}

Error at 2026-03-28 15:39:04
Message: Table 'zoe_pos_system_db.products' doesn't exist
Stack trace: #0 C:\Users\Asus\Downloads\Website\api\products.php(36): mysqli->query('SELECT p.id, p....')
#1 {main}

Error at 2026-03-28 15:39:04 (transactions.php)
Message: Table 'zoe_pos_system_db.transactions' doesn't exist
Stack trace: #0 C:\Users\Asus\Downloads\Website\api\transactions.php(38): mysqli->query('SELECT t.id, t....')
#1 {main}

Error at 2026-03-28 15:39:05
Message: Table 'zoe_pos_system_db.products' doesn't exist
Stack trace: #0 C:\Users\Asus\Downloads\Website\api\products.php(36): mysqli->query('SELECT p.id, p....')
#1 {main}

Error at 2026-03-28 15:39:05 (transactions.php)
Message: Table 'zoe_pos_system_db.transactions' doesn't exist
Stack trace: #0 C:\Users\Asus\Downloads\Website\api\transactions.php(38): mysqli->query('SELECT t.id, t....')
#1 {main}

Error at 2026-03-28 15:39:06
Message: Table 'zoe_pos_system_db.products' doesn't exist
Stack trace: #0 C:\Users\Asus\Downloads\Website\api\products.php(36): mysqli->query('SELECT p.id, p....')
#1 {main}

Error at 2026-03-28 15:39:06 (transactions.php)
Message: Table 'zoe_pos_system_db.transactions' doesn't exist
Stack trace: #0 C:\Users\Asus\Downloads\Website\api\transactions.php(38): mysqli->query('SELECT t.id, t....')
#1 {main}

Error at 2026-03-28 15:39:07
Message: Table 'zoe_pos_system_db.products' doesn't exist
Stack trace: #0 C:\Users\Asus\Downloads\Website\api\products.php(36): mysqli->query('SELECT p.id, p....')
#1 {main}

Error at 2026-03-28 15:39:07 (transactions.php)
Message: Table 'zoe_pos_system_db.transactions' doesn't exist
Stack trace: #0 C:\Users\Asus\Downloads\Website\api\transactions.php(38): mysqli->query('SELECT t.id, t....')
#1 {main}

Error at 2026-03-28 15:39:08
Message: Table 'zoe_pos_system_db.products' doesn't exist
Stack trace: #0 C:\Users\Asus\Downloads\Website\api\products.php(36): mysqli->query('SELECT p.id, p....')
#1 {main}

Error at 2026-03-28 15:39:08 (transactions.php)
Message: Table 'zoe_pos_system_db.transactions' doesn't exist
Stack trace: #0 C:\Users\Asus\Downloads\Website\api\transactions.php(38): mysqli->query('SELECT t.id, t....')
#1 {main}

Error at 2026-03-28 15:39:09
Message: Table 'zoe_pos_system_db.products' doesn't exist
Stack trace: #0 C:\Users\Asus\Downloads\Website\api\products.php(36): mysqli->query('SELECT p.id, p....')
#1 {main}

Error at 2026-03-28 15:39:09 (transactions.php)
Message: Table 'zoe_pos_system_db.transactions' doesn't exist
Stack trace: #0 C:\Users\Asus\Downloads\Website\api\transactions.php(38): mysqli->query('SELECT t.id, t....')
#1 {main}

Error at 2026-03-28 15:39:10
Message: Table 'zoe_pos_system_db.products' doesn't exist
Stack trace: #0 C:\Users\Asus\Downloads\Website\api\products.php(36): mysqli->query('SELECT p.id, p....')
#1 {main}

Error at 2026-03-28 15:39:10 (transactions.php)
Message: Table 'zoe_pos_system_db.transactions' doesn't exist
Stack trace: #0 C:\Users\Asus\Downloads\Website\api\transactions.php(38): mysqli->query('SELECT t.id, t....')
#1 {main}

Error at 2026-03-28 15:39:11
Message: Table 'zoe_pos_system_db.products' doesn't exist
Stack trace: #0 C:\Users\Asus\Downloads\Website\api\products.php(36): mysqli->query('SELECT p.id, p....')
#1 {main}

Error at 2026-03-28 15:39:11 (transactions.php)
Message: Table 'zoe_pos_system_db.transactions' doesn't exist
Stack trace: #0 C:\Users\Asus\Downloads\Website\api\transactions.php(38): mysqli->query('SELECT t.id, t....')
#1 {main}

Error at 2026-03-28 15:39:12
Message: Table 'zoe_pos_system_db.products' doesn't exist
Stack trace: #0 C:\Users\Asus\Downloads\Website\api\products.php(36): mysqli->query('SELECT p.id, p....')
#1 {main}

Error at 2026-03-28 15:39:12 (transactions.php)
Message: Table 'zoe_pos_system_db.transactions' doesn't exist
Stack trace: #0 C:\Users\Asus\Downloads\Website\api\transactions.php(38): mysqli->query('SELECT t.id, t....')
#1 {main}

Error at 2026-03-28 15:39:13
Message: Table 'zoe_pos_system_db.products' doesn't exist
Stack trace: #0 C:\Users\Asus\Downloads\Website\api\products.php(36): mysqli->query('SELECT p.id, p....')
#1 {main}

Error at 2026-03-28 15:39:14 (transactions.php)
Message: Table 'zoe_pos_system_db.transactions' doesn't exist
Stack trace: #0 C:\Users\Asus\Downloads\Website\api\transactions.php(38): mysqli->query('SELECT t.id, t....')
#1 {main}

Error at 2026-03-28 15:39:14
Message: Table 'zoe_pos_system_db.products' doesn't exist
Stack trace: #0 C:\Users\Asus\Downloads\Website\api\products.php(36): mysqli->query('SELECT p.id, p....')
#1 {main}

Error at 2026-03-28 15:39:14 (transactions.php)
Message: Table 'zoe_pos_system_db.transactions' doesn't exist
Stack trace: #0 C:\Users\Asus\Downloads\Website\api\transactions.php(38): mysqli->query('SELECT t.id, t....')
#1 {main}

Error at 2026-03-28 15:39:15
Message: Table 'zoe_pos_system_db.products' doesn't exist
Stack trace: #0 C:\Users\Asus\Downloads\Website\api\products.php(36): mysqli->query('SELECT p.id, p....')
#1 {main}

Error at 2026-03-28 15:39:15 (transactions.php)
Message: Table 'zoe_pos_system_db.transactions' doesn't exist
Stack trace: #0 C:\Users\Asus\Downloads\Website\api\transactions.php(38): mysqli->query('SELECT t.id, t....')
#1 {main}

Error at 2026-03-28 15:39:16
Message: Table 'zoe_pos_system_db.products' doesn't exist
Stack trace: #0 C:\Users\Asus\Downloads\Website\api\products.php(36): mysqli->query('SELECT p.id, p....')
#1 {main}

Error at 2026-03-28 15:39:16 (transactions.php)
Message: Table 'zoe_pos_system_db.transactions' doesn't exist
Stack trace: #0 C:\Users\Asus\Downloads\Website\api\transactions.php(38): mysqli->query('SELECT t.id, t....')
#1 {main}

Error at 2026-03-28 15:39:17
Message: Table 'zoe_pos_system_db.products' doesn't exist
Stack trace: #0 C:\Users\Asus\Downloads\Website\api\products.php(36): mysqli->query('SELECT p.id, p....')
#1 {main}

Error at 2026-03-28 15:39:17 (transactions.php)
Message: Table 'zoe_pos_system_db.transactions' doesn't exist
Stack trace: #0 C:\Users\Asus\Downloads\Website\api\transactions.php(38): mysqli->query('SELECT t.id, t....')
#1 {main}

Error at 2026-03-28 15:39:18
Message: Table 'zoe_pos_system_db.products' doesn't exist
Stack trace: #0 C:\Users\Asus\Downloads\Website\api\products.php(36): mysqli->query('SELECT p.id, p....')
#1 {main}

Error at 2026-03-28 15:39:18 (transactions.php)
Message: Table 'zoe_pos_system_db.transactions' doesn't exist
Stack trace: #0 C:\Users\Asus\Downloads\Website\api\transactions.php(38): mysqli->query('SELECT t.id, t....')
#1 {main}

Error at 2026-03-28 15:39:19
Message: Table 'zoe_pos_system_db.products' doesn't exist
Stack trace: #0 C:\Users\Asus\Downloads\Website\api\products.php(36): mysqli->query('SELECT p.id, p....')
#1 {main}

Error at 2026-03-28 15:39:19 (transactions.php)
Message: Table 'zoe_pos_system_db.transactions' doesn't exist
Stack trace: #0 C:\Users\Asus\Downloads\Website\api\transactions.php(38): mysqli->query('SELECT t.id, t....')
#1 {main}

Error at 2026-03-28 15:39:20
Message: Table 'zoe_pos_system_db.products' doesn't exist
Stack trace: #0 C:\Users\Asus\Downloads\Website\api\products.php(36): mysqli->query('SELECT p.id, p....')
#1 {main}

Error at 2026-03-28 15:39:20 (transactions.php)
Message: Table 'zoe_pos_system_db.transactions' doesn't exist
Stack trace: #0 C:\Users\Asus\Downloads\Website\api\transactions.php(38): mysqli->query('SELECT t.id, t....')
#1 {main}

Error at 2026-03-28 15:39:21
Message: Table 'zoe_pos_system_db.products' doesn't exist
Stack trace: #0 C:\Users\Asus\Downloads\Website\api\products.php(36): mysqli->query('SELECT p.id, p....')
#1 {main}

Error at 2026-03-28 15:39:21 (transactions.php)
Message: Table 'zoe_pos_system_db.transactions' doesn't exist
Stack trace: #0 C:\Users\Asus\Downloads\Website\api\transactions.php(38): mysqli->query('SELECT t.id, t....')
#1 {main}

Error at 2026-03-28 15:39:22
Message: Table 'zoe_pos_system_db.products' doesn't exist
Stack trace: #0 C:\Users\Asus\Downloads\Website\api\products.php(36): mysqli->query('SELECT p.id, p....')
#1 {main}

Error at 2026-03-28 15:39:23 (transactions.php)
Message: Table 'zoe_pos_system_db.transactions' doesn't exist
Stack trace: #0 C:\Users\Asus\Downloads\Website\api\transactions.php(38): mysqli->query('SELECT t.id, t....')
#1 {main}

Error at 2026-03-28 15:39:23
Message: Table 'zoe_pos_system_db.products' doesn't exist
Stack trace: #0 C:\Users\Asus\Downloads\Website\api\products.php(36): mysqli->query('SELECT p.id, p....')
#1 {main}

Error at 2026-03-28 15:39:23 (transactions.php)
Message: Table 'zoe_pos_system_db.transactions' doesn't exist
Stack trace: #0 C:\Users\Asus\Downloads\Website\api\transactions.php(38): mysqli->query('SELECT t.id, t....')
#1 {main}

Error at 2026-03-28 15:39:24
Message: Table 'zoe_pos_system_db.products' doesn't exist
Stack trace: #0 C:\Users\Asus\Downloads\Website\api\products.php(36): mysqli->query('SELECT p.id, p....')
#1 {main}

Error at 2026-03-28 15:39:24 (transactions.php)
Message: Table 'zoe_pos_system_db.transactions' doesn't exist
Stack trace: #0 C:\Users\Asus\Downloads\Website\api\transactions.php(38): mysqli->query('SELECT t.id, t....')
#1 {main}

Error at 2026-03-28 15:39:25
Message: Table 'zoe_pos_system_db.products' doesn't exist
Stack trace: #0 C:\Users\Asus\Downloads\Website\api\products.php(36): mysqli->query('SELECT p.id, p....')
#1 {main}

Error at 2026-03-28 15:39:25 (transactions.php)
Message: Table 'zoe_pos_system_db.transactions' doesn't exist
Stack trace: #0 C:\Users\Asus\Downloads\Website\api\transactions.php(38): mysqli->query('SELECT t.id, t....')
#1 {main}

Error at 2026-03-28 15:39:26
Message: Table 'zoe_pos_system_db.products' doesn't exist
Stack trace: #0 C:\Users\Asus\Downloads\Website\api\products.php(36): mysqli->query('SELECT p.id, p....')
#1 {main}

Error at 2026-03-28 15:39:26 (transactions.php)
Message: Table 'zoe_pos_system_db.transactions' doesn't exist
Stack trace: #0 C:\Users\Asus\Downloads\Website\api\transactions.php(38): mysqli->query('SELECT t.id, t....')
#1 {main}

Error at 2026-03-28 15:39:27
Message: Table 'zoe_pos_system_db.products' doesn't exist
Stack trace: #0 C:\Users\Asus\Downloads\Website\api\products.php(36): mysqli->query('SELECT p.id, p....')
#1 {main}

Error at 2026-03-28 15:39:27 (transactions.php)
Message: Table 'zoe_pos_system_db.transactions' doesn't exist
Stack trace: #0 C:\Users\Asus\Downloads\Website\api\transactions.php(38): mysqli->query('SELECT t.id, t....')
#1 {main}

Error at 2026-03-28 15:39:28
Message: Table 'zoe_pos_system_db.products' doesn't exist
Stack trace: #0 C:\Users\Asus\Downloads\Website\api\products.php(36): mysqli->query('SELECT p.id, p....')
#1 {main}

Error at 2026-03-28 15:39:29 (transactions.php)
Message: Table 'zoe_pos_system_db.transactions' doesn't exist
Stack trace: #0 C:\Users\Asus\Downloads\Website\api\transactions.php(38): mysqli->query('SELECT t.id, t....')
#1 {main}

Error at 2026-03-28 15:39:29
Message: Table 'zoe_pos_system_db.products' doesn't exist
Stack trace: #0 C:\Users\Asus\Downloads\Website\api\products.php(36): mysqli->query('SELECT p.id, p....')
#1 {main}

Error at 2026-03-28 15:39:29 (transactions.php)
Message: Table 'zoe_pos_system_db.transactions' doesn't exist
Stack trace: #0 C:\Users\Asus\Downloads\Website\api\transactions.php(38): mysqli->query('SELECT t.id, t....')
#1 {main}

Error at 2026-03-28 15:39:31
Message: Table 'zoe_pos_system_db.products' doesn't exist
Stack trace: #0 C:\Users\Asus\Downloads\Website\api\products.php(36): mysqli->query('SELECT p.id, p....')
#1 {main}

Error at 2026-03-28 15:39:31 (transactions.php)
Message: Table 'zoe_pos_system_db.transactions' doesn't exist
Stack trace: #0 C:\Users\Asus\Downloads\Website\api\transactions.php(38): mysqli->query('SELECT t.id, t....')
#1 {main}

Error at 2026-03-28 15:39:31
Message: Table 'zoe_pos_system_db.products' doesn't exist
Stack trace: #0 C:\Users\Asus\Downloads\Website\api\products.php(36): mysqli->query('SELECT p.id, p....')
#1 {main}

Error at 2026-03-28 15:39:31 (transactions.php)
Message: Table 'zoe_pos_system_db.transactions' doesn't exist
Stack trace: #0 C:\Users\Asus\Downloads\Website\api\transactions.php(38): mysqli->query('SELECT t.id, t....')
#1 {main}

Error at 2026-03-28 15:39:31
Message: Table 'zoe_pos_system_db.products' doesn't exist
Stack trace: #0 C:\Users\Asus\Downloads\Website\api\products.php(36): mysqli->query('SELECT p.id, p....')
#1 {main}

Error at 2026-03-28 15:39:31 (transactions.php)
Message: Table 'zoe_pos_system_db.transactions' doesn't exist
Stack trace: #0 C:\Users\Asus\Downloads\Website\api\transactions.php(38): mysqli->query('SELECT t.id, t....')
#1 {main}

Error at 2026-03-28 15:39:32
Message: Table 'zoe_pos_system_db.products' doesn't exist
Stack trace: #0 C:\Users\Asus\Downloads\Website\api\products.php(36): mysqli->query('SELECT p.id, p....')
#1 {main}

Error at 2026-03-28 15:39:32 (transactions.php)
Message: Table 'zoe_pos_system_db.transactions' doesn't exist
Stack trace: #0 C:\Users\Asus\Downloads\Website\api\transactions.php(38): mysqli->query('SELECT t.id, t....')
#1 {main}

Error at 2026-03-28 15:39:32
Message: Table 'zoe_pos_system_db.products' doesn't exist
Stack trace: #0 C:\Users\Asus\Downloads\Website\api\products.php(36): mysqli->query('SELECT p.id, p....')
#1 {main}

Error at 2026-03-28 15:39:32 (transactions.php)
Message: Table 'zoe_pos_system_db.transactions' doesn't exist
Stack trace: #0 C:\Users\Asus\Downloads\Website\api\transactions.php(38): mysqli->query('SELECT t.id, t....')
#1 {main}

Error at 2026-03-28 15:39:33
Message: Table 'zoe_pos_system_db.products' doesn't exist
Stack trace: #0 C:\Users\Asus\Downloads\Website\api\products.php(36): mysqli->query('SELECT p.id, p....')
#1 {main}

Error at 2026-03-28 15:39:33 (transactions.php)
Message: Table 'zoe_pos_system_db.transactions' doesn't exist
Stack trace: #0 C:\Users\Asus\Downloads\Website\api\transactions.php(38): mysqli->query('SELECT t.id, t....')
#1 {main}

Error at 2026-03-28 15:39:33
Message: Table 'zoe_pos_system_db.products' doesn't exist
Stack trace: #0 C:\Users\Asus\Downloads\Website\api\products.php(36): mysqli->query('SELECT p.id, p....')
#1 {main}

Error at 2026-03-28 15:39:33 (transactions.php)
Message: Table 'zoe_pos_system_db.transactions' doesn't exist
Stack trace: #0 C:\Users\Asus\Downloads\Website\api\transactions.php(38): mysqli->query('SELECT t.id, t....')
#1 {main}

Error at 2026-03-28 15:39:33 (transactions.php)
Message: Table 'zoe_pos_system_db.transactions' doesn't exist
Stack trace: #0 C:\Users\Asus\Downloads\Website\api\transactions.php(38): mysqli->query('SELECT t.id, t....')
#1 {main}

Error at 2026-03-28 15:39:34
Message: Table 'zoe_pos_system_db.products' doesn't exist
Stack trace: #0 C:\Users\Asus\Downloads\Website\api\products.php(36): mysqli->query('SELECT p.id, p....')
#1 {main}

Error at 2026-03-28 15:39:34 (transactions.php)
Message: Table 'zoe_pos_system_db.transactions' doesn't exist
Stack trace: #0 C:\Users\Asus\Downloads\Website\api\transactions.php(38): mysqli->query('SELECT t.id, t....')
#1 {main}

Error at 2026-03-28 15:39:34
Message: Table 'zoe_pos_system_db.products' doesn't exist
Stack trace: #0 C:\Users\Asus\Downloads\Website\api\products.php(36): mysqli->query('SELECT p.id, p....')
#1 {main}

Error at 2026-03-28 15:39:34 (transactions.php)
Message: Table 'zoe_pos_system_db.transactions' doesn't exist
Stack trace: #0 C:\Users\Asus\Downloads\Website\api\transactions.php(38): mysqli->query('SELECT t.id, t....')
#1 {main}

Error at 2026-03-28 15:39:35
Message: Table 'zoe_pos_system_db.products' doesn't exist
Stack trace: #0 C:\Users\Asus\Downloads\Website\api\products.php(36): mysqli->query('SELECT p.id, p....')
#1 {main}

Error at 2026-03-28 15:39:35 (transactions.php)
Message: Table 'zoe_pos_system_db.transactions' doesn't exist
Stack trace: #0 C:\Users\Asus\Downloads\Website\api\transactions.php(38): mysqli->query('SELECT t.id, t....')
#1 {main}

Error at 2026-03-28 15:39:35
Message: Table 'zoe_pos_system_db.products' doesn't exist
Stack trace: #0 C:\Users\Asus\Downloads\Website\api\products.php(36): mysqli->query('SELECT p.id, p....')
#1 {main}

Error at 2026-03-28 15:39:35
Message: Table 'zoe_pos_system_db.products' doesn't exist
Stack trace: #0 C:\Users\Asus\Downloads\Website\api\products.php(36): mysqli->query('SELECT p.id, p....')
#1 {main}

Error at 2026-03-28 15:39:35 (transactions.php)
Message: Table 'zoe_pos_system_db.transactions' doesn't exist
Stack trace: #0 C:\Users\Asus\Downloads\Website\api\transactions.php(38): mysqli->query('SELECT t.id, t....')
#1 {main}

Error at 2026-03-28 15:39:36 (transactions.php)
Message: Table 'zoe_pos_system_db.transactions' doesn't exist
Stack trace: #0 C:\Users\Asus\Downloads\Website\api\transactions.php(38): mysqli->query('SELECT t.id, t....')
#1 {main}

Error at 2026-03-28 15:39:36
Message: Table 'zoe_pos_system_db.products' doesn't exist
Stack trace: #0 C:\Users\Asus\Downloads\Website\api\products.php(36): mysqli->query('SELECT p.id, p....')
#1 {main}

Error at 2026-03-28 15:39:36 (transactions.php)
Message: Table 'zoe_pos_system_db.transactions' doesn't exist
Stack trace: #0 C:\Users\Asus\Downloads\Website\api\transactions.php(38): mysqli->query('SELECT t.id, t....')
#1 {main}

Error at 2026-03-28 15:39:37
Message: Table 'zoe_pos_system_db.products' doesn't exist
Stack trace: #0 C:\Users\Asus\Downloads\Website\api\products.php(36): mysqli->query('SELECT p.id, p....')
#1 {main}

Error at 2026-03-28 15:39:37 (transactions.php)
Message: Table 'zoe_pos_system_db.transactions' doesn't exist
Stack trace: #0 C:\Users\Asus\Downloads\Website\api\transactions.php(38): mysqli->query('SELECT t.id, t....')
#1 {main}

Error at 2026-03-28 15:39:37
Message: Table 'zoe_pos_system_db.products' doesn't exist
Stack trace: #0 C:\Users\Asus\Downloads\Website\api\products.php(36): mysqli->query('SELECT p.id, p....')
#1 {main}

Error at 2026-03-28 15:39:37
Message: Table 'zoe_pos_system_db.products' doesn't exist
Stack trace: #0 C:\Users\Asus\Downloads\Website\api\products.php(36): mysqli->query('SELECT p.id, p....')
#1 {main}

Error at 2026-03-28 15:39:37 (transactions.php)
Message: Table 'zoe_pos_system_db.transactions' doesn't exist
Stack trace: #0 C:\Users\Asus\Downloads\Website\api\transactions.php(38): mysqli->query('SELECT t.id, t....')
#1 {main}

Error at 2026-03-28 15:39:37 (transactions.php)
Message: Table 'zoe_pos_system_db.transactions' doesn't exist
Stack trace: #0 C:\Users\Asus\Downloads\Website\api\transactions.php(38): mysqli->query('SELECT t.id, t....')
#1 {main}

Error at 2026-03-28 15:39:38
Message: Table 'zoe_pos_system_db.products' doesn't exist
Stack trace: #0 C:\Users\Asus\Downloads\Website\api\products.php(36): mysqli->query('SELECT p.id, p....')
#1 {main}

Error at 2026-03-28 15:39:38 (transactions.php)
Message: Table 'zoe_pos_system_db.transactions' doesn't exist
Stack trace: #0 C:\Users\Asus\Downloads\Website\api\transactions.php(38): mysqli->query('SELECT t.id, t....')
#1 {main}

Error at 2026-03-28 15:39:39
Message: Table 'zoe_pos_system_db.products' doesn't exist
Stack trace: #0 C:\Users\Asus\Downloads\Website\api\products.php(36): mysqli->query('SELECT p.id, p....')
#1 {main}

Error at 2026-03-28 15:39:39 (transactions.php)
Message: Table 'zoe_pos_system_db.transactions' doesn't exist
Stack trace: #0 C:\Users\Asus\Downloads\Website\api\transactions.php(38): mysqli->query('SELECT t.id, t....')
#1 {main}

Error at 2026-03-28 15:39:39
Message: Table 'zoe_pos_system_db.products' doesn't exist
Stack trace: #0 C:\Users\Asus\Downloads\Website\api\products.php(36): mysqli->query('SELECT p.id, p....')
#1 {main}

Error at 2026-03-28 15:39:39 (transactions.php)
Message: Table 'zoe_pos_system_db.transactions' doesn't exist
Stack trace: #0 C:\Users\Asus\Downloads\Website\api\transactions.php(38): mysqli->query('SELECT t.id, t....')
#1 {main}

Error at 2026-03-28 15:39:39
Message: Table 'zoe_pos_system_db.products' doesn't exist
Stack trace: #0 C:\Users\Asus\Downloads\Website\api\products.php(36): mysqli->query('SELECT p.id, p....')
#1 {main}

Error at 2026-03-28 15:39:39 (transactions.php)
Message: Table 'zoe_pos_system_db.transactions' doesn't exist
Stack trace: #0 C:\Users\Asus\Downloads\Website\api\transactions.php(38): mysqli->query('SELECT t.id, t....')
#1 {main}

Error at 2026-03-28 15:39:40
Message: Table 'zoe_pos_system_db.products' doesn't exist
Stack trace: #0 C:\Users\Asus\Downloads\Website\api\products.php(36): mysqli->query('SELECT p.id, p....')
#1 {main}

Error at 2026-03-28 15:39:40 (transactions.php)
Message: Table 'zoe_pos_system_db.transactions' doesn't exist
Stack trace: #0 C:\Users\Asus\Downloads\Website\api\transactions.php(38): mysqli->query('SELECT t.id, t....')
#1 {main}

Error at 2026-03-28 15:39:40
Message: Table 'zoe_pos_system_db.products' doesn't exist
Stack trace: #0 C:\Users\Asus\Downloads\Website\api\products.php(36): mysqli->query('SELECT p.id, p....')
#1 {main}

Error at 2026-03-28 15:39:40
Message: Table 'zoe_pos_system_db.products' doesn't exist
Stack trace: #0 C:\Users\Asus\Downloads\Website\api\products.php(36): mysqli->query('SELECT p.id, p....')
#1 {main}

Error at 2026-03-28 15:39:40 (transactions.php)
Message: Table 'zoe_pos_system_db.transactions' doesn't exist
Stack trace: #0 C:\Users\Asus\Downloads\Website\api\transactions.php(38): mysqli->query('SELECT t.id, t....')
#1 {main}

Error at 2026-03-28 15:39:40 (transactions.php)
Message: Table 'zoe_pos_system_db.transactions' doesn't exist
Stack trace: #0 C:\Users\Asus\Downloads\Website\api\transactions.php(38): mysqli->query('SELECT t.id, t....')
#1 {main}

Error at 2026-03-28 15:39:41
Message: Table 'zoe_pos_system_db.products' doesn't exist
Stack trace: #0 C:\Users\Asus\Downloads\Website\api\products.php(36): mysqli->query('SELECT p.id, p....')
#1 {main}

Error at 2026-03-28 15:39:41 (transactions.php)
Message: Table 'zoe_pos_system_db.transactions' doesn't exist
Stack trace: #0 C:\Users\Asus\Downloads\Website\api\transactions.php(38): mysqli->query('SELECT t.id, t....')
#1 {main}

Error at 2026-03-28 15:39:41
Message: Table 'zoe_pos_system_db.products' doesn't exist
Stack trace: #0 C:\Users\Asus\Downloads\Website\api\products.php(36): mysqli->query('SELECT p.id, p....')
#1 {main}

Error at 2026-03-28 15:39:42 (transactions.php)
Message: Table 'zoe_pos_system_db.transactions' doesn't exist
Stack trace: #0 C:\Users\Asus\Downloads\Website\api\transactions.php(38): mysqli->query('SELECT t.id, t....')
#1 {main}

Error at 2026-03-28 15:39:42
Message: Table 'zoe_pos_system_db.products' doesn't exist
Stack trace: #0 C:\Users\Asus\Downloads\Website\api\products.php(36): mysqli->query('SELECT p.id, p....')
#1 {main}

Error at 2026-03-28 15:39:42
Message: Table 'zoe_pos_system_db.products' doesn't exist
Stack trace: #0 C:\Users\Asus\Downloads\Website\api\products.php(36): mysqli->query('SELECT p.id, p....')
#1 {main}

Error at 2026-03-28 15:39:42 (transactions.php)
Message: Table 'zoe_pos_system_db.transactions' doesn't exist
Stack trace: #0 C:\Users\Asus\Downloads\Website\api\transactions.php(38): mysqli->query('SELECT t.id, t....')
#1 {main}

Error at 2026-03-28 15:39:42 (transactions.php)
Message: Table 'zoe_pos_system_db.transactions' doesn't exist
Stack trace: #0 C:\Users\Asus\Downloads\Website\api\transactions.php(38): mysqli->query('SELECT t.id, t....')
#1 {main}

Error at 2026-03-28 15:39:43
Message: Table 'zoe_pos_system_db.products' doesn't exist
Stack trace: #0 C:\Users\Asus\Downloads\Website\api\products.php(36): mysqli->query('SELECT p.id, p....')
#1 {main}

Error at 2026-03-28 15:39:43 (transactions.php)
Message: Table 'zoe_pos_system_db.transactions' doesn't exist
Stack trace: #0 C:\Users\Asus\Downloads\Website\api\transactions.php(38): mysqli->query('SELECT t.id, t....')
#1 {main}

Error at 2026-03-28 15:39:43
Message: Table 'zoe_pos_system_db.products' doesn't exist
Stack trace: #0 C:\Users\Asus\Downloads\Website\api\products.php(36): mysqli->query('SELECT p.id, p....')
#1 {main}

Error at 2026-03-28 15:39:44 (transactions.php)
Message: Table 'zoe_pos_system_db.transactions' doesn't exist
Stack trace: #0 C:\Users\Asus\Downloads\Website\api\transactions.php(38): mysqli->query('SELECT t.id, t....')
#1 {main}

Error at 2026-03-28 15:39:44
Message: Table 'zoe_pos_system_db.products' doesn't exist
Stack trace: #0 C:\Users\Asus\Downloads\Website\api\products.php(36): mysqli->query('SELECT p.id, p....')
#1 {main}

Error at 2026-03-28 15:39:44
Message: Table 'zoe_pos_system_db.products' doesn't exist
Stack trace: #0 C:\Users\Asus\Downloads\Website\api\products.php(36): mysqli->query('SELECT p.id, p....')
#1 {main}

Error at 2026-03-28 15:39:44 (transactions.php)
Message: Table 'zoe_pos_system_db.transactions' doesn't exist
Stack trace: #0 C:\Users\Asus\Downloads\Website\api\transactions.php(38): mysqli->query('SELECT t.id, t....')
#1 {main}

Error at 2026-03-28 15:39:44 (transactions.php)
Message: Table 'zoe_pos_system_db.transactions' doesn't exist
Stack trace: #0 C:\Users\Asus\Downloads\Website\api\transactions.php(38): mysqli->query('SELECT t.id, t....')
#1 {main}

Error at 2026-03-28 15:39:45
Message: Table 'zoe_pos_system_db.products' doesn't exist
Stack trace: #0 C:\Users\Asus\Downloads\Website\api\products.php(36): mysqli->query('SELECT p.id, p....')
#1 {main}

Error at 2026-03-28 15:39:45 (transactions.php)
Message: Table 'zoe_pos_system_db.transactions' doesn't exist
Stack trace: #0 C:\Users\Asus\Downloads\Website\api\transactions.php(38): mysqli->query('SELECT t.id, t....')
#1 {main}

Error at 2026-03-28 15:39:45
Message: Table 'zoe_pos_system_db.products' doesn't exist
Stack trace: #0 C:\Users\Asus\Downloads\Website\api\products.php(36): mysqli->query('SELECT p.id, p....')
#1 {main}

Error at 2026-03-28 15:39:46 (transactions.php)
Message: Table 'zoe_pos_system_db.transactions' doesn't exist
Stack trace: #0 C:\Users\Asus\Downloads\Website\api\transactions.php(38): mysqli->query('SELECT t.id, t....')
#1 {main}

Error at 2026-03-28 15:39:46
Message: Table 'zoe_pos_system_db.products' doesn't exist
Stack trace: #0 C:\Users\Asus\Downloads\Website\api\products.php(36): mysqli->query('SELECT p.id, p....')
#1 {main}

Error at 2026-03-28 15:39:46
Message: Table 'zoe_pos_system_db.products' doesn't exist
Stack trace: #0 C:\Users\Asus\Downloads\Website\api\products.php(36): mysqli->query('SELECT p.id, p....')
#1 {main}

Error at 2026-03-28 15:39:46 (transactions.php)
Message: Table 'zoe_pos_system_db.transactions' doesn't exist
Stack trace: #0 C:\Users\Asus\Downloads\Website\api\transactions.php(38): mysqli->query('SELECT t.id, t....')
#1 {main}

Error at 2026-03-28 15:39:46 (transactions.php)
Message: Table 'zoe_pos_system_db.transactions' doesn't exist
Stack trace: #0 C:\Users\Asus\Downloads\Website\api\transactions.php(38): mysqli->query('SELECT t.id, t....')
#1 {main}

Error at 2026-03-28 15:39:47
Message: Table 'zoe_pos_system_db.products' doesn't exist
Stack trace: #0 C:\Users\Asus\Downloads\Website\api\products.php(36): mysqli->query('SELECT p.id, p....')
#1 {main}

Error at 2026-03-28 15:39:47 (transactions.php)
Message: Table 'zoe_pos_system_db.transactions' doesn't exist
Stack trace: #0 C:\Users\Asus\Downloads\Website\api\transactions.php(38): mysqli->query('SELECT t.id, t....')
#1 {main}

Error at 2026-03-28 15:39:48
Message: Table 'zoe_pos_system_db.products' doesn't exist
Stack trace: #0 C:\Users\Asus\Downloads\Website\api\products.php(36): mysqli->query('SELECT p.id, p....')
#1 {main}

Error at 2026-03-28 15:39:48 (transactions.php)
Message: Table 'zoe_pos_system_db.transactions' doesn't exist
Stack trace: #0 C:\Users\Asus\Downloads\Website\api\transactions.php(38): mysqli->query('SELECT t.id, t....')
#1 {main}

Error at 2026-03-28 15:39:48
Message: Table 'zoe_pos_system_db.products' doesn't exist
Stack trace: #0 C:\Users\Asus\Downloads\Website\api\products.php(36): mysqli->query('SELECT p.id, p....')
#1 {main}

Error at 2026-03-28 15:39:48
Message: Table 'zoe_pos_system_db.products' doesn't exist
Stack trace: #0 C:\Users\Asus\Downloads\Website\api\products.php(36): mysqli->query('SELECT p.id, p....')
#1 {main}

Error at 2026-03-28 15:39:48 (transactions.php)
Message: Table 'zoe_pos_system_db.transactions' doesn't exist
Stack trace: #0 C:\Users\Asus\Downloads\Website\api\transactions.php(38): mysqli->query('SELECT t.id, t....')
#1 {main}

Error at 2026-03-28 15:39:48 (transactions.php)
Message: Table 'zoe_pos_system_db.transactions' doesn't exist
Stack trace: #0 C:\Users\Asus\Downloads\Website\api\transactions.php(38): mysqli->query('SELECT t.id, t....')
#1 {main}

Error at 2026-03-28 15:39:49
Message: Table 'zoe_pos_system_db.products' doesn't exist
Stack trace: #0 C:\Users\Asus\Downloads\Website\api\products.php(36): mysqli->query('SELECT p.id, p....')
#1 {main}

Error at 2026-03-28 15:39:49 (transactions.php)
Message: Table 'zoe_pos_system_db.transactions' doesn't exist
Stack trace: #0 C:\Users\Asus\Downloads\Website\api\transactions.php(38): mysqli->query('SELECT t.id, t....')
#1 {main}

Error at 2026-03-28 15:39:49
Message: Table 'zoe_pos_system_db.products' doesn't exist
Stack trace: #0 C:\Users\Asus\Downloads\Website\api\products.php(36): mysqli->query('SELECT p.id, p....')
#1 {main}

Error at 2026-03-28 15:39:49 (transactions.php)
Message: Table 'zoe_pos_system_db.transactions' doesn't exist
Stack trace: #0 C:\Users\Asus\Downloads\Website\api\transactions.php(38): mysqli->query('SELECT t.id, t....')
#1 {main}

Error at 2026-03-28 15:39:50
Message: Table 'zoe_pos_system_db.products' doesn't exist
Stack trace: #0 C:\Users\Asus\Downloads\Website\api\products.php(36): mysqli->query('SELECT p.id, p....')
#1 {main}

Error at 2026-03-28 15:39:50
Message: Table 'zoe_pos_system_db.products' doesn't exist
Stack trace: #0 C:\Users\Asus\Downloads\Website\api\products.php(36): mysqli->query('SELECT p.id, p....')
#1 {main}

Error at 2026-03-28 15:39:50 (transactions.php)
Message: Table 'zoe_pos_system_db.transactions' doesn't exist
Stack trace: #0 C:\Users\Asus\Downloads\Website\api\transactions.php(38): mysqli->query('SELECT t.id, t....')
#1 {main}

Error at 2026-03-28 15:39:50 (transactions.php)
Message: Table 'zoe_pos_system_db.transactions' doesn't exist
Stack trace: #0 C:\Users\Asus\Downloads\Website\api\transactions.php(38): mysqli->query('SELECT t.id, t....')
#1 {main}

Error at 2026-03-28 15:39:51
Message: Table 'zoe_pos_system_db.products' doesn't exist
Stack trace: #0 C:\Users\Asus\Downloads\Website\api\products.php(36): mysqli->query('SELECT p.id, p....')
#1 {main}

Error at 2026-03-28 15:39:51 (transactions.php)
Message: Table 'zoe_pos_system_db.transactions' doesn't exist
Stack trace: #0 C:\Users\Asus\Downloads\Website\api\transactions.php(38): mysqli->query('SELECT t.id, t....')
#1 {main}

Error at 2026-03-28 15:39:51
Message: Table 'zoe_pos_system_db.products' doesn't exist
Stack trace: #0 C:\Users\Asus\Downloads\Website\api\products.php(36): mysqli->query('SELECT p.id, p....')
#1 {main}

Error at 2026-03-28 15:39:52 (transactions.php)
Message: Table 'zoe_pos_system_db.transactions' doesn't exist
Stack trace: #0 C:\Users\Asus\Downloads\Website\api\transactions.php(38): mysqli->query('SELECT t.id, t....')
#1 {main}

Error at 2026-03-28 15:39:52
Message: Table 'zoe_pos_system_db.products' doesn't exist
Stack trace: #0 C:\Users\Asus\Downloads\Website\api\products.php(36): mysqli->query('SELECT p.id, p....')
#1 {main}

Error at 2026-03-28 15:39:52
Message: Table 'zoe_pos_system_db.products' doesn't exist
Stack trace: #0 C:\Users\Asus\Downloads\Website\api\products.php(36): mysqli->query('SELECT p.id, p....')
#1 {main}

Error at 2026-03-28 15:39:52 (transactions.php)
Message: Table 'zoe_pos_system_db.transactions' doesn't exist
Stack trace: #0 C:\Users\Asus\Downloads\Website\api\transactions.php(38): mysqli->query('SELECT t.id, t....')
#1 {main}

Error at 2026-03-28 15:39:52 (transactions.php)
Message: Table 'zoe_pos_system_db.transactions' doesn't exist
Stack trace: #0 C:\Users\Asus\Downloads\Website\api\transactions.php(38): mysqli->query('SELECT t.id, t....')
#1 {main}

Error at 2026-03-28 15:39:53
Message: Table 'zoe_pos_system_db.products' doesn't exist
Stack trace: #0 C:\Users\Asus\Downloads\Website\api\products.php(36): mysqli->query('SELECT p.id, p....')
#1 {main}

Error at 2026-03-28 15:39:53 (transactions.php)
Message: Table 'zoe_pos_system_db.transactions' doesn't exist
Stack trace: #0 C:\Users\Asus\Downloads\Website\api\transactions.php(38): mysqli->query('SELECT t.id, t....')
#1 {main}

Error at 2026-03-28 15:39:53
Message: Table 'zoe_pos_system_db.products' doesn't exist
Stack trace: #0 C:\Users\Asus\Downloads\Website\api\products.php(36): mysqli->query('SELECT p.id, p....')
#1 {main}

Error at 2026-03-28 15:39:53 (transactions.php)
Message: Table 'zoe_pos_system_db.transactions' doesn't exist
Stack trace: #0 C:\Users\Asus\Downloads\Website\api\transactions.php(38): mysqli->query('SELECT t.id, t....')
#1 {main}

Error at 2026-03-28 15:39:54
Message: Table 'zoe_pos_system_db.products' doesn't exist
Stack trace: #0 C:\Users\Asus\Downloads\Website\api\products.php(36): mysqli->query('SELECT p.id, p....')
#1 {main}

Error at 2026-03-28 15:39:54
Message: Table 'zoe_pos_system_db.products' doesn't exist
Stack trace: #0 C:\Users\Asus\Downloads\Website\api\products.php(36): mysqli->query('SELECT p.id, p....')
#1 {main}

Error at 2026-03-28 15:39:54 (transactions.php)
Message: Table 'zoe_pos_system_db.transactions' doesn't exist
Stack trace: #0 C:\Users\Asus\Downloads\Website\api\transactions.php(38): mysqli->query('SELECT t.id, t....')
#1 {main}

Error at 2026-03-28 15:39:54 (transactions.php)
Message: Table 'zoe_pos_system_db.transactions' doesn't exist
Stack trace: #0 C:\Users\Asus\Downloads\Website\api\transactions.php(38): mysqli->query('SELECT t.id, t....')
#1 {main}

Error at 2026-03-28 15:39:55
Message: Table 'zoe_pos_system_db.products' doesn't exist
Stack trace: #0 C:\Users\Asus\Downloads\Website\api\products.php(36): mysqli->query('SELECT p.id, p....')
#1 {main}

Error at 2026-03-28 15:39:55 (transactions.php)
Message: Table 'zoe_pos_system_db.transactions' doesn't exist
Stack trace: #0 C:\Users\Asus\Downloads\Website\api\transactions.php(38): mysqli->query('SELECT t.id, t....')
#1 {main}

Error at 2026-03-28 15:39:56
Message: Table 'zoe_pos_system_db.products' doesn't exist
Stack trace: #0 C:\Users\Asus\Downloads\Website\api\products.php(36): mysqli->query('SELECT p.id, p....')
#1 {main}

Error at 2026-03-28 15:39:56 (transactions.php)
Message: Table 'zoe_pos_system_db.transactions' doesn't exist
Stack trace: #0 C:\Users\Asus\Downloads\Website\api\transactions.php(38): mysqli->query('SELECT t.id, t....')
#1 {main}

Error at 2026-03-28 15:39:56
Message: Table 'zoe_pos_system_db.products' doesn't exist
Stack trace: #0 C:\Users\Asus\Downloads\Website\api\products.php(36): mysqli->query('SELECT p.id, p....')
#1 {main}

Error at 2026-03-28 15:39:56
Message: Table 'zoe_pos_system_db.products' doesn't exist
Stack trace: #0 C:\Users\Asus\Downloads\Website\api\products.php(36): mysqli->query('SELECT p.id, p....')
#1 {main}

Error at 2026-03-28 15:39:56 (transactions.php)
Message: Table 'zoe_pos_system_db.transactions' doesn't exist
Stack trace: #0 C:\Users\Asus\Downloads\Website\api\transactions.php(38): mysqli->query('SELECT t.id, t....')
#1 {main}

Error at 2026-03-28 15:39:56 (transactions.php)
Message: Table 'zoe_pos_system_db.transactions' doesn't exist
Stack trace: #0 C:\Users\Asus\Downloads\Website\api\transactions.php(38): mysqli->query('SELECT t.id, t....')
#1 {main}

Error at 2026-03-28 15:39:57
Message: Table 'zoe_pos_system_db.products' doesn't exist
Stack trace: #0 C:\Users\Asus\Downloads\Website\api\products.php(36): mysqli->query('SELECT p.id, p....')
#1 {main}

Error at 2026-03-28 15:39:57 (transactions.php)
Message: Table 'zoe_pos_system_db.transactions' doesn't exist
Stack trace: #0 C:\Users\Asus\Downloads\Website\api\transactions.php(38): mysqli->query('SELECT t.id, t....')
#1 {main}

Error at 2026-03-28 15:39:57
Message: Table 'zoe_pos_system_db.products' doesn't exist
Stack trace: #0 C:\Users\Asus\Downloads\Website\api\products.php(36): mysqli->query('SELECT p.id, p....')
#1 {main}

Error at 2026-03-28 15:39:57 (transactions.php)
Message: Table 'zoe_pos_system_db.transactions' doesn't exist
Stack trace: #0 C:\Users\Asus\Downloads\Website\api\transactions.php(38): mysqli->query('SELECT t.id, t....')
#1 {main}

Error at 2026-03-28 15:39:58
Message: Table 'zoe_pos_system_db.products' doesn't exist
Stack trace: #0 C:\Users\Asus\Downloads\Website\api\products.php(36): mysqli->query('SELECT p.id, p....')
#1 {main}

Error at 2026-03-28 15:39:58
Message: Table 'zoe_pos_system_db.products' doesn't exist
Stack trace: #0 C:\Users\Asus\Downloads\Website\api\products.php(36): mysqli->query('SELECT p.id, p....')
#1 {main}

Error at 2026-03-28 15:39:58 (transactions.php)
Message: Table 'zoe_pos_system_db.transactions' doesn't exist
Stack trace: #0 C:\Users\Asus\Downloads\Website\api\transactions.php(38): mysqli->query('SELECT t.id, t....')
#1 {main}

Error at 2026-03-28 15:39:58 (transactions.php)
Message: Table 'zoe_pos_system_db.transactions' doesn't exist
Stack trace: #0 C:\Users\Asus\Downloads\Website\api\transactions.php(38): mysqli->query('SELECT t.id, t....')
#1 {main}

Error at 2026-03-28 15:39:59
Message: Table 'zoe_pos_system_db.products' doesn't exist
Stack trace: #0 C:\Users\Asus\Downloads\Website\api\products.php(36): mysqli->query('SELECT p.id, p....')
#1 {main}

Error at 2026-03-28 15:39:59 (transactions.php)
Message: Table 'zoe_pos_system_db.transactions' doesn't exist
Stack trace: #0 C:\Users\Asus\Downloads\Website\api\transactions.php(38): mysqli->query('SELECT t.id, t....')
#1 {main}

Error at 2026-03-28 15:39:59
Message: Table 'zoe_pos_system_db.products' doesn't exist
Stack trace: #0 C:\Users\Asus\Downloads\Website\api\products.php(36): mysqli->query('SELECT p.id, p....')
#1 {main}

Error at 2026-03-28 15:39:59 (transactions.php)
Message: Table 'zoe_pos_system_db.transactions' doesn't exist
Stack trace: #0 C:\Users\Asus\Downloads\Website\api\transactions.php(38): mysqli->query('SELECT t.id, t....')
#1 {main}

Error at 2026-03-28 15:40:00
Message: Table 'zoe_pos_system_db.products' doesn't exist
Stack trace: #0 C:\Users\Asus\Downloads\Website\api\products.php(36): mysqli->query('SELECT p.id, p....')
#1 {main}

Error at 2026-03-28 15:40:00
Message: Table 'zoe_pos_system_db.products' doesn't exist
Stack trace: #0 C:\Users\Asus\Downloads\Website\api\products.php(36): mysqli->query('SELECT p.id, p....')
#1 {main}

Error at 2026-03-28 15:40:00 (transactions.php)
Message: Table 'zoe_pos_system_db.transactions' doesn't exist
Stack trace: #0 C:\Users\Asus\Downloads\Website\api\transactions.php(38): mysqli->query('SELECT t.id, t....')
#1 {main}

Error at 2026-03-28 15:40:00 (transactions.php)
Message: Table 'zoe_pos_system_db.transactions' doesn't exist
Stack trace: #0 C:\Users\Asus\Downloads\Website\api\transactions.php(38): mysqli->query('SELECT t.id, t....')
#1 {main}

Error at 2026-03-28 15:40:01
Message: Table 'zoe_pos_system_db.products' doesn't exist
Stack trace: #0 C:\Users\Asus\Downloads\Website\api\products.php(36): mysqli->query('SELECT p.id, p....')
#1 {main}

Error at 2026-03-28 15:40:01 (transactions.php)
Message: Table 'zoe_pos_system_db.transactions' doesn't exist
Stack trace: #0 C:\Users\Asus\Downloads\Website\api\transactions.php(38): mysqli->query('SELECT t.id, t....')
#1 {main}

Error at 2026-03-28 15:40:01
Message: Table 'zoe_pos_system_db.products' doesn't exist
Stack trace: #0 C:\Users\Asus\Downloads\Website\api\products.php(36): mysqli->query('SELECT p.id, p....')
#1 {main}

Error at 2026-03-28 15:40:01 (transactions.php)
Message: Table 'zoe_pos_system_db.transactions' doesn't exist
Stack trace: #0 C:\Users\Asus\Downloads\Website\api\transactions.php(38): mysqli->query('SELECT t.id, t....')
#1 {main}

Error at 2026-03-28 15:40:02
Message: Table 'zoe_pos_system_db.products' doesn't exist
Stack trace: #0 C:\Users\Asus\Downloads\Website\api\products.php(36): mysqli->query('SELECT p.id, p....')
#1 {main}

Error at 2026-03-28 15:40:02
Message: Table 'zoe_pos_system_db.products' doesn't exist
Stack trace: #0 C:\Users\Asus\Downloads\Website\api\products.php(36): mysqli->query('SELECT p.id, p....')
#1 {main}

Error at 2026-03-28 15:40:02 (transactions.php)
Message: Table 'zoe_pos_system_db.transactions' doesn't exist
Stack trace: #0 C:\Users\Asus\Downloads\Website\api\transactions.php(38): mysqli->query('SELECT t.id, t....')
#1 {main}

Error at 2026-03-28 15:40:02 (transactions.php)
Message: Table 'zoe_pos_system_db.transactions' doesn't exist
Stack trace: #0 C:\Users\Asus\Downloads\Website\api\transactions.php(38): mysqli->query('SELECT t.id, t....')
#1 {main}

Error at 2026-03-28 15:40:03
Message: Table 'zoe_pos_system_db.products' doesn't exist
Stack trace: #0 C:\Users\Asus\Downloads\Website\api\products.php(36): mysqli->query('SELECT p.id, p....')
#1 {main}

Error at 2026-03-28 15:40:03 (transactions.php)
Message: Table 'zoe_pos_system_db.transactions' doesn't exist
Stack trace: #0 C:\Users\Asus\Downloads\Website\api\transactions.php(38): mysqli->query('SELECT t.id, t....')
#1 {main}

Error at 2026-03-28 15:40:03
Message: Table 'zoe_pos_system_db.products' doesn't exist
Stack trace: #0 C:\Users\Asus\Downloads\Website\api\products.php(36): mysqli->query('SELECT p.id, p....')
#1 {main}

Error at 2026-03-28 15:40:03 (transactions.php)
Message: Table 'zoe_pos_system_db.transactions' doesn't exist
Stack trace: #0 C:\Users\Asus\Downloads\Website\api\transactions.php(38): mysqli->query('SELECT t.id, t....')
#1 {main}

Error at 2026-03-28 15:40:04
Message: Table 'zoe_pos_system_db.products' doesn't exist
Stack trace: #0 C:\Users\Asus\Downloads\Website\api\products.php(36): mysqli->query('SELECT p.id, p....')
#1 {main}

Error at 2026-03-28 15:40:04
Message: Table 'zoe_pos_system_db.products' doesn't exist
Stack trace: #0 C:\Users\Asus\Downloads\Website\api\products.php(36): mysqli->query('SELECT p.id, p....')
#1 {main}

Error at 2026-03-28 15:40:04 (transactions.php)
Message: Table 'zoe_pos_system_db.transactions' doesn't exist
Stack trace: #0 C:\Users\Asus\Downloads\Website\api\transactions.php(38): mysqli->query('SELECT t.id, t....')
#1 {main}

Error at 2026-03-28 15:40:04 (transactions.php)
Message: Table 'zoe_pos_system_db.transactions' doesn't exist
Stack trace: #0 C:\Users\Asus\Downloads\Website\api\transactions.php(38): mysqli->query('SELECT t.id, t....')
#1 {main}

Error at 2026-03-28 15:40:05
Message: Table 'zoe_pos_system_db.products' doesn't exist
Stack trace: #0 C:\Users\Asus\Downloads\Website\api\products.php(36): mysqli->query('SELECT p.id, p....')
#1 {main}

Error at 2026-03-28 15:40:05 (transactions.php)
Message: Table 'zoe_pos_system_db.transactions' doesn't exist
Stack trace: #0 C:\Users\Asus\Downloads\Website\api\transactions.php(38): mysqli->query('SELECT t.id, t....')
#1 {main}

Error at 2026-03-28 15:40:05
Message: Table 'zoe_pos_system_db.products' doesn't exist
Stack trace: #0 C:\Users\Asus\Downloads\Website\api\products.php(36): mysqli->query('SELECT p.id, p....')
#1 {main}

Error at 2026-03-28 15:40:06 (transactions.php)
Message: Table 'zoe_pos_system_db.transactions' doesn't exist
Stack trace: #0 C:\Users\Asus\Downloads\Website\api\transactions.php(38): mysqli->query('SELECT t.id, t....')
#1 {main}

Error at 2026-03-28 15:40:06
Message: Table 'zoe_pos_system_db.products' doesn't exist
Stack trace: #0 C:\Users\Asus\Downloads\Website\api\products.php(36): mysqli->query('SELECT p.id, p....')
#1 {main}

Error at 2026-03-28 15:40:06
Message: Table 'zoe_pos_system_db.products' doesn't exist
Stack trace: #0 C:\Users\Asus\Downloads\Website\api\products.php(36): mysqli->query('SELECT p.id, p....')
#1 {main}

Error at 2026-03-28 15:40:06 (transactions.php)
Message: Table 'zoe_pos_system_db.transactions' doesn't exist
Stack trace: #0 C:\Users\Asus\Downloads\Website\api\transactions.php(38): mysqli->query('SELECT t.id, t....')
#1 {main}

Error at 2026-03-28 15:40:06 (transactions.php)
Message: Table 'zoe_pos_system_db.transactions' doesn't exist
Stack trace: #0 C:\Users\Asus\Downloads\Website\api\transactions.php(38): mysqli->query('SELECT t.id, t....')
#1 {main}

Error at 2026-03-28 15:40:07
Message: Table 'zoe_pos_system_db.products' doesn't exist
Stack trace: #0 C:\Users\Asus\Downloads\Website\api\products.php(36): mysqli->query('SELECT p.id, p....')
#1 {main}

Error at 2026-03-28 15:40:07 (transactions.php)
Message: Table 'zoe_pos_system_db.transactions' doesn't exist
Stack trace: #0 C:\Users\Asus\Downloads\Website\api\transactions.php(38): mysqli->query('SELECT t.id, t....')
#1 {main}

Error at 2026-03-28 15:40:07
Message: Table 'zoe_pos_system_db.products' doesn't exist
Stack trace: #0 C:\Users\Asus\Downloads\Website\api\products.php(36): mysqli->query('SELECT p.id, p....')
#1 {main}

Error at 2026-03-28 15:40:07 (transactions.php)
Message: Table 'zoe_pos_system_db.transactions' doesn't exist
Stack trace: #0 C:\Users\Asus\Downloads\Website\api\transactions.php(38): mysqli->query('SELECT t.id, t....')
#1 {main}

Error at 2026-03-28 15:40:08
Message: Table 'zoe_pos_system_db.products' doesn't exist
Stack trace: #0 C:\Users\Asus\Downloads\Website\api\products.php(36): mysqli->query('SELECT p.id, p....')
#1 {main}

Error at 2026-03-28 15:40:08
Message: Table 'zoe_pos_system_db.products' doesn't exist
Stack trace: #0 C:\Users\Asus\Downloads\Website\api\products.php(36): mysqli->query('SELECT p.id, p....')
#1 {main}

Error at 2026-03-28 15:40:08 (transactions.php)
Message: Table 'zoe_pos_system_db.transactions' doesn't exist
Stack trace: #0 C:\Users\Asus\Downloads\Website\api\transactions.php(38): mysqli->query('SELECT t.id, t....')
#1 {main}

Error at 2026-03-28 15:40:09 (transactions.php)
Message: Table 'zoe_pos_system_db.transactions' doesn't exist
Stack trace: #0 C:\Users\Asus\Downloads\Website\api\transactions.php(38): mysqli->query('SELECT t.id, t....')
#1 {main}

Error at 2026-03-28 15:40:09
Message: Table 'zoe_pos_system_db.products' doesn't exist
Stack trace: #0 C:\Users\Asus\Downloads\Website\api\products.php(36): mysqli->query('SELECT p.id, p....')
#1 {main}

Error at 2026-03-28 15:40:09 (transactions.php)
Message: Table 'zoe_pos_system_db.transactions' doesn't exist
Stack trace: #0 C:\Users\Asus\Downloads\Website\api\transactions.php(38): mysqli->query('SELECT t.id, t....')
#1 {main}

Error at 2026-03-28 15:40:09
Message: Table 'zoe_pos_system_db.products' doesn't exist
Stack trace: #0 C:\Users\Asus\Downloads\Website\api\products.php(36): mysqli->query('SELECT p.id, p....')
#1 {main}

Error at 2026-03-28 15:40:09 (transactions.php)
Message: Table 'zoe_pos_system_db.transactions' doesn't exist
Stack trace: #0 C:\Users\Asus\Downloads\Website\api\transactions.php(38): mysqli->query('SELECT t.id, t....')
#1 {main}

Error at 2026-03-28 15:40:10
Message: Table 'zoe_pos_system_db.products' doesn't exist
Stack trace: #0 C:\Users\Asus\Downloads\Website\api\products.php(36): mysqli->query('SELECT p.id, p....')
#1 {main}

Error at 2026-03-28 15:40:10 (transactions.php)
Message: Table 'zoe_pos_system_db.transactions' doesn't exist
Stack trace: #0 C:\Users\Asus\Downloads\Website\api\transactions.php(38): mysqli->query('SELECT t.id, t....')
#1 {main}

Error at 2026-03-28 15:40:11
Message: Table 'zoe_pos_system_db.products' doesn't exist
Stack trace: #0 C:\Users\Asus\Downloads\Website\api\products.php(36): mysqli->query('SELECT p.id, p....')
#1 {main}

Error at 2026-03-28 15:40:11 (transactions.php)
Message: Table 'zoe_pos_system_db.transactions' doesn't exist
Stack trace: #0 C:\Users\Asus\Downloads\Website\api\transactions.php(38): mysqli->query('SELECT t.id, t....')
#1 {main}

Error at 2026-03-28 15:40:11
Message: Table 'zoe_pos_system_db.products' doesn't exist
Stack trace: #0 C:\Users\Asus\Downloads\Website\api\products.php(36): mysqli->query('SELECT p.id, p....')
#1 {main}

Error at 2026-03-28 15:40:11 (transactions.php)
Message: Table 'zoe_pos_system_db.transactions' doesn't exist
Stack trace: #0 C:\Users\Asus\Downloads\Website\api\transactions.php(38): mysqli->query('SELECT t.id, t....')
#1 {main}

Error at 2026-03-28 15:40:12
Message: Table 'zoe_pos_system_db.products' doesn't exist
Stack trace: #0 C:\Users\Asus\Downloads\Website\api\products.php(36): mysqli->query('SELECT p.id, p....')
#1 {main}

Error at 2026-03-28 15:40:12 (transactions.php)
Message: Table 'zoe_pos_system_db.transactions' doesn't exist
Stack trace: #0 C:\Users\Asus\Downloads\Website\api\transactions.php(38): mysqli->query('SELECT t.id, t....')
#1 {main}

Error at 2026-03-28 15:40:12
Message: Table 'zoe_pos_system_db.products' doesn't exist
Stack trace: #0 C:\Users\Asus\Downloads\Website\api\products.php(36): mysqli->query('SELECT p.id, p....')
#1 {main}

Error at 2026-03-28 15:40:12 (transactions.php)
Message: Table 'zoe_pos_system_db.transactions' doesn't exist
Stack trace: #0 C:\Users\Asus\Downloads\Website\api\transactions.php(38): mysqli->query('SELECT t.id, t....')
#1 {main}

Error at 2026-03-28 15:40:13
Message: Table 'zoe_pos_system_db.products' doesn't exist
Stack trace: #0 C:\Users\Asus\Downloads\Website\api\products.php(36): mysqli->query('SELECT p.id, p....')
#1 {main}

Error at 2026-03-28 15:40:13 (transactions.php)
Message: Table 'zoe_pos_system_db.transactions' doesn't exist
Stack trace: #0 C:\Users\Asus\Downloads\Website\api\transactions.php(38): mysqli->query('SELECT t.id, t....')
#1 {main}

Error at 2026-03-28 15:40:13
Message: Table 'zoe_pos_system_db.products' doesn't exist
Stack trace: #0 C:\Users\Asus\Downloads\Website\api\products.php(36): mysqli->query('SELECT p.id, p....')
#1 {main}

Error at 2026-03-28 15:40:13 (transactions.php)
Message: Table 'zoe_pos_system_db.transactions' doesn't exist
Stack trace: #0 C:\Users\Asus\Downloads\Website\api\transactions.php(38): mysqli->query('SELECT t.id, t....')
#1 {main}

Error at 2026-03-28 15:40:14
Message: Table 'zoe_pos_system_db.products' doesn't exist
Stack trace: #0 C:\Users\Asus\Downloads\Website\api\products.php(36): mysqli->query('SELECT p.id, p....')
#1 {main}

Error at 2026-03-28 15:40:14 (transactions.php)
Message: Table 'zoe_pos_system_db.transactions' doesn't exist
Stack trace: #0 C:\Users\Asus\Downloads\Website\api\transactions.php(38): mysqli->query('SELECT t.id, t....')
#1 {main}

Error at 2026-03-28 15:40:14
Message: Table 'zoe_pos_system_db.products' doesn't exist
Stack trace: #0 C:\Users\Asus\Downloads\Website\api\products.php(36): mysqli->query('SELECT p.id, p....')
#1 {main}

Error at 2026-03-28 15:40:14 (transactions.php)
Message: Table 'zoe_pos_system_db.transactions' doesn't exist
Stack trace: #0 C:\Users\Asus\Downloads\Website\api\transactions.php(38): mysqli->query('SELECT t.id, t....')
#1 {main}

Error at 2026-03-28 15:40:15
Message: Table 'zoe_pos_system_db.products' doesn't exist
Stack trace: #0 C:\Users\Asus\Downloads\Website\api\products.php(36): mysqli->query('SELECT p.id, p....')
#1 {main}

Error at 2026-03-28 15:40:15 (transactions.php)
Message: Table 'zoe_pos_system_db.transactions' doesn't exist
Stack trace: #0 C:\Users\Asus\Downloads\Website\api\transactions.php(38): mysqli->query('SELECT t.id, t....')
#1 {main}

Error at 2026-03-28 15:40:15
Message: Table 'zoe_pos_system_db.products' doesn't exist
Stack trace: #0 C:\Users\Asus\Downloads\Website\api\products.php(36): mysqli->query('SELECT p.id, p....')
#1 {main}

Error at 2026-03-28 15:40:15 (transactions.php)
Message: Table 'zoe_pos_system_db.transactions' doesn't exist
Stack trace: #0 C:\Users\Asus\Downloads\Website\api\transactions.php(38): mysqli->query('SELECT t.id, t....')
#1 {main}

Error at 2026-03-28 15:40:16
Message: Table 'zoe_pos_system_db.products' doesn't exist
Stack trace: #0 C:\Users\Asus\Downloads\Website\api\products.php(36): mysqli->query('SELECT p.id, p....')
#1 {main}

Error at 2026-03-28 15:40:16 (transactions.php)
Message: Table 'zoe_pos_system_db.transactions' doesn't exist
Stack trace: #0 C:\Users\Asus\Downloads\Website\api\transactions.php(38): mysqli->query('SELECT t.id, t....')
#1 {main}

Error at 2026-03-28 15:40:16
Message: Table 'zoe_pos_system_db.products' doesn't exist
Stack trace: #0 C:\Users\Asus\Downloads\Website\api\products.php(36): mysqli->query('SELECT p.id, p....')
#1 {main}

Error at 2026-03-28 15:40:16 (transactions.php)
Message: Table 'zoe_pos_system_db.transactions' doesn't exist
Stack trace: #0 C:\Users\Asus\Downloads\Website\api\transactions.php(38): mysqli->query('SELECT t.id, t....')
#1 {main}

Error at 2026-03-28 15:40:17
Message: Table 'zoe_pos_system_db.products' doesn't exist
Stack trace: #0 C:\Users\Asus\Downloads\Website\api\products.php(36): mysqli->query('SELECT p.id, p....')
#1 {main}

Error at 2026-03-28 15:40:17 (transactions.php)
Message: Table 'zoe_pos_system_db.transactions' doesn't exist
Stack trace: #0 C:\Users\Asus\Downloads\Website\api\transactions.php(38): mysqli->query('SELECT t.id, t....')
#1 {main}

Error at 2026-03-28 15:40:17
Message: Table 'zoe_pos_system_db.products' doesn't exist
Stack trace: #0 C:\Users\Asus\Downloads\Website\api\products.php(36): mysqli->query('SELECT p.id, p....')
#1 {main}

Error at 2026-03-28 15:40:18 (transactions.php)
Message: Table 'zoe_pos_system_db.transactions' doesn't exist
Stack trace: #0 C:\Users\Asus\Downloads\Website\api\transactions.php(38): mysqli->query('SELECT t.id, t....')
#1 {main}

Error at 2026-03-28 15:40:18
Message: Table 'zoe_pos_system_db.products' doesn't exist
Stack trace: #0 C:\Users\Asus\Downloads\Website\api\products.php(36): mysqli->query('SELECT p.id, p....')
#1 {main}

Error at 2026-03-28 15:40:18 (transactions.php)
Message: Table 'zoe_pos_system_db.transactions' doesn't exist
Stack trace: #0 C:\Users\Asus\Downloads\Website\api\transactions.php(38): mysqli->query('SELECT t.id, t....')
#1 {main}

Error at 2026-03-28 15:40:18
Message: Table 'zoe_pos_system_db.products' doesn't exist
Stack trace: #0 C:\Users\Asus\Downloads\Website\api\products.php(36): mysqli->query('SELECT p.id, p....')
#1 {main}

Error at 2026-03-28 15:40:18 (transactions.php)
Message: Table 'zoe_pos_system_db.transactions' doesn't exist
Stack trace: #0 C:\Users\Asus\Downloads\Website\api\transactions.php(38): mysqli->query('SELECT t.id, t....')
#1 {main}

Error at 2026-03-28 15:40:19
Message: Table 'zoe_pos_system_db.products' doesn't exist
Stack trace: #0 C:\Users\Asus\Downloads\Website\api\products.php(36): mysqli->query('SELECT p.id, p....')
#1 {main}

Error at 2026-03-28 15:40:19 (transactions.php)
Message: Table 'zoe_pos_system_db.transactions' doesn't exist
Stack trace: #0 C:\Users\Asus\Downloads\Website\api\transactions.php(38): mysqli->query('SELECT t.id, t....')
#1 {main}

Error at 2026-03-28 15:40:19
Message: Table 'zoe_pos_system_db.products' doesn't exist
Stack trace: #0 C:\Users\Asus\Downloads\Website\api\products.php(36): mysqli->query('SELECT p.id, p....')
#1 {main}

Error at 2026-03-28 15:40:19 (transactions.php)
Message: Table 'zoe_pos_system_db.transactions' doesn't exist
Stack trace: #0 C:\Users\Asus\Downloads\Website\api\transactions.php(38): mysqli->query('SELECT t.id, t....')
#1 {main}

Error at 2026-03-28 15:40:20
Message: Table 'zoe_pos_system_db.products' doesn't exist
Stack trace: #0 C:\Users\Asus\Downloads\Website\api\products.php(36): mysqli->query('SELECT p.id, p....')
#1 {main}

Error at 2026-03-28 15:40:20 (transactions.php)
Message: Table 'zoe_pos_system_db.transactions' doesn't exist
Stack trace: #0 C:\Users\Asus\Downloads\Website\api\transactions.php(38): mysqli->query('SELECT t.id, t....')
#1 {main}

Error at 2026-03-28 15:40:20
Message: Table 'zoe_pos_system_db.products' doesn't exist
Stack trace: #0 C:\Users\Asus\Downloads\Website\api\products.php(36): mysqli->query('SELECT p.id, p....')
#1 {main}

Error at 2026-03-28 15:40:20 (transactions.php)
Message: Table 'zoe_pos_system_db.transactions' doesn't exist
Stack trace: #0 C:\Users\Asus\Downloads\Website\api\transactions.php(38): mysqli->query('SELECT t.id, t....')
#1 {main}

Error at 2026-03-28 15:40:21
Message: Table 'zoe_pos_system_db.products' doesn't exist
Stack trace: #0 C:\Users\Asus\Downloads\Website\api\products.php(36): mysqli->query('SELECT p.id, p....')
#1 {main}

Error at 2026-03-28 15:40:21 (transactions.php)
Message: Table 'zoe_pos_system_db.transactions' doesn't exist
Stack trace: #0 C:\Users\Asus\Downloads\Website\api\transactions.php(38): mysqli->query('SELECT t.id, t....')
#1 {main}

Error at 2026-03-28 15:40:21
Message: Table 'zoe_pos_system_db.products' doesn't exist
Stack trace: #0 C:\Users\Asus\Downloads\Website\api\products.php(36): mysqli->query('SELECT p.id, p....')
#1 {main}

Error at 2026-03-28 15:40:21 (transactions.php)
Message: Table 'zoe_pos_system_db.transactions' doesn't exist
Stack trace: #0 C:\Users\Asus\Downloads\Website\api\transactions.php(38): mysqli->query('SELECT t.id, t....')
#1 {main}

Error at 2026-03-28 15:40:22
Message: Table 'zoe_pos_system_db.products' doesn't exist
Stack trace: #0 C:\Users\Asus\Downloads\Website\api\products.php(36): mysqli->query('SELECT p.id, p....')
#1 {main}

Error at 2026-03-28 15:40:22 (transactions.php)
Message: Table 'zoe_pos_system_db.transactions' doesn't exist
Stack trace: #0 C:\Users\Asus\Downloads\Website\api\transactions.php(38): mysqli->query('SELECT t.id, t....')
#1 {main}

Error at 2026-03-28 15:40:22
Message: Table 'zoe_pos_system_db.products' doesn't exist
Stack trace: #0 C:\Users\Asus\Downloads\Website\api\products.php(36): mysqli->query('SELECT p.id, p....')
#1 {main}

Error at 2026-03-28 15:40:23 (transactions.php)
Message: Table 'zoe_pos_system_db.transactions' doesn't exist
Stack trace: #0 C:\Users\Asus\Downloads\Website\api\transactions.php(38): mysqli->query('SELECT t.id, t....')
#1 {main}

Error at 2026-03-28 15:40:23
Message: Table 'zoe_pos_system_db.products' doesn't exist
Stack trace: #0 C:\Users\Asus\Downloads\Website\api\products.php(36): mysqli->query('SELECT p.id, p....')
#1 {main}

Error at 2026-03-28 15:40:23 (transactions.php)
Message: Table 'zoe_pos_system_db.transactions' doesn't exist
Stack trace: #0 C:\Users\Asus\Downloads\Website\api\transactions.php(38): mysqli->query('SELECT t.id, t....')
#1 {main}

Error at 2026-03-28 15:40:23
Message: Table 'zoe_pos_system_db.products' doesn't exist
Stack trace: #0 C:\Users\Asus\Downloads\Website\api\products.php(36): mysqli->query('SELECT p.id, p....')
#1 {main}

Error at 2026-03-28 15:40:23 (transactions.php)
Message: Table 'zoe_pos_system_db.transactions' doesn't exist
Stack trace: #0 C:\Users\Asus\Downloads\Website\api\transactions.php(38): mysqli->query('SELECT t.id, t....')
#1 {main}

Error at 2026-03-28 15:40:24
Message: Table 'zoe_pos_system_db.products' doesn't exist
Stack trace: #0 C:\Users\Asus\Downloads\Website\api\products.php(36): mysqli->query('SELECT p.id, p....')
#1 {main}

Error at 2026-03-28 15:40:24 (transactions.php)
Message: Table 'zoe_pos_system_db.transactions' doesn't exist
Stack trace: #0 C:\Users\Asus\Downloads\Website\api\transactions.php(38): mysqli->query('SELECT t.id, t....')
#1 {main}

Error at 2026-03-28 15:40:24
Message: Table 'zoe_pos_system_db.products' doesn't exist
Stack trace: #0 C:\Users\Asus\Downloads\Website\api\products.php(36): mysqli->query('SELECT p.id, p....')
#1 {main}

Error at 2026-03-28 15:40:24 (transactions.php)
Message: Table 'zoe_pos_system_db.transactions' doesn't exist
Stack trace: #0 C:\Users\Asus\Downloads\Website\api\transactions.php(38): mysqli->query('SELECT t.id, t....')
#1 {main}

Error at 2026-03-28 15:40:25
Message: Table 'zoe_pos_system_db.products' doesn't exist
Stack trace: #0 C:\Users\Asus\Downloads\Website\api\products.php(36): mysqli->query('SELECT p.id, p....')
#1 {main}

Error at 2026-03-28 15:40:25 (transactions.php)
Message: Table 'zoe_pos_system_db.transactions' doesn't exist
Stack trace: #0 C:\Users\Asus\Downloads\Website\api\transactions.php(38): mysqli->query('SELECT t.id, t....')
#1 {main}

Error at 2026-03-28 15:40:25
Message: Table 'zoe_pos_system_db.products' doesn't exist
Stack trace: #0 C:\Users\Asus\Downloads\Website\api\products.php(36): mysqli->query('SELECT p.id, p....')
#1 {main}

Error at 2026-03-28 15:40:25 (transactions.php)
Message: Table 'zoe_pos_system_db.transactions' doesn't exist
Stack trace: #0 C:\Users\Asus\Downloads\Website\api\transactions.php(38): mysqli->query('SELECT t.id, t....')
#1 {main}

Error at 2026-03-28 15:40:26
Message: Table 'zoe_pos_system_db.products' doesn't exist
Stack trace: #0 C:\Users\Asus\Downloads\Website\api\products.php(36): mysqli->query('SELECT p.id, p....')
#1 {main}

Error at 2026-03-28 15:40:26 (transactions.php)
Message: Table 'zoe_pos_system_db.transactions' doesn't exist
Stack trace: #0 C:\Users\Asus\Downloads\Website\api\transactions.php(38): mysqli->query('SELECT t.id, t....')
#1 {main}

Error at 2026-03-28 15:40:26
Message: Table 'zoe_pos_system_db.products' doesn't exist
Stack trace: #0 C:\Users\Asus\Downloads\Website\api\products.php(36): mysqli->query('SELECT p.id, p....')
#1 {main}

Error at 2026-03-28 15:40:26 (transactions.php)
Message: Table 'zoe_pos_system_db.transactions' doesn't exist
Stack trace: #0 C:\Users\Asus\Downloads\Website\api\transactions.php(38): mysqli->query('SELECT t.id, t....')
#1 {main}

Error at 2026-03-28 15:40:27
Message: Table 'zoe_pos_system_db.products' doesn't exist
Stack trace: #0 C:\Users\Asus\Downloads\Website\api\products.php(36): mysqli->query('SELECT p.id, p....')
#1 {main}

Error at 2026-03-28 15:40:27 (transactions.php)
Message: Table 'zoe_pos_system_db.transactions' doesn't exist
Stack trace: #0 C:\Users\Asus\Downloads\Website\api\transactions.php(38): mysqli->query('SELECT t.id, t....')
#1 {main}

Error at 2026-03-28 15:40:27
Message: Table 'zoe_pos_system_db.products' doesn't exist
Stack trace: #0 C:\Users\Asus\Downloads\Website\api\products.php(36): mysqli->query('SELECT p.id, p....')
#1 {main}

Error at 2026-03-28 15:40:27 (transactions.php)
Message: Table 'zoe_pos_system_db.transactions' doesn't exist
Stack trace: #0 C:\Users\Asus\Downloads\Website\api\transactions.php(38): mysqli->query('SELECT t.id, t....')
#1 {main}

Error at 2026-03-28 15:40:28
Message: Table 'zoe_pos_system_db.products' doesn't exist
Stack trace: #0 C:\Users\Asus\Downloads\Website\api\products.php(36): mysqli->query('SELECT p.id, p....')
#1 {main}

Error at 2026-03-28 15:40:28 (transactions.php)
Message: Table 'zoe_pos_system_db.transactions' doesn't exist
Stack trace: #0 C:\Users\Asus\Downloads\Website\api\transactions.php(38): mysqli->query('SELECT t.id, t....')
#1 {main}

Error at 2026-03-28 15:40:28
Message: Table 'zoe_pos_system_db.products' doesn't exist
Stack trace: #0 C:\Users\Asus\Downloads\Website\api\products.php(36): mysqli->query('SELECT p.id, p....')
#1 {main}

Error at 2026-03-28 15:40:28 (transactions.php)
Message: Table 'zoe_pos_system_db.transactions' doesn't exist
Stack trace: #0 C:\Users\Asus\Downloads\Website\api\transactions.php(38): mysqli->query('SELECT t.id, t....')
#1 {main}

Error at 2026-03-28 15:40:29
Message: Table 'zoe_pos_system_db.products' doesn't exist
Stack trace: #0 C:\Users\Asus\Downloads\Website\api\products.php(36): mysqli->query('SELECT p.id, p....')
#1 {main}

Error at 2026-03-28 15:40:29 (transactions.php)
Message: Table 'zoe_pos_system_db.transactions' doesn't exist
Stack trace: #0 C:\Users\Asus\Downloads\Website\api\transactions.php(38): mysqli->query('SELECT t.id, t....')
#1 {main}

Error at 2026-03-28 15:40:30
Message: Table 'zoe_pos_system_db.products' doesn't exist
Stack trace: #0 C:\Users\Asus\Downloads\Website\api\products.php(36): mysqli->query('SELECT p.id, p....')
#1 {main}

Error at 2026-03-28 15:40:30 (transactions.php)
Message: Table 'zoe_pos_system_db.transactions' doesn't exist
Stack trace: #0 C:\Users\Asus\Downloads\Website\api\transactions.php(38): mysqli->query('SELECT t.id, t....')
#1 {main}

Error at 2026-03-28 15:40:30
Message: Table 'zoe_pos_system_db.products' doesn't exist
Stack trace: #0 C:\Users\Asus\Downloads\Website\api\products.php(36): mysqli->query('SELECT p.id, p....')
#1 {main}

Error at 2026-03-28 15:40:30 (transactions.php)
Message: Table 'zoe_pos_system_db.transactions' doesn't exist
Stack trace: #0 C:\Users\Asus\Downloads\Website\api\transactions.php(38): mysqli->query('SELECT t.id, t....')
#1 {main}

Error at 2026-03-28 15:40:30
Message: Table 'zoe_pos_system_db.products' doesn't exist
Stack trace: #0 C:\Users\Asus\Downloads\Website\api\products.php(36): mysqli->query('SELECT p.id, p....')
#1 {main}

Error at 2026-03-28 15:40:30 (transactions.php)
Message: Table 'zoe_pos_system_db.transactions' doesn't exist
Stack trace: #0 C:\Users\Asus\Downloads\Website\api\transactions.php(38): mysqli->query('SELECT t.id, t....')
#1 {main}

Error at 2026-03-28 15:40:31
Message: Table 'zoe_pos_system_db.products' doesn't exist
Stack trace: #0 C:\Users\Asus\Downloads\Website\api\products.php(36): mysqli->query('SELECT p.id, p....')
#1 {main}

Error at 2026-03-28 15:40:31 (transactions.php)
Message: Table 'zoe_pos_system_db.transactions' doesn't exist
Stack trace: #0 C:\Users\Asus\Downloads\Website\api\transactions.php(38): mysqli->query('SELECT t.id, t....')
#1 {main}

Error at 2026-03-28 15:40:31
Message: Table 'zoe_pos_system_db.products' doesn't exist
Stack trace: #0 C:\Users\Asus\Downloads\Website\api\products.php(36): mysqli->query('SELECT p.id, p....')
#1 {main}

Error at 2026-03-28 15:40:31 (transactions.php)
Message: Table 'zoe_pos_system_db.transactions' doesn't exist
Stack trace: #0 C:\Users\Asus\Downloads\Website\api\transactions.php(38): mysqli->query('SELECT t.id, t....')
#1 {main}

Error at 2026-03-28 15:40:32
Message: Table 'zoe_pos_system_db.products' doesn't exist
Stack trace: #0 C:\Users\Asus\Downloads\Website\api\products.php(36): mysqli->query('SELECT p.id, p....')
#1 {main}

Error at 2026-03-28 15:40:32 (transactions.php)
Message: Table 'zoe_pos_system_db.transactions' doesn't exist
Stack trace: #0 C:\Users\Asus\Downloads\Website\api\transactions.php(38): mysqli->query('SELECT t.id, t....')
#1 {main}

Error at 2026-03-28 15:40:32
Message: Table 'zoe_pos_system_db.products' doesn't exist
Stack trace: #0 C:\Users\Asus\Downloads\Website\api\products.php(36): mysqli->query('SELECT p.id, p....')
#1 {main}

Error at 2026-03-28 15:40:32 (transactions.php)
Message: Table 'zoe_pos_system_db.transactions' doesn't exist
Stack trace: #0 C:\Users\Asus\Downloads\Website\api\transactions.php(38): mysqli->query('SELECT t.id, t....')
#1 {main}

Error at 2026-03-28 15:40:33
Message: Table 'zoe_pos_system_db.products' doesn't exist
Stack trace: #0 C:\Users\Asus\Downloads\Website\api\products.php(36): mysqli->query('SELECT p.id, p....')
#1 {main}

Error at 2026-03-28 15:40:33 (transactions.php)
Message: Table 'zoe_pos_system_db.transactions' doesn't exist
Stack trace: #0 C:\Users\Asus\Downloads\Website\api\transactions.php(38): mysqli->query('SELECT t.id, t....')
#1 {main}

Error at 2026-03-28 15:40:33
Message: Table 'zoe_pos_system_db.products' doesn't exist
Stack trace: #0 C:\Users\Asus\Downloads\Website\api\products.php(36): mysqli->query('SELECT p.id, p....')
#1 {main}

Error at 2026-03-28 15:40:33 (transactions.php)
Message: Table 'zoe_pos_system_db.transactions' doesn't exist
Stack trace: #0 C:\Users\Asus\Downloads\Website\api\transactions.php(38): mysqli->query('SELECT t.id, t....')
#1 {main}

Error at 2026-03-28 15:40:34
Message: Table 'zoe_pos_system_db.products' doesn't exist
Stack trace: #0 C:\Users\Asus\Downloads\Website\api\products.php(36): mysqli->query('SELECT p.id, p....')
#1 {main}

Error at 2026-03-28 15:40:34 (transactions.php)
Message: Table 'zoe_pos_system_db.transactions' doesn't exist
Stack trace: #0 C:\Users\Asus\Downloads\Website\api\transactions.php(38): mysqli->query('SELECT t.id, t....')
#1 {main}

Error at 2026-03-28 15:40:34
Message: Table 'zoe_pos_system_db.products' doesn't exist
Stack trace: #0 C:\Users\Asus\Downloads\Website\api\products.php(36): mysqli->query('SELECT p.id, p....')
#1 {main}

Error at 2026-03-28 15:40:34 (transactions.php)
Message: Table 'zoe_pos_system_db.transactions' doesn't exist
Stack trace: #0 C:\Users\Asus\Downloads\Website\api\transactions.php(38): mysqli->query('SELECT t.id, t....')
#1 {main}

Error at 2026-03-28 15:40:35
Message: Table 'zoe_pos_system_db.products' doesn't exist
Stack trace: #0 C:\Users\Asus\Downloads\Website\api\products.php(36): mysqli->query('SELECT p.id, p....')
#1 {main}

Error at 2026-03-28 15:40:35 (transactions.php)
Message: Table 'zoe_pos_system_db.transactions' doesn't exist
Stack trace: #0 C:\Users\Asus\Downloads\Website\api\transactions.php(38): mysqli->query('SELECT t.id, t....')
#1 {main}

Error at 2026-03-28 15:40:35
Message: Table 'zoe_pos_system_db.products' doesn't exist
Stack trace: #0 C:\Users\Asus\Downloads\Website\api\products.php(36): mysqli->query('SELECT p.id, p....')
#1 {main}

Error at 2026-03-28 15:40:35 (transactions.php)
Message: Table 'zoe_pos_system_db.transactions' doesn't exist
Stack trace: #0 C:\Users\Asus\Downloads\Website\api\transactions.php(38): mysqli->query('SELECT t.id, t....')
#1 {main}

Error at 2026-03-28 15:40:36
Message: Table 'zoe_pos_system_db.products' doesn't exist
Stack trace: #0 C:\Users\Asus\Downloads\Website\api\products.php(36): mysqli->query('SELECT p.id, p....')
#1 {main}

Error at 2026-03-28 15:40:36 (transactions.php)
Message: Table 'zoe_pos_system_db.transactions' doesn't exist
Stack trace: #0 C:\Users\Asus\Downloads\Website\api\transactions.php(38): mysqli->query('SELECT t.id, t....')
#1 {main}

Error at 2026-03-28 15:40:36
Message: Table 'zoe_pos_system_db.products' doesn't exist
Stack trace: #0 C:\Users\Asus\Downloads\Website\api\products.php(36): mysqli->query('SELECT p.id, p....')
#1 {main}

Error at 2026-03-28 15:40:36 (transactions.php)
Message: Table 'zoe_pos_system_db.transactions' doesn't exist
Stack trace: #0 C:\Users\Asus\Downloads\Website\api\transactions.php(38): mysqli->query('SELECT t.id, t....')
#1 {main}

Error at 2026-03-28 15:40:37
Message: Table 'zoe_pos_system_db.products' doesn't exist
Stack trace: #0 C:\Users\Asus\Downloads\Website\api\products.php(36): mysqli->query('SELECT p.id, p....')
#1 {main}

Error at 2026-03-28 15:40:37 (transactions.php)
Message: Table 'zoe_pos_system_db.transactions' doesn't exist
Stack trace: #0 C:\Users\Asus\Downloads\Website\api\transactions.php(38): mysqli->query('SELECT t.id, t....')
#1 {main}

Error at 2026-03-28 15:40:37
Message: Table 'zoe_pos_system_db.products' doesn't exist
Stack trace: #0 C:\Users\Asus\Downloads\Website\api\products.php(36): mysqli->query('SELECT p.id, p....')
#1 {main}

Error at 2026-03-28 15:40:37 (transactions.php)
Message: Table 'zoe_pos_system_db.transactions' doesn't exist
Stack trace: #0 C:\Users\Asus\Downloads\Website\api\transactions.php(38): mysqli->query('SELECT t.id, t....')
#1 {main}

Error at 2026-03-28 15:40:38
Message: Table 'zoe_pos_system_db.products' doesn't exist
Stack trace: #0 C:\Users\Asus\Downloads\Website\api\products.php(36): mysqli->query('SELECT p.id, p....')
#1 {main}

Error at 2026-03-28 15:40:38 (transactions.php)
Message: Table 'zoe_pos_system_db.transactions' doesn't exist
Stack trace: #0 C:\Users\Asus\Downloads\Website\api\transactions.php(38): mysqli->query('SELECT t.id, t....')
#1 {main}

Error at 2026-03-28 15:40:38
Message: Table 'zoe_pos_system_db.products' doesn't exist
Stack trace: #0 C:\Users\Asus\Downloads\Website\api\products.php(36): mysqli->query('SELECT p.id, p....')
#1 {main}

Error at 2026-03-28 15:40:38 (transactions.php)
Message: Table 'zoe_pos_system_db.transactions' doesn't exist
Stack trace: #0 C:\Users\Asus\Downloads\Website\api\transactions.php(38): mysqli->query('SELECT t.id, t....')
#1 {main}

Error at 2026-03-28 15:40:39
Message: Table 'zoe_pos_system_db.products' doesn't exist
Stack trace: #0 C:\Users\Asus\Downloads\Website\api\products.php(36): mysqli->query('SELECT p.id, p....')
#1 {main}

Error at 2026-03-28 15:40:39 (transactions.php)
Message: Table 'zoe_pos_system_db.transactions' doesn't exist
Stack trace: #0 C:\Users\Asus\Downloads\Website\api\transactions.php(38): mysqli->query('SELECT t.id, t....')
#1 {main}

Error at 2026-03-28 15:40:39
Message: Table 'zoe_pos_system_db.products' doesn't exist
Stack trace: #0 C:\Users\Asus\Downloads\Website\api\products.php(36): mysqli->query('SELECT p.id, p....')
#1 {main}

Error at 2026-03-28 15:40:39 (transactions.php)
Message: Table 'zoe_pos_system_db.transactions' doesn't exist
Stack trace: #0 C:\Users\Asus\Downloads\Website\api\transactions.php(38): mysqli->query('SELECT t.id, t....')
#1 {main}

Error at 2026-03-28 15:40:39
Message: Table 'zoe_pos_system_db.products' doesn't exist
Stack trace: #0 C:\Users\Asus\Downloads\Website\api\products.php(36): mysqli->query('SELECT p.id, p....')
#1 {main}

Error at 2026-03-28 15:40:39 (transactions.php)
Message: Table 'zoe_pos_system_db.transactions' doesn't exist
Stack trace: #0 C:\Users\Asus\Downloads\Website\api\transactions.php(38): mysqli->query('SELECT t.id, t....')
#1 {main}

Error at 2026-03-28 15:40:40
Message: Table 'zoe_pos_system_db.products' doesn't exist
Stack trace: #0 C:\Users\Asus\Downloads\Website\api\products.php(36): mysqli->query('SELECT p.id, p....')
#1 {main}

Error at 2026-03-28 15:40:40 (transactions.php)
Message: Table 'zoe_pos_system_db.transactions' doesn't exist
Stack trace: #0 C:\Users\Asus\Downloads\Website\api\transactions.php(38): mysqli->query('SELECT t.id, t....')
#1 {main}

Error at 2026-03-28 15:40:40
Message: Table 'zoe_pos_system_db.products' doesn't exist
Stack trace: #0 C:\Users\Asus\Downloads\Website\api\products.php(36): mysqli->query('SELECT p.id, p....')
#1 {main}

Error at 2026-03-28 15:40:40 (transactions.php)
Message: Table 'zoe_pos_system_db.transactions' doesn't exist
Stack trace: #0 C:\Users\Asus\Downloads\Website\api\transactions.php(38): mysqli->query('SELECT t.id, t....')
#1 {main}

Error at 2026-03-28 15:40:41
Message: Table 'zoe_pos_system_db.products' doesn't exist
Stack trace: #0 C:\Users\Asus\Downloads\Website\api\products.php(36): mysqli->query('SELECT p.id, p....')
#1 {main}

Error at 2026-03-28 15:40:41 (transactions.php)
Message: Table 'zoe_pos_system_db.transactions' doesn't exist
Stack trace: #0 C:\Users\Asus\Downloads\Website\api\transactions.php(38): mysqli->query('SELECT t.id, t....')
#1 {main}

Error at 2026-03-28 15:40:41
Message: Table 'zoe_pos_system_db.products' doesn't exist
Stack trace: #0 C:\Users\Asus\Downloads\Website\api\products.php(36): mysqli->query('SELECT p.id, p....')
#1 {main}

Error at 2026-03-28 15:40:41 (transactions.php)
Message: Table 'zoe_pos_system_db.transactions' doesn't exist
Stack trace: #0 C:\Users\Asus\Downloads\Website\api\transactions.php(38): mysqli->query('SELECT t.id, t....')
#1 {main}

Error at 2026-03-28 15:40:42
Message: Table 'zoe_pos_system_db.products' doesn't exist
Stack trace: #0 C:\Users\Asus\Downloads\Website\api\products.php(36): mysqli->query('SELECT p.id, p....')
#1 {main}

Error at 2026-03-28 15:40:42 (transactions.php)
Message: Table 'zoe_pos_system_db.transactions' doesn't exist
Stack trace: #0 C:\Users\Asus\Downloads\Website\api\transactions.php(38): mysqli->query('SELECT t.id, t....')
#1 {main}

Error at 2026-03-28 15:40:42
Message: Table 'zoe_pos_system_db.products' doesn't exist
Stack trace: #0 C:\Users\Asus\Downloads\Website\api\products.php(36): mysqli->query('SELECT p.id, p....')
#1 {main}

Error at 2026-03-28 15:40:42 (transactions.php)
Message: Table 'zoe_pos_system_db.transactions' doesn't exist
Stack trace: #0 C:\Users\Asus\Downloads\Website\api\transactions.php(38): mysqli->query('SELECT t.id, t....')
#1 {main}

Error at 2026-03-28 15:40:43
Message: Table 'zoe_pos_system_db.products' doesn't exist
Stack trace: #0 C:\Users\Asus\Downloads\Website\api\products.php(36): mysqli->query('SELECT p.id, p....')
#1 {main}

Error at 2026-03-28 15:40:43 (transactions.php)
Message: Table 'zoe_pos_system_db.transactions' doesn't exist
Stack trace: #0 C:\Users\Asus\Downloads\Website\api\transactions.php(38): mysqli->query('SELECT t.id, t....')
#1 {main}

Error at 2026-03-28 15:40:43
Message: Table 'zoe_pos_system_db.products' doesn't exist
Stack trace: #0 C:\Users\Asus\Downloads\Website\api\products.php(36): mysqli->query('SELECT p.id, p....')
#1 {main}

Error at 2026-03-28 15:40:43 (transactions.php)
Message: Table 'zoe_pos_system_db.transactions' doesn't exist
Stack trace: #0 C:\Users\Asus\Downloads\Website\api\transactions.php(38): mysqli->query('SELECT t.id, t....')
#1 {main}

Error at 2026-03-28 15:40:44
Message: Table 'zoe_pos_system_db.products' doesn't exist
Stack trace: #0 C:\Users\Asus\Downloads\Website\api\products.php(36): mysqli->query('SELECT p.id, p....')
#1 {main}

Error at 2026-03-28 15:40:44 (transactions.php)
Message: Table 'zoe_pos_system_db.transactions' doesn't exist
Stack trace: #0 C:\Users\Asus\Downloads\Website\api\transactions.php(38): mysqli->query('SELECT t.id, t....')
#1 {main}

Error at 2026-03-28 15:40:44
Message: Table 'zoe_pos_system_db.products' doesn't exist
Stack trace: #0 C:\Users\Asus\Downloads\Website\api\products.php(36): mysqli->query('SELECT p.id, p....')
#1 {main}

Error at 2026-03-28 15:40:44 (transactions.php)
Message: Table 'zoe_pos_system_db.transactions' doesn't exist
Stack trace: #0 C:\Users\Asus\Downloads\Website\api\transactions.php(38): mysqli->query('SELECT t.id, t....')
#1 {main}

Error at 2026-03-28 15:40:45
Message: Table 'zoe_pos_system_db.products' doesn't exist
Stack trace: #0 C:\Users\Asus\Downloads\Website\api\products.php(36): mysqli->query('SELECT p.id, p....')
#1 {main}

Error at 2026-03-28 15:40:45 (transactions.php)
Message: Table 'zoe_pos_system_db.transactions' doesn't exist
Stack trace: #0 C:\Users\Asus\Downloads\Website\api\transactions.php(38): mysqli->query('SELECT t.id, t....')
#1 {main}

Error at 2026-03-28 15:40:45
Message: Table 'zoe_pos_system_db.products' doesn't exist
Stack trace: #0 C:\Users\Asus\Downloads\Website\api\products.php(36): mysqli->query('SELECT p.id, p....')
#1 {main}

Error at 2026-03-28 15:40:45 (transactions.php)
Message: Table 'zoe_pos_system_db.transactions' doesn't exist
Stack trace: #0 C:\Users\Asus\Downloads\Website\api\transactions.php(38): mysqli->query('SELECT t.id, t....')
#1 {main}

Error at 2026-03-28 15:40:46
Message: Table 'zoe_pos_system_db.products' doesn't exist
Stack trace: #0 C:\Users\Asus\Downloads\Website\api\products.php(36): mysqli->query('SELECT p.id, p....')
#1 {main}

Error at 2026-03-28 15:40:46 (transactions.php)
Message: Table 'zoe_pos_system_db.transactions' doesn't exist
Stack trace: #0 C:\Users\Asus\Downloads\Website\api\transactions.php(38): mysqli->query('SELECT t.id, t....')
#1 {main}

Error at 2026-03-28 15:40:46
Message: Table 'zoe_pos_system_db.products' doesn't exist
Stack trace: #0 C:\Users\Asus\Downloads\Website\api\products.php(36): mysqli->query('SELECT p.id, p....')
#1 {main}

Error at 2026-03-28 15:40:46 (transactions.php)
Message: Table 'zoe_pos_system_db.transactions' doesn't exist
Stack trace: #0 C:\Users\Asus\Downloads\Website\api\transactions.php(38): mysqli->query('SELECT t.id, t....')
#1 {main}

Error at 2026-03-28 15:40:47
Message: Table 'zoe_pos_system_db.products' doesn't exist
Stack trace: #0 C:\Users\Asus\Downloads\Website\api\products.php(36): mysqli->query('SELECT p.id, p....')
#1 {main}

Error at 2026-03-28 15:40:47 (transactions.php)
Message: Table 'zoe_pos_system_db.transactions' doesn't exist
Stack trace: #0 C:\Users\Asus\Downloads\Website\api\transactions.php(38): mysqli->query('SELECT t.id, t....')
#1 {main}

Error at 2026-03-28 15:40:47
Message: Table 'zoe_pos_system_db.products' doesn't exist
Stack trace: #0 C:\Users\Asus\Downloads\Website\api\products.php(36): mysqli->query('SELECT p.id, p....')
#1 {main}

Error at 2026-03-28 15:40:48 (transactions.php)
Message: Table 'zoe_pos_system_db.transactions' doesn't exist
Stack trace: #0 C:\Users\Asus\Downloads\Website\api\transactions.php(38): mysqli->query('SELECT t.id, t....')
#1 {main}

Error at 2026-03-28 15:40:48
Message: Table 'zoe_pos_system_db.products' doesn't exist
Stack trace: #0 C:\Users\Asus\Downloads\Website\api\products.php(36): mysqli->query('SELECT p.id, p....')
#1 {main}

Error at 2026-03-28 15:40:48 (transactions.php)
Message: Table 'zoe_pos_system_db.transactions' doesn't exist
Stack trace: #0 C:\Users\Asus\Downloads\Website\api\transactions.php(38): mysqli->query('SELECT t.id, t....')
#1 {main}

Error at 2026-03-28 15:40:48
Message: Table 'zoe_pos_system_db.products' doesn't exist
Stack trace: #0 C:\Users\Asus\Downloads\Website\api\products.php(36): mysqli->query('SELECT p.id, p....')
#1 {main}

Error at 2026-03-28 15:40:48 (transactions.php)
Message: Table 'zoe_pos_system_db.transactions' doesn't exist
Stack trace: #0 C:\Users\Asus\Downloads\Website\api\transactions.php(38): mysqli->query('SELECT t.id, t....')
#1 {main}

Error at 2026-03-28 15:40:49
Message: Table 'zoe_pos_system_db.products' doesn't exist
Stack trace: #0 C:\Users\Asus\Downloads\Website\api\products.php(36): mysqli->query('SELECT p.id, p....')
#1 {main}

Error at 2026-03-28 15:40:49 (transactions.php)
Message: Table 'zoe_pos_system_db.transactions' doesn't exist
Stack trace: #0 C:\Users\Asus\Downloads\Website\api\transactions.php(38): mysqli->query('SELECT t.id, t....')
#1 {main}

Error at 2026-03-28 15:40:49
Message: Table 'zoe_pos_system_db.products' doesn't exist
Stack trace: #0 C:\Users\Asus\Downloads\Website\api\products.php(36): mysqli->query('SELECT p.id, p....')
#1 {main}

Error at 2026-03-28 15:40:50 (transactions.php)
Message: Table 'zoe_pos_system_db.transactions' doesn't exist
Stack trace: #0 C:\Users\Asus\Downloads\Website\api\transactions.php(38): mysqli->query('SELECT t.id, t....')
#1 {main}

Error at 2026-03-28 15:40:50
Message: Table 'zoe_pos_system_db.products' doesn't exist
Stack trace: #0 C:\Users\Asus\Downloads\Website\api\products.php(36): mysqli->query('SELECT p.id, p....')
#1 {main}

Error at 2026-03-28 15:40:50 (transactions.php)
Message: Table 'zoe_pos_system_db.transactions' doesn't exist
Stack trace: #0 C:\Users\Asus\Downloads\Website\api\transactions.php(38): mysqli->query('SELECT t.id, t....')
#1 {main}

Error at 2026-03-28 15:40:50
Message: Table 'zoe_pos_system_db.products' doesn't exist
Stack trace: #0 C:\Users\Asus\Downloads\Website\api\products.php(36): mysqli->query('SELECT p.id, p....')
#1 {main}

Error at 2026-03-28 15:40:50 (transactions.php)
Message: Table 'zoe_pos_system_db.transactions' doesn't exist
Stack trace: #0 C:\Users\Asus\Downloads\Website\api\transactions.php(38): mysqli->query('SELECT t.id, t....')
#1 {main}

Error at 2026-03-28 15:40:51
Message: Table 'zoe_pos_system_db.products' doesn't exist
Stack trace: #0 C:\Users\Asus\Downloads\Website\api\products.php(36): mysqli->query('SELECT p.id, p....')
#1 {main}

Error at 2026-03-28 15:40:51 (transactions.php)
Message: Table 'zoe_pos_system_db.transactions' doesn't exist
Stack trace: #0 C:\Users\Asus\Downloads\Website\api\transactions.php(38): mysqli->query('SELECT t.id, t....')
#1 {main}

Error at 2026-03-28 15:40:51
Message: Table 'zoe_pos_system_db.products' doesn't exist
Stack trace: #0 C:\Users\Asus\Downloads\Website\api\products.php(36): mysqli->query('SELECT p.id, p....')
#1 {main}

Error at 2026-03-28 15:40:51 (transactions.php)
Message: Table 'zoe_pos_system_db.transactions' doesn't exist
Stack trace: #0 C:\Users\Asus\Downloads\Website\api\transactions.php(38): mysqli->query('SELECT t.id, t....')
#1 {main}

Error at 2026-03-28 15:40:52
Message: Table 'zoe_pos_system_db.products' doesn't exist
Stack trace: #0 C:\Users\Asus\Downloads\Website\api\products.php(36): mysqli->query('SELECT p.id, p....')
#1 {main}

Error at 2026-03-28 15:40:52 (transactions.php)
Message: Table 'zoe_pos_system_db.transactions' doesn't exist
Stack trace: #0 C:\Users\Asus\Downloads\Website\api\transactions.php(38): mysqli->query('SELECT t.id, t....')
#1 {main}

Error at 2026-03-28 15:40:52
Message: Table 'zoe_pos_system_db.products' doesn't exist
Stack trace: #0 C:\Users\Asus\Downloads\Website\api\products.php(36): mysqli->query('SELECT p.id, p....')
#1 {main}

Error at 2026-03-28 15:40:52 (transactions.php)
Message: Table 'zoe_pos_system_db.transactions' doesn't exist
Stack trace: #0 C:\Users\Asus\Downloads\Website\api\transactions.php(38): mysqli->query('SELECT t.id, t....')
#1 {main}

Error at 2026-03-28 15:40:53
Message: Table 'zoe_pos_system_db.products' doesn't exist
Stack trace: #0 C:\Users\Asus\Downloads\Website\api\products.php(36): mysqli->query('SELECT p.id, p....')
#1 {main}

Error at 2026-03-28 15:40:53 (transactions.php)
Message: Table 'zoe_pos_system_db.transactions' doesn't exist
Stack trace: #0 C:\Users\Asus\Downloads\Website\api\transactions.php(38): mysqli->query('SELECT t.id, t....')
#1 {main}

Error at 2026-03-28 15:40:53
Message: Table 'zoe_pos_system_db.products' doesn't exist
Stack trace: #0 C:\Users\Asus\Downloads\Website\api\products.php(36): mysqli->query('SELECT p.id, p....')
#1 {main}

Error at 2026-03-28 15:40:54 (transactions.php)
Message: Table 'zoe_pos_system_db.transactions' doesn't exist
Stack trace: #0 C:\Users\Asus\Downloads\Website\api\transactions.php(38): mysqli->query('SELECT t.id, t....')
#1 {main}

Error at 2026-03-28 15:40:54
Message: Table 'zoe_pos_system_db.products' doesn't exist
Stack trace: #0 C:\Users\Asus\Downloads\Website\api\products.php(36): mysqli->query('SELECT p.id, p....')
#1 {main}

Error at 2026-03-28 15:40:54 (transactions.php)
Message: Table 'zoe_pos_system_db.transactions' doesn't exist
Stack trace: #0 C:\Users\Asus\Downloads\Website\api\transactions.php(38): mysqli->query('SELECT t.id, t....')
#1 {main}

Error at 2026-03-28 15:40:54
Message: Table 'zoe_pos_system_db.products' doesn't exist
Stack trace: #0 C:\Users\Asus\Downloads\Website\api\products.php(36): mysqli->query('SELECT p.id, p....')
#1 {main}

Error at 2026-03-28 15:40:54 (transactions.php)
Message: Table 'zoe_pos_system_db.transactions' doesn't exist
Stack trace: #0 C:\Users\Asus\Downloads\Website\api\transactions.php(38): mysqli->query('SELECT t.id, t....')
#1 {main}

Error at 2026-03-28 15:40:55
Message: Table 'zoe_pos_system_db.products' doesn't exist
Stack trace: #0 C:\Users\Asus\Downloads\Website\api\products.php(36): mysqli->query('SELECT p.id, p....')
#1 {main}

Error at 2026-03-28 15:40:55 (transactions.php)
Message: Table 'zoe_pos_system_db.transactions' doesn't exist
Stack trace: #0 C:\Users\Asus\Downloads\Website\api\transactions.php(38): mysqli->query('SELECT t.id, t....')
#1 {main}

Error at 2026-03-28 15:40:55
Message: Table 'zoe_pos_system_db.products' doesn't exist
Stack trace: #0 C:\Users\Asus\Downloads\Website\api\products.php(36): mysqli->query('SELECT p.id, p....')
#1 {main}

Error at 2026-03-28 15:40:55 (transactions.php)
Message: Table 'zoe_pos_system_db.transactions' doesn't exist
Stack trace: #0 C:\Users\Asus\Downloads\Website\api\transactions.php(38): mysqli->query('SELECT t.id, t....')
#1 {main}

Error at 2026-03-28 15:40:56
Message: Table 'zoe_pos_system_db.products' doesn't exist
Stack trace: #0 C:\Users\Asus\Downloads\Website\api\products.php(36): mysqli->query('SELECT p.id, p....')
#1 {main}

Error at 2026-03-28 15:40:56 (transactions.php)
Message: Table 'zoe_pos_system_db.transactions' doesn't exist
Stack trace: #0 C:\Users\Asus\Downloads\Website\api\transactions.php(38): mysqli->query('SELECT t.id, t....')
#1 {main}

Error at 2026-03-28 15:40:56
Message: Table 'zoe_pos_system_db.products' doesn't exist
Stack trace: #0 C:\Users\Asus\Downloads\Website\api\products.php(36): mysqli->query('SELECT p.id, p....')
#1 {main}

Error at 2026-03-28 15:40:56 (transactions.php)
Message: Table 'zoe_pos_system_db.transactions' doesn't exist
Stack trace: #0 C:\Users\Asus\Downloads\Website\api\transactions.php(38): mysqli->query('SELECT t.id, t....')
#1 {main}

Error at 2026-03-28 15:40:57
Message: Table 'zoe_pos_system_db.products' doesn't exist
Stack trace: #0 C:\Users\Asus\Downloads\Website\api\products.php(36): mysqli->query('SELECT p.id, p....')
#1 {main}

Error at 2026-03-28 15:40:57 (transactions.php)
Message: Table 'zoe_pos_system_db.transactions' doesn't exist
Stack trace: #0 C:\Users\Asus\Downloads\Website\api\transactions.php(38): mysqli->query('SELECT t.id, t....')
#1 {main}

Error at 2026-03-28 15:40:57
Message: Table 'zoe_pos_system_db.products' doesn't exist
Stack trace: #0 C:\Users\Asus\Downloads\Website\api\products.php(36): mysqli->query('SELECT p.id, p....')
#1 {main}

Error at 2026-03-28 15:40:57 (transactions.php)
Message: Table 'zoe_pos_system_db.transactions' doesn't exist
Stack trace: #0 C:\Users\Asus\Downloads\Website\api\transactions.php(38): mysqli->query('SELECT t.id, t....')
#1 {main}

Error at 2026-03-28 15:40:58
Message: Table 'zoe_pos_system_db.products' doesn't exist
Stack trace: #0 C:\Users\Asus\Downloads\Website\api\products.php(36): mysqli->query('SELECT p.id, p....')
#1 {main}

Error at 2026-03-28 15:40:58 (transactions.php)
Message: Table 'zoe_pos_system_db.transactions' doesn't exist
Stack trace: #0 C:\Users\Asus\Downloads\Website\api\transactions.php(38): mysqli->query('SELECT t.id, t....')
#1 {main}

Error at 2026-03-28 15:40:58
Message: Table 'zoe_pos_system_db.products' doesn't exist
Stack trace: #0 C:\Users\Asus\Downloads\Website\api\products.php(36): mysqli->query('SELECT p.id, p....')
#1 {main}

Error at 2026-03-28 15:40:58 (transactions.php)
Message: Table 'zoe_pos_system_db.transactions' doesn't exist
Stack trace: #0 C:\Users\Asus\Downloads\Website\api\transactions.php(38): mysqli->query('SELECT t.id, t....')
#1 {main}

Error at 2026-03-28 15:40:59
Message: Table 'zoe_pos_system_db.products' doesn't exist
Stack trace: #0 C:\Users\Asus\Downloads\Website\api\products.php(36): mysqli->query('SELECT p.id, p....')
#1 {main}

Error at 2026-03-28 15:40:59 (transactions.php)
Message: Table 'zoe_pos_system_db.transactions' doesn't exist
Stack trace: #0 C:\Users\Asus\Downloads\Website\api\transactions.php(38): mysqli->query('SELECT t.id, t....')
#1 {main}

Error at 2026-03-28 15:40:59
Message: Table 'zoe_pos_system_db.products' doesn't exist
Stack trace: #0 C:\Users\Asus\Downloads\Website\api\products.php(36): mysqli->query('SELECT p.id, p....')
#1 {main}

Error at 2026-03-28 15:40:59 (transactions.php)
Message: Table 'zoe_pos_system_db.transactions' doesn't exist
Stack trace: #0 C:\Users\Asus\Downloads\Website\api\transactions.php(38): mysqli->query('SELECT t.id, t....')
#1 {main}

Error at 2026-03-28 15:41:00
Message: Table 'zoe_pos_system_db.products' doesn't exist
Stack trace: #0 C:\Users\Asus\Downloads\Website\api\products.php(36): mysqli->query('SELECT p.id, p....')
#1 {main}

Error at 2026-03-28 15:41:00 (transactions.php)
Message: Table 'zoe_pos_system_db.transactions' doesn't exist
Stack trace: #0 C:\Users\Asus\Downloads\Website\api\transactions.php(38): mysqli->query('SELECT t.id, t....')
#1 {main}

Error at 2026-03-28 15:41:00
Message: Table 'zoe_pos_system_db.products' doesn't exist
Stack trace: #0 C:\Users\Asus\Downloads\Website\api\products.php(36): mysqli->query('SELECT p.id, p....')
#1 {main}

Error at 2026-03-28 15:41:00 (transactions.php)
Message: Table 'zoe_pos_system_db.transactions' doesn't exist
Stack trace: #0 C:\Users\Asus\Downloads\Website\api\transactions.php(38): mysqli->query('SELECT t.id, t....')
#1 {main}

Error at 2026-03-28 15:41:01
Message: Table 'zoe_pos_system_db.products' doesn't exist
Stack trace: #0 C:\Users\Asus\Downloads\Website\api\products.php(36): mysqli->query('SELECT p.id, p....')
#1 {main}

Error at 2026-03-28 15:41:01 (transactions.php)
Message: Table 'zoe_pos_system_db.transactions' doesn't exist
Stack trace: #0 C:\Users\Asus\Downloads\Website\api\transactions.php(38): mysqli->query('SELECT t.id, t....')
#1 {main}

Error at 2026-03-28 15:41:01
Message: Table 'zoe_pos_system_db.products' doesn't exist
Stack trace: #0 C:\Users\Asus\Downloads\Website\api\products.php(36): mysqli->query('SELECT p.id, p....')
#1 {main}

Error at 2026-03-28 15:41:01 (transactions.php)
Message: Table 'zoe_pos_system_db.transactions' doesn't exist
Stack trace: #0 C:\Users\Asus\Downloads\Website\api\transactions.php(38): mysqli->query('SELECT t.id, t....')
#1 {main}

Error at 2026-03-28 15:41:02
Message: Table 'zoe_pos_system_db.products' doesn't exist
Stack trace: #0 C:\Users\Asus\Downloads\Website\api\products.php(36): mysqli->query('SELECT p.id, p....')
#1 {main}

Error at 2026-03-28 15:41:02 (transactions.php)
Message: Table 'zoe_pos_system_db.transactions' doesn't exist
Stack trace: #0 C:\Users\Asus\Downloads\Website\api\transactions.php(38): mysqli->query('SELECT t.id, t....')
#1 {main}

Error at 2026-03-28 15:41:02
Message: Table 'zoe_pos_system_db.products' doesn't exist
Stack trace: #0 C:\Users\Asus\Downloads\Website\api\products.php(36): mysqli->query('SELECT p.id, p....')
#1 {main}

Error at 2026-03-28 15:41:02 (transactions.php)
Message: Table 'zoe_pos_system_db.transactions' doesn't exist
Stack trace: #0 C:\Users\Asus\Downloads\Website\api\transactions.php(38): mysqli->query('SELECT t.id, t....')
#1 {main}

Error at 2026-03-28 15:41:03
Message: Table 'zoe_pos_system_db.products' doesn't exist
Stack trace: #0 C:\Users\Asus\Downloads\Website\api\products.php(36): mysqli->query('SELECT p.id, p....')
#1 {main}

Error at 2026-03-28 15:41:03 (transactions.php)
Message: Table 'zoe_pos_system_db.transactions' doesn't exist
Stack trace: #0 C:\Users\Asus\Downloads\Website\api\transactions.php(38): mysqli->query('SELECT t.id, t....')
#1 {main}

Error at 2026-03-28 15:41:03
Message: Table 'zoe_pos_system_db.products' doesn't exist
Stack trace: #0 C:\Users\Asus\Downloads\Website\api\products.php(36): mysqli->query('SELECT p.id, p....')
#1 {main}

Error at 2026-03-28 15:41:03 (transactions.php)
Message: Table 'zoe_pos_system_db.transactions' doesn't exist
Stack trace: #0 C:\Users\Asus\Downloads\Website\api\transactions.php(38): mysqli->query('SELECT t.id, t....')
#1 {main}

Error at 2026-03-28 15:41:04
Message: Table 'zoe_pos_system_db.products' doesn't exist
Stack trace: #0 C:\Users\Asus\Downloads\Website\api\products.php(36): mysqli->query('SELECT p.id, p....')
#1 {main}

Error at 2026-03-28 15:41:04 (transactions.php)
Message: Table 'zoe_pos_system_db.transactions' doesn't exist
Stack trace: #0 C:\Users\Asus\Downloads\Website\api\transactions.php(38): mysqli->query('SELECT t.id, t....')
#1 {main}

Error at 2026-03-28 15:41:04
Message: Table 'zoe_pos_system_db.products' doesn't exist
Stack trace: #0 C:\Users\Asus\Downloads\Website\api\products.php(36): mysqli->query('SELECT p.id, p....')
#1 {main}

Error at 2026-03-28 15:41:04 (transactions.php)
Message: Table 'zoe_pos_system_db.transactions' doesn't exist
Stack trace: #0 C:\Users\Asus\Downloads\Website\api\transactions.php(38): mysqli->query('SELECT t.id, t....')
#1 {main}

Error at 2026-03-28 15:41:05
Message: Table 'zoe_pos_system_db.products' doesn't exist
Stack trace: #0 C:\Users\Asus\Downloads\Website\api\products.php(36): mysqli->query('SELECT p.id, p....')
#1 {main}

Error at 2026-03-28 15:41:05 (transactions.php)
Message: Table 'zoe_pos_system_db.transactions' doesn't exist
Stack trace: #0 C:\Users\Asus\Downloads\Website\api\transactions.php(38): mysqli->query('SELECT t.id, t....')
#1 {main}

Error at 2026-03-28 15:41:05
Message: Table 'zoe_pos_system_db.products' doesn't exist
Stack trace: #0 C:\Users\Asus\Downloads\Website\api\products.php(36): mysqli->query('SELECT p.id, p....')
#1 {main}

Error at 2026-03-28 15:41:05 (transactions.php)
Message: Table 'zoe_pos_system_db.transactions' doesn't exist
Stack trace: #0 C:\Users\Asus\Downloads\Website\api\transactions.php(38): mysqli->query('SELECT t.id, t....')
#1 {main}

Error at 2026-03-28 15:41:06
Message: Table 'zoe_pos_system_db.products' doesn't exist
Stack trace: #0 C:\Users\Asus\Downloads\Website\api\products.php(36): mysqli->query('SELECT p.id, p....')
#1 {main}

Error at 2026-03-28 15:41:06 (transactions.php)
Message: Table 'zoe_pos_system_db.transactions' doesn't exist
Stack trace: #0 C:\Users\Asus\Downloads\Website\api\transactions.php(38): mysqli->query('SELECT t.id, t....')
#1 {main}

Error at 2026-03-28 15:41:06
Message: Table 'zoe_pos_system_db.products' doesn't exist
Stack trace: #0 C:\Users\Asus\Downloads\Website\api\products.php(36): mysqli->query('SELECT p.id, p....')
#1 {main}

Error at 2026-03-28 15:41:06 (transactions.php)
Message: Table 'zoe_pos_system_db.transactions' doesn't exist
Stack trace: #0 C:\Users\Asus\Downloads\Website\api\transactions.php(38): mysqli->query('SELECT t.id, t....')
#1 {main}

Error at 2026-03-28 15:41:07
Message: Table 'zoe_pos_system_db.products' doesn't exist
Stack trace: #0 C:\Users\Asus\Downloads\Website\api\products.php(36): mysqli->query('SELECT p.id, p....')
#1 {main}

Error at 2026-03-28 15:41:07 (transactions.php)
Message: Table 'zoe_pos_system_db.transactions' doesn't exist
Stack trace: #0 C:\Users\Asus\Downloads\Website\api\transactions.php(38): mysqli->query('SELECT t.id, t....')
#1 {main}

Error at 2026-03-28 15:41:07
Message: Table 'zoe_pos_system_db.products' doesn't exist
Stack trace: #0 C:\Users\Asus\Downloads\Website\api\products.php(36): mysqli->query('SELECT p.id, p....')
#1 {main}

Error at 2026-03-28 15:41:07 (transactions.php)
Message: Table 'zoe_pos_system_db.transactions' doesn't exist
Stack trace: #0 C:\Users\Asus\Downloads\Website\api\transactions.php(38): mysqli->query('SELECT t.id, t....')
#1 {main}

Error at 2026-03-28 15:41:08
Message: Table 'zoe_pos_system_db.products' doesn't exist
Stack trace: #0 C:\Users\Asus\Downloads\Website\api\products.php(36): mysqli->query('SELECT p.id, p....')
#1 {main}

Error at 2026-03-28 15:41:08 (transactions.php)
Message: Table 'zoe_pos_system_db.transactions' doesn't exist
Stack trace: #0 C:\Users\Asus\Downloads\Website\api\transactions.php(38): mysqli->query('SELECT t.id, t....')
#1 {main}

Error at 2026-03-28 15:41:08
Message: Table 'zoe_pos_system_db.products' doesn't exist
Stack trace: #0 C:\Users\Asus\Downloads\Website\api\products.php(36): mysqli->query('SELECT p.id, p....')
#1 {main}

Error at 2026-03-28 15:41:08 (transactions.php)
Message: Table 'zoe_pos_system_db.transactions' doesn't exist
Stack trace: #0 C:\Users\Asus\Downloads\Website\api\transactions.php(38): mysqli->query('SELECT t.id, t....')
#1 {main}

Error at 2026-03-28 15:41:09
Message: Table 'zoe_pos_system_db.products' doesn't exist
Stack trace: #0 C:\Users\Asus\Downloads\Website\api\products.php(36): mysqli->query('SELECT p.id, p....')
#1 {main}

Error at 2026-03-28 15:41:09 (transactions.php)
Message: Table 'zoe_pos_system_db.transactions' doesn't exist
Stack trace: #0 C:\Users\Asus\Downloads\Website\api\transactions.php(38): mysqli->query('SELECT t.id, t....')
#1 {main}

Error at 2026-03-28 15:41:09
Message: Table 'zoe_pos_system_db.products' doesn't exist
Stack trace: #0 C:\Users\Asus\Downloads\Website\api\products.php(36): mysqli->query('SELECT p.id, p....')
#1 {main}

Error at 2026-03-28 15:41:09 (transactions.php)
Message: Table 'zoe_pos_system_db.transactions' doesn't exist
Stack trace: #0 C:\Users\Asus\Downloads\Website\api\transactions.php(38): mysqli->query('SELECT t.id, t....')
#1 {main}

Error at 2026-03-28 15:41:10
Message: Table 'zoe_pos_system_db.products' doesn't exist
Stack trace: #0 C:\Users\Asus\Downloads\Website\api\products.php(36): mysqli->query('SELECT p.id, p....')
#1 {main}

Error at 2026-03-28 15:41:10 (transactions.php)
Message: Table 'zoe_pos_system_db.transactions' doesn't exist
Stack trace: #0 C:\Users\Asus\Downloads\Website\api\transactions.php(38): mysqli->query('SELECT t.id, t....')
#1 {main}

Error at 2026-03-28 15:41:10
Message: Table 'zoe_pos_system_db.products' doesn't exist
Stack trace: #0 C:\Users\Asus\Downloads\Website\api\products.php(36): mysqli->query('SELECT p.id, p....')
#1 {main}

Error at 2026-03-28 15:41:10 (transactions.php)
Message: Table 'zoe_pos_system_db.transactions' doesn't exist
Stack trace: #0 C:\Users\Asus\Downloads\Website\api\transactions.php(38): mysqli->query('SELECT t.id, t....')
#1 {main}

Error at 2026-03-28 15:41:11
Message: Table 'zoe_pos_system_db.products' doesn't exist
Stack trace: #0 C:\Users\Asus\Downloads\Website\api\products.php(36): mysqli->query('SELECT p.id, p....')
#1 {main}

Error at 2026-03-28 15:41:11 (transactions.php)
Message: Table 'zoe_pos_system_db.transactions' doesn't exist
Stack trace: #0 C:\Users\Asus\Downloads\Website\api\transactions.php(38): mysqli->query('SELECT t.id, t....')
#1 {main}

Error at 2026-03-28 15:41:12
Message: Table 'zoe_pos_system_db.products' doesn't exist
Stack trace: #0 C:\Users\Asus\Downloads\Website\api\products.php(36): mysqli->query('SELECT p.id, p....')
#1 {main}

Error at 2026-03-28 15:41:12 (transactions.php)
Message: Table 'zoe_pos_system_db.transactions' doesn't exist
Stack trace: #0 C:\Users\Asus\Downloads\Website\api\transactions.php(38): mysqli->query('SELECT t.id, t....')
#1 {main}

Error at 2026-03-28 15:41:13
Message: Table 'zoe_pos_system_db.products' doesn't exist
Stack trace: #0 C:\Users\Asus\Downloads\Website\api\products.php(36): mysqli->query('SELECT p.id, p....')
#1 {main}

Error at 2026-03-28 15:41:13 (transactions.php)
Message: Table 'zoe_pos_system_db.transactions' doesn't exist
Stack trace: #0 C:\Users\Asus\Downloads\Website\api\transactions.php(38): mysqli->query('SELECT t.id, t....')
#1 {main}

Error at 2026-03-28 15:41:14
Message: Table 'zoe_pos_system_db.products' doesn't exist
Stack trace: #0 C:\Users\Asus\Downloads\Website\api\products.php(36): mysqli->query('SELECT p.id, p....')
#1 {main}

Error at 2026-03-28 15:41:14 (transactions.php)
Message: Table 'zoe_pos_system_db.transactions' doesn't exist
Stack trace: #0 C:\Users\Asus\Downloads\Website\api\transactions.php(38): mysqli->query('SELECT t.id, t....')
#1 {main}

Error at 2026-03-28 15:41:15
Message: Table 'zoe_pos_system_db.products' doesn't exist
Stack trace: #0 C:\Users\Asus\Downloads\Website\api\products.php(36): mysqli->query('SELECT p.id, p....')
#1 {main}

Error at 2026-03-28 15:41:16 (transactions.php)
Message: Table 'zoe_pos_system_db.transactions' doesn't exist
Stack trace: #0 C:\Users\Asus\Downloads\Website\api\transactions.php(38): mysqli->query('SELECT t.id, t....')
#1 {main}

Error at 2026-03-28 15:41:16
Message: Table 'zoe_pos_system_db.products' doesn't exist
Stack trace: #0 C:\Users\Asus\Downloads\Website\api\products.php(36): mysqli->query('SELECT p.id, p....')
#1 {main}

Error at 2026-03-28 15:41:16 (transactions.php)
Message: Table 'zoe_pos_system_db.transactions' doesn't exist
Stack trace: #0 C:\Users\Asus\Downloads\Website\api\transactions.php(38): mysqli->query('SELECT t.id, t....')
#1 {main}

Error at 2026-03-28 15:41:17
Message: Table 'zoe_pos_system_db.products' doesn't exist
Stack trace: #0 C:\Users\Asus\Downloads\Website\api\products.php(36): mysqli->query('SELECT p.id, p....')
#1 {main}

Error at 2026-03-28 15:41:17 (transactions.php)
Message: Table 'zoe_pos_system_db.transactions' doesn't exist
Stack trace: #0 C:\Users\Asus\Downloads\Website\api\transactions.php(38): mysqli->query('SELECT t.id, t....')
#1 {main}

Error at 2026-03-28 15:41:18
Message: Table 'zoe_pos_system_db.products' doesn't exist
Stack trace: #0 C:\Users\Asus\Downloads\Website\api\products.php(36): mysqli->query('SELECT p.id, p....')
#1 {main}

Error at 2026-03-28 15:41:18 (transactions.php)
Message: Table 'zoe_pos_system_db.transactions' doesn't exist
Stack trace: #0 C:\Users\Asus\Downloads\Website\api\transactions.php(38): mysqli->query('SELECT t.id, t....')
#1 {main}

Error at 2026-03-28 15:41:19
Message: Table 'zoe_pos_system_db.products' doesn't exist
Stack trace: #0 C:\Users\Asus\Downloads\Website\api\products.php(36): mysqli->query('SELECT p.id, p....')
#1 {main}

Error at 2026-03-28 15:41:19 (transactions.php)
Message: Table 'zoe_pos_system_db.transactions' doesn't exist
Stack trace: #0 C:\Users\Asus\Downloads\Website\api\transactions.php(38): mysqli->query('SELECT t.id, t....')
#1 {main}

Error at 2026-03-28 15:41:20
Message: Table 'zoe_pos_system_db.products' doesn't exist
Stack trace: #0 C:\Users\Asus\Downloads\Website\api\products.php(36): mysqli->query('SELECT p.id, p....')
#1 {main}

Error at 2026-03-28 15:41:20 (transactions.php)
Message: Table 'zoe_pos_system_db.transactions' doesn't exist
Stack trace: #0 C:\Users\Asus\Downloads\Website\api\transactions.php(38): mysqli->query('SELECT t.id, t....')
#1 {main}

Error at 2026-03-28 15:41:21
Message: Table 'zoe_pos_system_db.products' doesn't exist
Stack trace: #0 C:\Users\Asus\Downloads\Website\api\products.php(36): mysqli->query('SELECT p.id, p....')
#1 {main}

Error at 2026-03-28 15:41:22 (transactions.php)
Message: Table 'zoe_pos_system_db.transactions' doesn't exist
Stack trace: #0 C:\Users\Asus\Downloads\Website\api\transactions.php(38): mysqli->query('SELECT t.id, t....')
#1 {main}

Error at 2026-03-28 15:41:22
Message: Table 'zoe_pos_system_db.products' doesn't exist
Stack trace: #0 C:\Users\Asus\Downloads\Website\api\products.php(36): mysqli->query('SELECT p.id, p....')
#1 {main}

Error at 2026-03-28 15:41:22 (transactions.php)
Message: Table 'zoe_pos_system_db.transactions' doesn't exist
Stack trace: #0 C:\Users\Asus\Downloads\Website\api\transactions.php(38): mysqli->query('SELECT t.id, t....')
#1 {main}

Error at 2026-03-28 15:41:23
Message: Table 'zoe_pos_system_db.products' doesn't exist
Stack trace: #0 C:\Users\Asus\Downloads\Website\api\products.php(36): mysqli->query('SELECT p.id, p....')
#1 {main}

Error at 2026-03-28 15:41:23 (transactions.php)
Message: Table 'zoe_pos_system_db.transactions' doesn't exist
Stack trace: #0 C:\Users\Asus\Downloads\Website\api\transactions.php(38): mysqli->query('SELECT t.id, t....')
#1 {main}

Error at 2026-03-28 15:41:24
Message: Table 'zoe_pos_system_db.products' doesn't exist
Stack trace: #0 C:\Users\Asus\Downloads\Website\api\products.php(36): mysqli->query('SELECT p.id, p....')
#1 {main}

Error at 2026-03-28 15:41:24 (transactions.php)
Message: Table 'zoe_pos_system_db.transactions' doesn't exist
Stack trace: #0 C:\Users\Asus\Downloads\Website\api\transactions.php(38): mysqli->query('SELECT t.id, t....')
#1 {main}

Error at 2026-03-28 15:41:25
Message: Table 'zoe_pos_system_db.products' doesn't exist
Stack trace: #0 C:\Users\Asus\Downloads\Website\api\products.php(36): mysqli->query('SELECT p.id, p....')
#1 {main}

Error at 2026-03-28 15:41:26 (transactions.php)
Message: Table 'zoe_pos_system_db.transactions' doesn't exist
Stack trace: #0 C:\Users\Asus\Downloads\Website\api\transactions.php(38): mysqli->query('SELECT t.id, t....')
#1 {main}

Error at 2026-03-28 15:41:26
Message: Table 'zoe_pos_system_db.products' doesn't exist
Stack trace: #0 C:\Users\Asus\Downloads\Website\api\products.php(36): mysqli->query('SELECT p.id, p....')
#1 {main}

Error at 2026-03-28 15:41:26 (transactions.php)
Message: Table 'zoe_pos_system_db.transactions' doesn't exist
Stack trace: #0 C:\Users\Asus\Downloads\Website\api\transactions.php(38): mysqli->query('SELECT t.id, t....')
#1 {main}

Error at 2026-03-28 15:41:27
Message: Table 'zoe_pos_system_db.products' doesn't exist
Stack trace: #0 C:\Users\Asus\Downloads\Website\api\products.php(36): mysqli->query('SELECT p.id, p....')
#1 {main}

Error at 2026-03-28 15:41:27 (transactions.php)
Message: Table 'zoe_pos_system_db.transactions' doesn't exist
Stack trace: #0 C:\Users\Asus\Downloads\Website\api\transactions.php(38): mysqli->query('SELECT t.id, t....')
#1 {main}

Error at 2026-03-28 15:41:28
Message: Table 'zoe_pos_system_db.products' doesn't exist
Stack trace: #0 C:\Users\Asus\Downloads\Website\api\products.php(36): mysqli->query('SELECT p.id, p....')
#1 {main}

Error at 2026-03-28 15:41:28 (transactions.php)
Message: Table 'zoe_pos_system_db.transactions' doesn't exist
Stack trace: #0 C:\Users\Asus\Downloads\Website\api\transactions.php(38): mysqli->query('SELECT t.id, t....')
#1 {main}

Error at 2026-03-28 15:41:29
Message: Table 'zoe_pos_system_db.products' doesn't exist
Stack trace: #0 C:\Users\Asus\Downloads\Website\api\products.php(36): mysqli->query('SELECT p.id, p....')
#1 {main}

Error at 2026-03-28 15:41:29 (transactions.php)
Message: Table 'zoe_pos_system_db.transactions' doesn't exist
Stack trace: #0 C:\Users\Asus\Downloads\Website\api\transactions.php(38): mysqli->query('SELECT t.id, t....')
#1 {main}

Error at 2026-03-28 15:41:30
Message: Table 'zoe_pos_system_db.products' doesn't exist
Stack trace: #0 C:\Users\Asus\Downloads\Website\api\products.php(36): mysqli->query('SELECT p.id, p....')
#1 {main}

Error at 2026-03-28 15:41:30 (transactions.php)
Message: Table 'zoe_pos_system_db.transactions' doesn't exist
Stack trace: #0 C:\Users\Asus\Downloads\Website\api\transactions.php(38): mysqli->query('SELECT t.id, t....')
#1 {main}

Error at 2026-03-28 15:41:31
Message: Table 'zoe_pos_system_db.products' doesn't exist
Stack trace: #0 C:\Users\Asus\Downloads\Website\api\products.php(36): mysqli->query('SELECT p.id, p....')
#1 {main}

Error at 2026-03-28 15:41:32 (transactions.php)
Message: Table 'zoe_pos_system_db.transactions' doesn't exist
Stack trace: #0 C:\Users\Asus\Downloads\Website\api\transactions.php(38): mysqli->query('SELECT t.id, t....')
#1 {main}

Error at 2026-03-28 15:41:32
Message: Table 'zoe_pos_system_db.products' doesn't exist
Stack trace: #0 C:\Users\Asus\Downloads\Website\api\products.php(36): mysqli->query('SELECT p.id, p....')
#1 {main}

Error at 2026-03-28 15:41:32 (transactions.php)
Message: Table 'zoe_pos_system_db.transactions' doesn't exist
Stack trace: #0 C:\Users\Asus\Downloads\Website\api\transactions.php(38): mysqli->query('SELECT t.id, t....')
#1 {main}

Error at 2026-03-28 15:41:33
Message: Table 'zoe_pos_system_db.products' doesn't exist
Stack trace: #0 C:\Users\Asus\Downloads\Website\api\products.php(36): mysqli->query('SELECT p.id, p....')
#1 {main}

Error at 2026-03-28 15:41:34 (transactions.php)
Message: Table 'zoe_pos_system_db.transactions' doesn't exist
Stack trace: #0 C:\Users\Asus\Downloads\Website\api\transactions.php(38): mysqli->query('SELECT t.id, t....')
#1 {main}

Error at 2026-03-28 15:41:34
Message: Table 'zoe_pos_system_db.products' doesn't exist
Stack trace: #0 C:\Users\Asus\Downloads\Website\api\products.php(36): mysqli->query('SELECT p.id, p....')
#1 {main}

Error at 2026-03-28 15:41:34 (transactions.php)
Message: Table 'zoe_pos_system_db.transactions' doesn't exist
Stack trace: #0 C:\Users\Asus\Downloads\Website\api\transactions.php(38): mysqli->query('SELECT t.id, t....')
#1 {main}

Error at 2026-03-28 15:41:35
Message: Table 'zoe_pos_system_db.products' doesn't exist
Stack trace: #0 C:\Users\Asus\Downloads\Website\api\products.php(36): mysqli->query('SELECT p.id, p....')
#1 {main}

Error at 2026-03-28 15:41:35 (transactions.php)
Message: Table 'zoe_pos_system_db.transactions' doesn't exist
Stack trace: #0 C:\Users\Asus\Downloads\Website\api\transactions.php(38): mysqli->query('SELECT t.id, t....')
#1 {main}

Error at 2026-03-28 15:41:36
Message: Table 'zoe_pos_system_db.products' doesn't exist
Stack trace: #0 C:\Users\Asus\Downloads\Website\api\products.php(36): mysqli->query('SELECT p.id, p....')
#1 {main}

Error at 2026-03-28 15:41:36 (transactions.php)
Message: Table 'zoe_pos_system_db.transactions' doesn't exist
Stack trace: #0 C:\Users\Asus\Downloads\Website\api\transactions.php(38): mysqli->query('SELECT t.id, t....')
#1 {main}

Error at 2026-03-28 15:41:37
Message: Table 'zoe_pos_system_db.products' doesn't exist
Stack trace: #0 C:\Users\Asus\Downloads\Website\api\products.php(36): mysqli->query('SELECT p.id, p....')
#1 {main}

Error at 2026-03-28 15:41:37 (transactions.php)
Message: Table 'zoe_pos_system_db.transactions' doesn't exist
Stack trace: #0 C:\Users\Asus\Downloads\Website\api\transactions.php(38): mysqli->query('SELECT t.id, t....')
#1 {main}

Error at 2026-03-28 15:41:38
Message: Table 'zoe_pos_system_db.products' doesn't exist
Stack trace: #0 C:\Users\Asus\Downloads\Website\api\products.php(36): mysqli->query('SELECT p.id, p....')
#1 {main}

Error at 2026-03-28 15:41:38 (transactions.php)
Message: Table 'zoe_pos_system_db.transactions' doesn't exist
Stack trace: #0 C:\Users\Asus\Downloads\Website\api\transactions.php(38): mysqli->query('SELECT t.id, t....')
#1 {main}

Error at 2026-03-28 15:41:39
Message: Table 'zoe_pos_system_db.products' doesn't exist
Stack trace: #0 C:\Users\Asus\Downloads\Website\api\products.php(36): mysqli->query('SELECT p.id, p....')
#1 {main}

Error at 2026-03-28 15:41:39 (transactions.php)
Message: Table 'zoe_pos_system_db.transactions' doesn't exist
Stack trace: #0 C:\Users\Asus\Downloads\Website\api\transactions.php(38): mysqli->query('SELECT t.id, t....')
#1 {main}

Error at 2026-03-28 15:41:39
Message: Table 'zoe_pos_system_db.products' doesn't exist
Stack trace: #0 C:\Users\Asus\Downloads\Website\api\products.php(36): mysqli->query('SELECT p.id, p....')
#1 {main}

Error at 2026-03-28 15:41:39 (transactions.php)
Message: Table 'zoe_pos_system_db.transactions' doesn't exist
Stack trace: #0 C:\Users\Asus\Downloads\Website\api\transactions.php(38): mysqli->query('SELECT t.id, t....')
#1 {main}

Error at 2026-03-28 15:41:39
Message: Table 'zoe_pos_system_db.products' doesn't exist
Stack trace: #0 C:\Users\Asus\Downloads\Website\api\products.php(36): mysqli->query('SELECT p.id, p....')
#1 {main}

Error at 2026-03-28 15:41:39 (transactions.php)
Message: Table 'zoe_pos_system_db.transactions' doesn't exist
Stack trace: #0 C:\Users\Asus\Downloads\Website\api\transactions.php(38): mysqli->query('SELECT t.id, t....')
#1 {main}

Error at 2026-03-28 15:41:40
Message: Table 'zoe_pos_system_db.products' doesn't exist
Stack trace: #0 C:\Users\Asus\Downloads\Website\api\products.php(36): mysqli->query('SELECT p.id, p....')
#1 {main}

Error at 2026-03-28 15:41:40 (transactions.php)
Message: Table 'zoe_pos_system_db.transactions' doesn't exist
Stack trace: #0 C:\Users\Asus\Downloads\Website\api\transactions.php(38): mysqli->query('SELECT t.id, t....')
#1 {main}

Error at 2026-03-28 15:41:41
Message: Table 'zoe_pos_system_db.products' doesn't exist
Stack trace: #0 C:\Users\Asus\Downloads\Website\api\products.php(36): mysqli->query('SELECT p.id, p....')
#1 {main}

Error at 2026-03-28 15:41:41 (transactions.php)
Message: Table 'zoe_pos_system_db.transactions' doesn't exist
Stack trace: #0 C:\Users\Asus\Downloads\Website\api\transactions.php(38): mysqli->query('SELECT t.id, t....')
#1 {main}

Error at 2026-03-28 15:41:42
Message: Table 'zoe_pos_system_db.products' doesn't exist
Stack trace: #0 C:\Users\Asus\Downloads\Website\api\products.php(36): mysqli->query('SELECT p.id, p....')
#1 {main}

Error at 2026-03-28 15:41:42 (transactions.php)
Message: Table 'zoe_pos_system_db.transactions' doesn't exist
Stack trace: #0 C:\Users\Asus\Downloads\Website\api\transactions.php(38): mysqli->query('SELECT t.id, t....')
#1 {main}

Error at 2026-03-28 15:41:43
Message: Table 'zoe_pos_system_db.products' doesn't exist
Stack trace: #0 C:\Users\Asus\Downloads\Website\api\products.php(36): mysqli->query('SELECT p.id, p....')
#1 {main}

Error at 2026-03-28 15:41:43 (transactions.php)
Message: Table 'zoe_pos_system_db.transactions' doesn't exist
Stack trace: #0 C:\Users\Asus\Downloads\Website\api\transactions.php(38): mysqli->query('SELECT t.id, t....')
#1 {main}

Error at 2026-03-28 15:41:44
Message: Table 'zoe_pos_system_db.products' doesn't exist
Stack trace: #0 C:\Users\Asus\Downloads\Website\api\products.php(36): mysqli->query('SELECT p.id, p....')
#1 {main}

Error at 2026-03-28 15:41:44 (transactions.php)
Message: Table 'zoe_pos_system_db.transactions' doesn't exist
Stack trace: #0 C:\Users\Asus\Downloads\Website\api\transactions.php(38): mysqli->query('SELECT t.id, t....')
#1 {main}

Error at 2026-03-28 15:41:45
Message: Table 'zoe_pos_system_db.products' doesn't exist
Stack trace: #0 C:\Users\Asus\Downloads\Website\api\products.php(36): mysqli->query('SELECT p.id, p....')
#1 {main}

Error at 2026-03-28 15:41:45 (transactions.php)
Message: Table 'zoe_pos_system_db.transactions' doesn't exist
Stack trace: #0 C:\Users\Asus\Downloads\Website\api\transactions.php(38): mysqli->query('SELECT t.id, t....')
#1 {main}

Error at 2026-03-28 15:41:46
Message: Table 'zoe_pos_system_db.products' doesn't exist
Stack trace: #0 C:\Users\Asus\Downloads\Website\api\products.php(36): mysqli->query('SELECT p.id, p....')
#1 {main}

Error at 2026-03-28 15:41:46 (transactions.php)
Message: Table 'zoe_pos_system_db.transactions' doesn't exist
Stack trace: #0 C:\Users\Asus\Downloads\Website\api\transactions.php(38): mysqli->query('SELECT t.id, t....')
#1 {main}

Error at 2026-03-28 15:41:47
Message: Table 'zoe_pos_system_db.products' doesn't exist
Stack trace: #0 C:\Users\Asus\Downloads\Website\api\products.php(36): mysqli->query('SELECT p.id, p....')
#1 {main}

Error at 2026-03-28 15:41:47 (transactions.php)
Message: Table 'zoe_pos_system_db.transactions' doesn't exist
Stack trace: #0 C:\Users\Asus\Downloads\Website\api\transactions.php(38): mysqli->query('SELECT t.id, t....')
#1 {main}

Error at 2026-03-28 15:41:48
Message: Table 'zoe_pos_system_db.products' doesn't exist
Stack trace: #0 C:\Users\Asus\Downloads\Website\api\products.php(36): mysqli->query('SELECT p.id, p....')
#1 {main}

Error at 2026-03-28 15:41:48 (transactions.php)
Message: Table 'zoe_pos_system_db.transactions' doesn't exist
Stack trace: #0 C:\Users\Asus\Downloads\Website\api\transactions.php(38): mysqli->query('SELECT t.id, t....')
#1 {main}

Error at 2026-03-28 15:41:49
Message: Table 'zoe_pos_system_db.products' doesn't exist
Stack trace: #0 C:\Users\Asus\Downloads\Website\api\products.php(36): mysqli->query('SELECT p.id, p....')
#1 {main}

Error at 2026-03-28 15:41:49 (transactions.php)
Message: Table 'zoe_pos_system_db.transactions' doesn't exist
Stack trace: #0 C:\Users\Asus\Downloads\Website\api\transactions.php(38): mysqli->query('SELECT t.id, t....')
#1 {main}

Error at 2026-03-28 15:41:50
Message: Table 'zoe_pos_system_db.products' doesn't exist
Stack trace: #0 C:\Users\Asus\Downloads\Website\api\products.php(36): mysqli->query('SELECT p.id, p....')
#1 {main}

Error at 2026-03-28 15:41:50 (transactions.php)
Message: Table 'zoe_pos_system_db.transactions' doesn't exist
Stack trace: #0 C:\Users\Asus\Downloads\Website\api\transactions.php(38): mysqli->query('SELECT t.id, t....')
#1 {main}

Error at 2026-03-28 15:41:51
Message: Table 'zoe_pos_system_db.products' doesn't exist
Stack trace: #0 C:\Users\Asus\Downloads\Website\api\products.php(36): mysqli->query('SELECT p.id, p....')
#1 {main}

Error at 2026-03-28 15:41:51 (transactions.php)
Message: Table 'zoe_pos_system_db.transactions' doesn't exist
Stack trace: #0 C:\Users\Asus\Downloads\Website\api\transactions.php(38): mysqli->query('SELECT t.id, t....')
#1 {main}

Error at 2026-03-28 15:41:52
Message: Table 'zoe_pos_system_db.products' doesn't exist
Stack trace: #0 C:\Users\Asus\Downloads\Website\api\products.php(36): mysqli->query('SELECT p.id, p....')
#1 {main}

Error at 2026-03-28 15:41:52 (transactions.php)
Message: Table 'zoe_pos_system_db.transactions' doesn't exist
Stack trace: #0 C:\Users\Asus\Downloads\Website\api\transactions.php(38): mysqli->query('SELECT t.id, t....')
#1 {main}

Error at 2026-03-28 15:41:53
Message: Table 'zoe_pos_system_db.products' doesn't exist
Stack trace: #0 C:\Users\Asus\Downloads\Website\api\products.php(36): mysqli->query('SELECT p.id, p....')
#1 {main}

Error at 2026-03-28 15:41:53 (transactions.php)
Message: Table 'zoe_pos_system_db.transactions' doesn't exist
Stack trace: #0 C:\Users\Asus\Downloads\Website\api\transactions.php(38): mysqli->query('SELECT t.id, t....')
#1 {main}

Error at 2026-03-28 15:41:54
Message: Table 'zoe_pos_system_db.products' doesn't exist
Stack trace: #0 C:\Users\Asus\Downloads\Website\api\products.php(36): mysqli->query('SELECT p.id, p....')
#1 {main}

Error at 2026-03-28 15:41:54 (transactions.php)
Message: Table 'zoe_pos_system_db.transactions' doesn't exist
Stack trace: #0 C:\Users\Asus\Downloads\Website\api\transactions.php(38): mysqli->query('SELECT t.id, t....')
#1 {main}

Error at 2026-03-28 15:41:55
Message: Table 'zoe_pos_system_db.products' doesn't exist
Stack trace: #0 C:\Users\Asus\Downloads\Website\api\products.php(36): mysqli->query('SELECT p.id, p....')
#1 {main}

Error at 2026-03-28 15:41:56 (transactions.php)
Message: Table 'zoe_pos_system_db.transactions' doesn't exist
Stack trace: #0 C:\Users\Asus\Downloads\Website\api\transactions.php(38): mysqli->query('SELECT t.id, t....')
#1 {main}

Error at 2026-03-28 15:41:56
Message: Table 'zoe_pos_system_db.products' doesn't exist
Stack trace: #0 C:\Users\Asus\Downloads\Website\api\products.php(36): mysqli->query('SELECT p.id, p....')
#1 {main}

Error at 2026-03-28 15:41:56 (transactions.php)
Message: Table 'zoe_pos_system_db.transactions' doesn't exist
Stack trace: #0 C:\Users\Asus\Downloads\Website\api\transactions.php(38): mysqli->query('SELECT t.id, t....')
#1 {main}

Error at 2026-03-28 15:41:57
Message: Table 'zoe_pos_system_db.products' doesn't exist
Stack trace: #0 C:\Users\Asus\Downloads\Website\api\products.php(36): mysqli->query('SELECT p.id, p....')
#1 {main}

Error at 2026-03-28 15:41:57 (transactions.php)
Message: Table 'zoe_pos_system_db.transactions' doesn't exist
Stack trace: #0 C:\Users\Asus\Downloads\Website\api\transactions.php(38): mysqli->query('SELECT t.id, t....')
#1 {main}

Error at 2026-03-28 15:41:58
Message: Table 'zoe_pos_system_db.products' doesn't exist
Stack trace: #0 C:\Users\Asus\Downloads\Website\api\products.php(36): mysqli->query('SELECT p.id, p....')
#1 {main}

Error at 2026-03-28 15:41:58 (transactions.php)
Message: Table 'zoe_pos_system_db.transactions' doesn't exist
Stack trace: #0 C:\Users\Asus\Downloads\Website\api\transactions.php(38): mysqli->query('SELECT t.id, t....')
#1 {main}

Error at 2026-03-28 15:41:59
Message: Table 'zoe_pos_system_db.products' doesn't exist
Stack trace: #0 C:\Users\Asus\Downloads\Website\api\products.php(36): mysqli->query('SELECT p.id, p....')
#1 {main}

Error at 2026-03-28 15:41:59 (transactions.php)
Message: Table 'zoe_pos_system_db.transactions' doesn't exist
Stack trace: #0 C:\Users\Asus\Downloads\Website\api\transactions.php(38): mysqli->query('SELECT t.id, t....')
#1 {main}

Error at 2026-03-28 15:42:00
Message: Table 'zoe_pos_system_db.products' doesn't exist
Stack trace: #0 C:\Users\Asus\Downloads\Website\api\products.php(36): mysqli->query('SELECT p.id, p....')
#1 {main}

Error at 2026-03-28 15:42:00 (transactions.php)
Message: Table 'zoe_pos_system_db.transactions' doesn't exist
Stack trace: #0 C:\Users\Asus\Downloads\Website\api\transactions.php(38): mysqli->query('SELECT t.id, t....')
#1 {main}

Error at 2026-03-28 15:42:01
Message: Table 'zoe_pos_system_db.products' doesn't exist
Stack trace: #0 C:\Users\Asus\Downloads\Website\api\products.php(36): mysqli->query('SELECT p.id, p....')
#1 {main}

Error at 2026-03-28 15:42:01 (transactions.php)
Message: Table 'zoe_pos_system_db.transactions' doesn't exist
Stack trace: #0 C:\Users\Asus\Downloads\Website\api\transactions.php(38): mysqli->query('SELECT t.id, t....')
#1 {main}

Error at 2026-03-28 15:42:02
Message: Table 'zoe_pos_system_db.products' doesn't exist
Stack trace: #0 C:\Users\Asus\Downloads\Website\api\products.php(36): mysqli->query('SELECT p.id, p....')
#1 {main}

Error at 2026-03-28 15:42:02 (transactions.php)
Message: Table 'zoe_pos_system_db.transactions' doesn't exist
Stack trace: #0 C:\Users\Asus\Downloads\Website\api\transactions.php(38): mysqli->query('SELECT t.id, t....')
#1 {main}

Error at 2026-03-28 15:42:03
Message: Table 'zoe_pos_system_db.products' doesn't exist
Stack trace: #0 C:\Users\Asus\Downloads\Website\api\products.php(36): mysqli->query('SELECT p.id, p....')
#1 {main}

Error at 2026-03-28 15:42:03 (transactions.php)
Message: Table 'zoe_pos_system_db.transactions' doesn't exist
Stack trace: #0 C:\Users\Asus\Downloads\Website\api\transactions.php(38): mysqli->query('SELECT t.id, t....')
#1 {main}

Error at 2026-03-28 15:42:04
Message: Table 'zoe_pos_system_db.products' doesn't exist
Stack trace: #0 C:\Users\Asus\Downloads\Website\api\products.php(36): mysqli->query('SELECT p.id, p....')
#1 {main}

Error at 2026-03-28 15:42:04 (transactions.php)
Message: Table 'zoe_pos_system_db.transactions' doesn't exist
Stack trace: #0 C:\Users\Asus\Downloads\Website\api\transactions.php(38): mysqli->query('SELECT t.id, t....')
#1 {main}

Error at 2026-03-28 15:42:05
Message: Table 'zoe_pos_system_db.products' doesn't exist
Stack trace: #0 C:\Users\Asus\Downloads\Website\api\products.php(36): mysqli->query('SELECT p.id, p....')
#1 {main}

Error at 2026-03-28 15:42:05 (transactions.php)
Message: Table 'zoe_pos_system_db.transactions' doesn't exist
Stack trace: #0 C:\Users\Asus\Downloads\Website\api\transactions.php(38): mysqli->query('SELECT t.id, t....')
#1 {main}

Error at 2026-03-28 15:42:06
Message: Table 'zoe_pos_system_db.products' doesn't exist
Stack trace: #0 C:\Users\Asus\Downloads\Website\api\products.php(36): mysqli->query('SELECT p.id, p....')
#1 {main}

Error at 2026-03-28 15:42:06 (transactions.php)
Message: Table 'zoe_pos_system_db.transactions' doesn't exist
Stack trace: #0 C:\Users\Asus\Downloads\Website\api\transactions.php(38): mysqli->query('SELECT t.id, t....')
#1 {main}

Error at 2026-03-28 15:42:07
Message: Table 'zoe_pos_system_db.products' doesn't exist
Stack trace: #0 C:\Users\Asus\Downloads\Website\api\products.php(36): mysqli->query('SELECT p.id, p....')
#1 {main}

Error at 2026-03-28 15:42:08 (transactions.php)
Message: Table 'zoe_pos_system_db.transactions' doesn't exist
Stack trace: #0 C:\Users\Asus\Downloads\Website\api\transactions.php(38): mysqli->query('SELECT t.id, t....')
#1 {main}

Error at 2026-03-28 15:42:08
Message: Table 'zoe_pos_system_db.products' doesn't exist
Stack trace: #0 C:\Users\Asus\Downloads\Website\api\products.php(36): mysqli->query('SELECT p.id, p....')
#1 {main}

Error at 2026-03-28 15:42:08 (transactions.php)
Message: Table 'zoe_pos_system_db.transactions' doesn't exist
Stack trace: #0 C:\Users\Asus\Downloads\Website\api\transactions.php(38): mysqli->query('SELECT t.id, t....')
#1 {main}

Error at 2026-03-28 15:42:09
Message: Table 'zoe_pos_system_db.products' doesn't exist
Stack trace: #0 C:\Users\Asus\Downloads\Website\api\products.php(36): mysqli->query('SELECT p.id, p....')
#1 {main}

Error at 2026-03-28 15:42:09 (transactions.php)
Message: Table 'zoe_pos_system_db.transactions' doesn't exist
Stack trace: #0 C:\Users\Asus\Downloads\Website\api\transactions.php(38): mysqli->query('SELECT t.id, t....')
#1 {main}

Error at 2026-03-28 15:42:10
Message: Table 'zoe_pos_system_db.products' doesn't exist
Stack trace: #0 C:\Users\Asus\Downloads\Website\api\products.php(36): mysqli->query('SELECT p.id, p....')
#1 {main}

Error at 2026-03-28 15:42:10 (transactions.php)
Message: Table 'zoe_pos_system_db.transactions' doesn't exist
Stack trace: #0 C:\Users\Asus\Downloads\Website\api\transactions.php(38): mysqli->query('SELECT t.id, t....')
#1 {main}

Error at 2026-03-28 15:42:11
Message: Table 'zoe_pos_system_db.products' doesn't exist
Stack trace: #0 C:\Users\Asus\Downloads\Website\api\products.php(36): mysqli->query('SELECT p.id, p....')
#1 {main}

Error at 2026-03-28 15:42:11 (transactions.php)
Message: Table 'zoe_pos_system_db.transactions' doesn't exist
Stack trace: #0 C:\Users\Asus\Downloads\Website\api\transactions.php(38): mysqli->query('SELECT t.id, t....')
#1 {main}

Error at 2026-03-28 15:42:12
Message: Table 'zoe_pos_system_db.products' doesn't exist
Stack trace: #0 C:\Users\Asus\Downloads\Website\api\products.php(36): mysqli->query('SELECT p.id, p....')
#1 {main}

Error at 2026-03-28 15:42:12 (transactions.php)
Message: Table 'zoe_pos_system_db.transactions' doesn't exist
Stack trace: #0 C:\Users\Asus\Downloads\Website\api\transactions.php(38): mysqli->query('SELECT t.id, t....')
#1 {main}

Error at 2026-03-28 15:42:13
Message: Table 'zoe_pos_system_db.products' doesn't exist
Stack trace: #0 C:\Users\Asus\Downloads\Website\api\products.php(36): mysqli->query('SELECT p.id, p....')
#1 {main}

Error at 2026-03-28 15:42:13 (transactions.php)
Message: Table 'zoe_pos_system_db.transactions' doesn't exist
Stack trace: #0 C:\Users\Asus\Downloads\Website\api\transactions.php(38): mysqli->query('SELECT t.id, t....')
#1 {main}

Error at 2026-03-28 15:42:14
Message: Table 'zoe_pos_system_db.products' doesn't exist
Stack trace: #0 C:\Users\Asus\Downloads\Website\api\products.php(36): mysqli->query('SELECT p.id, p....')
#1 {main}

Error at 2026-03-28 15:42:14 (transactions.php)
Message: Table 'zoe_pos_system_db.transactions' doesn't exist
Stack trace: #0 C:\Users\Asus\Downloads\Website\api\transactions.php(38): mysqli->query('SELECT t.id, t....')
#1 {main}

Error at 2026-03-28 15:42:15
Message: Table 'zoe_pos_system_db.products' doesn't exist
Stack trace: #0 C:\Users\Asus\Downloads\Website\api\products.php(36): mysqli->query('SELECT p.id, p....')
#1 {main}

Error at 2026-03-28 15:42:15 (transactions.php)
Message: Table 'zoe_pos_system_db.transactions' doesn't exist
Stack trace: #0 C:\Users\Asus\Downloads\Website\api\transactions.php(38): mysqli->query('SELECT t.id, t....')
#1 {main}

Error at 2026-03-28 15:42:16
Message: Table 'zoe_pos_system_db.products' doesn't exist
Stack trace: #0 C:\Users\Asus\Downloads\Website\api\products.php(36): mysqli->query('SELECT p.id, p....')
#1 {main}

Error at 2026-03-28 15:42:16 (transactions.php)
Message: Table 'zoe_pos_system_db.transactions' doesn't exist
Stack trace: #0 C:\Users\Asus\Downloads\Website\api\transactions.php(38): mysqli->query('SELECT t.id, t....')
#1 {main}

Error at 2026-03-28 15:42:17
Message: Table 'zoe_pos_system_db.products' doesn't exist
Stack trace: #0 C:\Users\Asus\Downloads\Website\api\products.php(36): mysqli->query('SELECT p.id, p....')
#1 {main}

Error at 2026-03-28 15:42:18 (transactions.php)
Message: Table 'zoe_pos_system_db.transactions' doesn't exist
Stack trace: #0 C:\Users\Asus\Downloads\Website\api\transactions.php(38): mysqli->query('SELECT t.id, t....')
#1 {main}

Error at 2026-03-28 15:42:18
Message: Table 'zoe_pos_system_db.products' doesn't exist
Stack trace: #0 C:\Users\Asus\Downloads\Website\api\products.php(36): mysqli->query('SELECT p.id, p....')
#1 {main}

Error at 2026-03-28 15:42:18 (transactions.php)
Message: Table 'zoe_pos_system_db.transactions' doesn't exist
Stack trace: #0 C:\Users\Asus\Downloads\Website\api\transactions.php(38): mysqli->query('SELECT t.id, t....')
#1 {main}

Error at 2026-03-28 15:42:19
Message: Table 'zoe_pos_system_db.products' doesn't exist
Stack trace: #0 C:\Users\Asus\Downloads\Website\api\products.php(36): mysqli->query('SELECT p.id, p....')
#1 {main}

Error at 2026-03-28 15:42:19 (transactions.php)
Message: Table 'zoe_pos_system_db.transactions' doesn't exist
Stack trace: #0 C:\Users\Asus\Downloads\Website\api\transactions.php(38): mysqli->query('SELECT t.id, t....')
#1 {main}

Error at 2026-03-28 15:42:20
Message: Table 'zoe_pos_system_db.products' doesn't exist
Stack trace: #0 C:\Users\Asus\Downloads\Website\api\products.php(36): mysqli->query('SELECT p.id, p....')
#1 {main}

Error at 2026-03-28 15:42:20 (transactions.php)
Message: Table 'zoe_pos_system_db.transactions' doesn't exist
Stack trace: #0 C:\Users\Asus\Downloads\Website\api\transactions.php(38): mysqli->query('SELECT t.id, t....')
#1 {main}

Error at 2026-03-28 15:42:21
Message: Table 'zoe_pos_system_db.products' doesn't exist
Stack trace: #0 C:\Users\Asus\Downloads\Website\api\products.php(36): mysqli->query('SELECT p.id, p....')
#1 {main}

Error at 2026-03-28 15:42:21 (transactions.php)
Message: Table 'zoe_pos_system_db.transactions' doesn't exist
Stack trace: #0 C:\Users\Asus\Downloads\Website\api\transactions.php(38): mysqli->query('SELECT t.id, t....')
#1 {main}

Error at 2026-03-28 15:42:22
Message: Table 'zoe_pos_system_db.products' doesn't exist
Stack trace: #0 C:\Users\Asus\Downloads\Website\api\products.php(36): mysqli->query('SELECT p.id, p....')
#1 {main}

Error at 2026-03-28 15:42:22 (transactions.php)
Message: Table 'zoe_pos_system_db.transactions' doesn't exist
Stack trace: #0 C:\Users\Asus\Downloads\Website\api\transactions.php(38): mysqli->query('SELECT t.id, t....')
#1 {main}

Error at 2026-03-28 15:42:23
Message: Table 'zoe_pos_system_db.products' doesn't exist
Stack trace: #0 C:\Users\Asus\Downloads\Website\api\products.php(36): mysqli->query('SELECT p.id, p....')
#1 {main}

Error at 2026-03-28 15:42:24 (transactions.php)
Message: Table 'zoe_pos_system_db.transactions' doesn't exist
Stack trace: #0 C:\Users\Asus\Downloads\Website\api\transactions.php(38): mysqli->query('SELECT t.id, t....')
#1 {main}

Error at 2026-03-28 15:42:24
Message: Table 'zoe_pos_system_db.products' doesn't exist
Stack trace: #0 C:\Users\Asus\Downloads\Website\api\products.php(36): mysqli->query('SELECT p.id, p....')
#1 {main}

Error at 2026-03-28 15:42:24 (transactions.php)
Message: Table 'zoe_pos_system_db.transactions' doesn't exist
Stack trace: #0 C:\Users\Asus\Downloads\Website\api\transactions.php(38): mysqli->query('SELECT t.id, t....')
#1 {main}

Error at 2026-03-28 15:42:25
Message: Table 'zoe_pos_system_db.products' doesn't exist
Stack trace: #0 C:\Users\Asus\Downloads\Website\api\products.php(36): mysqli->query('SELECT p.id, p....')
#1 {main}

Error at 2026-03-28 15:42:25 (transactions.php)
Message: Table 'zoe_pos_system_db.transactions' doesn't exist
Stack trace: #0 C:\Users\Asus\Downloads\Website\api\transactions.php(38): mysqli->query('SELECT t.id, t....')
#1 {main}

Error at 2026-03-28 15:42:26
Message: Table 'zoe_pos_system_db.products' doesn't exist
Stack trace: #0 C:\Users\Asus\Downloads\Website\api\products.php(36): mysqli->query('SELECT p.id, p....')
#1 {main}

Error at 2026-03-28 15:42:26 (transactions.php)
Message: Table 'zoe_pos_system_db.transactions' doesn't exist
Stack trace: #0 C:\Users\Asus\Downloads\Website\api\transactions.php(38): mysqli->query('SELECT t.id, t....')
#1 {main}

Error at 2026-03-28 15:42:27
Message: Table 'zoe_pos_system_db.products' doesn't exist
Stack trace: #0 C:\Users\Asus\Downloads\Website\api\products.php(36): mysqli->query('SELECT p.id, p....')
#1 {main}

Error at 2026-03-28 15:42:27 (transactions.php)
Message: Table 'zoe_pos_system_db.transactions' doesn't exist
Stack trace: #0 C:\Users\Asus\Downloads\Website\api\transactions.php(38): mysqli->query('SELECT t.id, t....')
#1 {main}

Error at 2026-03-28 15:42:28
Message: Table 'zoe_pos_system_db.products' doesn't exist
Stack trace: #0 C:\Users\Asus\Downloads\Website\api\products.php(36): mysqli->query('SELECT p.id, p....')
#1 {main}

Error at 2026-03-28 15:42:28 (transactions.php)
Message: Table 'zoe_pos_system_db.transactions' doesn't exist
Stack trace: #0 C:\Users\Asus\Downloads\Website\api\transactions.php(38): mysqli->query('SELECT t.id, t....')
#1 {main}

Error at 2026-03-28 15:42:29
Message: Table 'zoe_pos_system_db.products' doesn't exist
Stack trace: #0 C:\Users\Asus\Downloads\Website\api\products.php(36): mysqli->query('SELECT p.id, p....')
#1 {main}

Error at 2026-03-28 15:42:30 (transactions.php)
Message: Table 'zoe_pos_system_db.transactions' doesn't exist
Stack trace: #0 C:\Users\Asus\Downloads\Website\api\transactions.php(38): mysqli->query('SELECT t.id, t....')
#1 {main}

Error at 2026-03-28 15:42:30
Message: Table 'zoe_pos_system_db.products' doesn't exist
Stack trace: #0 C:\Users\Asus\Downloads\Website\api\products.php(36): mysqli->query('SELECT p.id, p....')
#1 {main}

Error at 2026-03-28 15:42:30 (transactions.php)
Message: Table 'zoe_pos_system_db.transactions' doesn't exist
Stack trace: #0 C:\Users\Asus\Downloads\Website\api\transactions.php(38): mysqli->query('SELECT t.id, t....')
#1 {main}

Error at 2026-03-28 15:42:31
Message: Table 'zoe_pos_system_db.products' doesn't exist
Stack trace: #0 C:\Users\Asus\Downloads\Website\api\products.php(36): mysqli->query('SELECT p.id, p....')
#1 {main}

Error at 2026-03-28 15:42:31 (transactions.php)
Message: Table 'zoe_pos_system_db.transactions' doesn't exist
Stack trace: #0 C:\Users\Asus\Downloads\Website\api\transactions.php(38): mysqli->query('SELECT t.id, t....')
#1 {main}

Error at 2026-03-28 15:42:32
Message: Table 'zoe_pos_system_db.products' doesn't exist
Stack trace: #0 C:\Users\Asus\Downloads\Website\api\products.php(36): mysqli->query('SELECT p.id, p....')
#1 {main}

Error at 2026-03-28 15:42:32 (transactions.php)
Message: Table 'zoe_pos_system_db.transactions' doesn't exist
Stack trace: #0 C:\Users\Asus\Downloads\Website\api\transactions.php(38): mysqli->query('SELECT t.id, t....')
#1 {main}

Error at 2026-03-28 15:42:33
Message: Table 'zoe_pos_system_db.products' doesn't exist
Stack trace: #0 C:\Users\Asus\Downloads\Website\api\products.php(36): mysqli->query('SELECT p.id, p....')
#1 {main}

Error at 2026-03-28 15:42:33 (transactions.php)
Message: Table 'zoe_pos_system_db.transactions' doesn't exist
Stack trace: #0 C:\Users\Asus\Downloads\Website\api\transactions.php(38): mysqli->query('SELECT t.id, t....')
#1 {main}

Error at 2026-03-28 15:42:34
Message: Table 'zoe_pos_system_db.products' doesn't exist
Stack trace: #0 C:\Users\Asus\Downloads\Website\api\products.php(36): mysqli->query('SELECT p.id, p....')
#1 {main}

Error at 2026-03-28 15:42:34 (transactions.php)
Message: Table 'zoe_pos_system_db.transactions' doesn't exist
Stack trace: #0 C:\Users\Asus\Downloads\Website\api\transactions.php(38): mysqli->query('SELECT t.id, t....')
#1 {main}

Error at 2026-03-28 15:42:35
Message: Table 'zoe_pos_system_db.products' doesn't exist
Stack trace: #0 C:\Users\Asus\Downloads\Website\api\products.php(36): mysqli->query('SELECT p.id, p....')
#1 {main}

Error at 2026-03-28 15:42:35 (transactions.php)
Message: Table 'zoe_pos_system_db.transactions' doesn't exist
Stack trace: #0 C:\Users\Asus\Downloads\Website\api\transactions.php(38): mysqli->query('SELECT t.id, t....')
#1 {main}

Error at 2026-03-28 15:42:36
Message: Table 'zoe_pos_system_db.products' doesn't exist
Stack trace: #0 C:\Users\Asus\Downloads\Website\api\products.php(36): mysqli->query('SELECT p.id, p....')
#1 {main}

Error at 2026-03-28 15:42:36 (transactions.php)
Message: Table 'zoe_pos_system_db.transactions' doesn't exist
Stack trace: #0 C:\Users\Asus\Downloads\Website\api\transactions.php(38): mysqli->query('SELECT t.id, t....')
#1 {main}

Error at 2026-03-28 15:42:37
Message: Table 'zoe_pos_system_db.products' doesn't exist
Stack trace: #0 C:\Users\Asus\Downloads\Website\api\products.php(36): mysqli->query('SELECT p.id, p....')
#1 {main}

Error at 2026-03-28 15:42:37 (transactions.php)
Message: Table 'zoe_pos_system_db.transactions' doesn't exist
Stack trace: #0 C:\Users\Asus\Downloads\Website\api\transactions.php(38): mysqli->query('SELECT t.id, t....')
#1 {main}

Error at 2026-03-28 15:42:38
Message: Table 'zoe_pos_system_db.products' doesn't exist
Stack trace: #0 C:\Users\Asus\Downloads\Website\api\products.php(36): mysqli->query('SELECT p.id, p....')
#1 {main}

Error at 2026-03-28 15:42:38 (transactions.php)
Message: Table 'zoe_pos_system_db.transactions' doesn't exist
Stack trace: #0 C:\Users\Asus\Downloads\Website\api\transactions.php(38): mysqli->query('SELECT t.id, t....')
#1 {main}

Error at 2026-03-28 15:42:39
Message: Table 'zoe_pos_system_db.products' doesn't exist
Stack trace: #0 C:\Users\Asus\Downloads\Website\api\products.php(36): mysqli->query('SELECT p.id, p....')
#1 {main}

Error at 2026-03-28 15:42:39
Message: Table 'zoe_pos_system_db.products' doesn't exist
Stack trace: #0 C:\Users\Asus\Downloads\Website\api\products.php(36): mysqli->query('SELECT p.id, p....')
#1 {main}

Error at 2026-03-28 15:42:39 (transactions.php)
Message: Table 'zoe_pos_system_db.transactions' doesn't exist
Stack trace: #0 C:\Users\Asus\Downloads\Website\api\transactions.php(38): mysqli->query('SELECT t.id, t....')
#1 {main}

Error at 2026-03-28 15:42:39 (transactions.php)
Message: Table 'zoe_pos_system_db.transactions' doesn't exist
Stack trace: #0 C:\Users\Asus\Downloads\Website\api\transactions.php(38): mysqli->query('SELECT t.id, t....')
#1 {main}

Error at 2026-03-28 15:42:39
Message: Table 'zoe_pos_system_db.products' doesn't exist
Stack trace: #0 C:\Users\Asus\Downloads\Website\api\products.php(36): mysqli->query('SELECT p.id, p....')
#1 {main}

Error at 2026-03-28 15:42:39 (transactions.php)
Message: Table 'zoe_pos_system_db.transactions' doesn't exist
Stack trace: #0 C:\Users\Asus\Downloads\Website\api\transactions.php(38): mysqli->query('SELECT t.id, t....')
#1 {main}

Error at 2026-03-28 15:42:40
Message: Table 'zoe_pos_system_db.products' doesn't exist
Stack trace: #0 C:\Users\Asus\Downloads\Website\api\products.php(36): mysqli->query('SELECT p.id, p....')
#1 {main}

Error at 2026-03-28 15:42:40 (transactions.php)
Message: Table 'zoe_pos_system_db.transactions' doesn't exist
Stack trace: #0 C:\Users\Asus\Downloads\Website\api\transactions.php(38): mysqli->query('SELECT t.id, t....')
#1 {main}

Error at 2026-03-28 15:42:41
Message: Table 'zoe_pos_system_db.products' doesn't exist
Stack trace: #0 C:\Users\Asus\Downloads\Website\api\products.php(36): mysqli->query('SELECT p.id, p....')
#1 {main}

Error at 2026-03-28 15:42:41 (transactions.php)
Message: Table 'zoe_pos_system_db.transactions' doesn't exist
Stack trace: #0 C:\Users\Asus\Downloads\Website\api\transactions.php(38): mysqli->query('SELECT t.id, t....')
#1 {main}

Error at 2026-03-28 15:42:42
Message: Table 'zoe_pos_system_db.products' doesn't exist
Stack trace: #0 C:\Users\Asus\Downloads\Website\api\products.php(36): mysqli->query('SELECT p.id, p....')
#1 {main}

Error at 2026-03-28 15:42:42 (transactions.php)
Message: Table 'zoe_pos_system_db.transactions' doesn't exist
Stack trace: #0 C:\Users\Asus\Downloads\Website\api\transactions.php(38): mysqli->query('SELECT t.id, t....')
#1 {main}

Error at 2026-03-28 15:42:43
Message: Table 'zoe_pos_system_db.products' doesn't exist
Stack trace: #0 C:\Users\Asus\Downloads\Website\api\products.php(36): mysqli->query('SELECT p.id, p....')
#1 {main}

Error at 2026-03-28 15:42:43 (transactions.php)
Message: Table 'zoe_pos_system_db.transactions' doesn't exist
Stack trace: #0 C:\Users\Asus\Downloads\Website\api\transactions.php(38): mysqli->query('SELECT t.id, t....')
#1 {main}

Error at 2026-03-28 15:42:44
Message: Table 'zoe_pos_system_db.products' doesn't exist
Stack trace: #0 C:\Users\Asus\Downloads\Website\api\products.php(36): mysqli->query('SELECT p.id, p....')
#1 {main}

Error at 2026-03-28 15:42:44 (transactions.php)
Message: Table 'zoe_pos_system_db.transactions' doesn't exist
Stack trace: #0 C:\Users\Asus\Downloads\Website\api\transactions.php(38): mysqli->query('SELECT t.id, t....')
#1 {main}

Error at 2026-03-28 15:42:45
Message: Table 'zoe_pos_system_db.products' doesn't exist
Stack trace: #0 C:\Users\Asus\Downloads\Website\api\products.php(36): mysqli->query('SELECT p.id, p....')
#1 {main}

Error at 2026-03-28 15:42:45 (transactions.php)
Message: Table 'zoe_pos_system_db.transactions' doesn't exist
Stack trace: #0 C:\Users\Asus\Downloads\Website\api\transactions.php(38): mysqli->query('SELECT t.id, t....')
#1 {main}

Error at 2026-03-28 15:42:46
Message: Table 'zoe_pos_system_db.products' doesn't exist
Stack trace: #0 C:\Users\Asus\Downloads\Website\api\products.php(36): mysqli->query('SELECT p.id, p....')
#1 {main}

Error at 2026-03-28 15:42:46 (transactions.php)
Message: Table 'zoe_pos_system_db.transactions' doesn't exist
Stack trace: #0 C:\Users\Asus\Downloads\Website\api\transactions.php(38): mysqli->query('SELECT t.id, t....')
#1 {main}

Error at 2026-03-28 15:42:47
Message: Table 'zoe_pos_system_db.products' doesn't exist
Stack trace: #0 C:\Users\Asus\Downloads\Website\api\products.php(36): mysqli->query('SELECT p.id, p....')
#1 {main}

Error at 2026-03-28 15:42:47 (transactions.php)
Message: Table 'zoe_pos_system_db.transactions' doesn't exist
Stack trace: #0 C:\Users\Asus\Downloads\Website\api\transactions.php(38): mysqli->query('SELECT t.id, t....')
#1 {main}

Error at 2026-03-28 15:42:48
Message: Table 'zoe_pos_system_db.products' doesn't exist
Stack trace: #0 C:\Users\Asus\Downloads\Website\api\products.php(36): mysqli->query('SELECT p.id, p....')
#1 {main}

Error at 2026-03-28 15:42:48 (transactions.php)
Message: Table 'zoe_pos_system_db.transactions' doesn't exist
Stack trace: #0 C:\Users\Asus\Downloads\Website\api\transactions.php(38): mysqli->query('SELECT t.id, t....')
#1 {main}

Error at 2026-03-28 15:42:49
Message: Table 'zoe_pos_system_db.products' doesn't exist
Stack trace: #0 C:\Users\Asus\Downloads\Website\api\products.php(36): mysqli->query('SELECT p.id, p....')
#1 {main}

Error at 2026-03-28 15:42:49 (transactions.php)
Message: Table 'zoe_pos_system_db.transactions' doesn't exist
Stack trace: #0 C:\Users\Asus\Downloads\Website\api\transactions.php(38): mysqli->query('SELECT t.id, t....')
#1 {main}

Error at 2026-03-28 15:42:50
Message: Table 'zoe_pos_system_db.products' doesn't exist
Stack trace: #0 C:\Users\Asus\Downloads\Website\api\products.php(36): mysqli->query('SELECT p.id, p....')
#1 {main}

Error at 2026-03-28 15:42:50 (transactions.php)
Message: Table 'zoe_pos_system_db.transactions' doesn't exist
Stack trace: #0 C:\Users\Asus\Downloads\Website\api\transactions.php(38): mysqli->query('SELECT t.id, t....')
#1 {main}

Error at 2026-03-28 15:42:51
Message: Table 'zoe_pos_system_db.products' doesn't exist
Stack trace: #0 C:\Users\Asus\Downloads\Website\api\products.php(36): mysqli->query('SELECT p.id, p....')
#1 {main}

Error at 2026-03-28 15:42:51 (transactions.php)
Message: Table 'zoe_pos_system_db.transactions' doesn't exist
Stack trace: #0 C:\Users\Asus\Downloads\Website\api\transactions.php(38): mysqli->query('SELECT t.id, t....')
#1 {main}

Error at 2026-03-28 15:42:52
Message: Table 'zoe_pos_system_db.products' doesn't exist
Stack trace: #0 C:\Users\Asus\Downloads\Website\api\products.php(36): mysqli->query('SELECT p.id, p....')
#1 {main}

Error at 2026-03-28 15:42:53 (transactions.php)
Message: Table 'zoe_pos_system_db.transactions' doesn't exist
Stack trace: #0 C:\Users\Asus\Downloads\Website\api\transactions.php(38): mysqli->query('SELECT t.id, t....')
#1 {main}

Error at 2026-03-28 15:42:53
Message: Table 'zoe_pos_system_db.products' doesn't exist
Stack trace: #0 C:\Users\Asus\Downloads\Website\api\products.php(36): mysqli->query('SELECT p.id, p....')
#1 {main}

Error at 2026-03-28 15:42:53 (transactions.php)
Message: Table 'zoe_pos_system_db.transactions' doesn't exist
Stack trace: #0 C:\Users\Asus\Downloads\Website\api\transactions.php(38): mysqli->query('SELECT t.id, t....')
#1 {main}

Error at 2026-03-28 15:42:54
Message: Table 'zoe_pos_system_db.products' doesn't exist
Stack trace: #0 C:\Users\Asus\Downloads\Website\api\products.php(36): mysqli->query('SELECT p.id, p....')
#1 {main}

Error at 2026-03-28 15:42:54 (transactions.php)
Message: Table 'zoe_pos_system_db.transactions' doesn't exist
Stack trace: #0 C:\Users\Asus\Downloads\Website\api\transactions.php(38): mysqli->query('SELECT t.id, t....')
#1 {main}

Error at 2026-03-28 15:42:55
Message: Table 'zoe_pos_system_db.products' doesn't exist
Stack trace: #0 C:\Users\Asus\Downloads\Website\api\products.php(36): mysqli->query('SELECT p.id, p....')
#1 {main}

Error at 2026-03-28 15:42:55 (transactions.php)
Message: Table 'zoe_pos_system_db.transactions' doesn't exist
Stack trace: #0 C:\Users\Asus\Downloads\Website\api\transactions.php(38): mysqli->query('SELECT t.id, t....')
#1 {main}

Error at 2026-03-28 15:42:56
Message: Table 'zoe_pos_system_db.products' doesn't exist
Stack trace: #0 C:\Users\Asus\Downloads\Website\api\products.php(36): mysqli->query('SELECT p.id, p....')
#1 {main}

Error at 2026-03-28 15:42:56 (transactions.php)
Message: Table 'zoe_pos_system_db.transactions' doesn't exist
Stack trace: #0 C:\Users\Asus\Downloads\Website\api\transactions.php(38): mysqli->query('SELECT t.id, t....')
#1 {main}

Error at 2026-03-28 15:42:57
Message: Table 'zoe_pos_system_db.products' doesn't exist
Stack trace: #0 C:\Users\Asus\Downloads\Website\api\products.php(36): mysqli->query('SELECT p.id, p....')
#1 {main}

Error at 2026-03-28 15:42:57 (transactions.php)
Message: Table 'zoe_pos_system_db.transactions' doesn't exist
Stack trace: #0 C:\Users\Asus\Downloads\Website\api\transactions.php(38): mysqli->query('SELECT t.id, t....')
#1 {main}

Error at 2026-03-28 15:42:58
Message: Table 'zoe_pos_system_db.products' doesn't exist
Stack trace: #0 C:\Users\Asus\Downloads\Website\api\products.php(36): mysqli->query('SELECT p.id, p....')
#1 {main}

Error at 2026-03-28 15:42:58 (transactions.php)
Message: Table 'zoe_pos_system_db.transactions' doesn't exist
Stack trace: #0 C:\Users\Asus\Downloads\Website\api\transactions.php(38): mysqli->query('SELECT t.id, t....')
#1 {main}

Error at 2026-03-28 15:42:59
Message: Table 'zoe_pos_system_db.products' doesn't exist
Stack trace: #0 C:\Users\Asus\Downloads\Website\api\products.php(36): mysqli->query('SELECT p.id, p....')
#1 {main}

Error at 2026-03-28 15:42:59 (transactions.php)
Message: Table 'zoe_pos_system_db.transactions' doesn't exist
Stack trace: #0 C:\Users\Asus\Downloads\Website\api\transactions.php(38): mysqli->query('SELECT t.id, t....')
#1 {main}

Error at 2026-03-28 15:43:00
Message: Table 'zoe_pos_system_db.products' doesn't exist
Stack trace: #0 C:\Users\Asus\Downloads\Website\api\products.php(36): mysqli->query('SELECT p.id, p....')
#1 {main}

Error at 2026-03-28 15:43:00 (transactions.php)
Message: Table 'zoe_pos_system_db.transactions' doesn't exist
Stack trace: #0 C:\Users\Asus\Downloads\Website\api\transactions.php(38): mysqli->query('SELECT t.id, t....')
#1 {main}

Error at 2026-03-28 15:43:01
Message: Table 'zoe_pos_system_db.products' doesn't exist
Stack trace: #0 C:\Users\Asus\Downloads\Website\api\products.php(36): mysqli->query('SELECT p.id, p....')
#1 {main}

Error at 2026-03-28 15:43:01 (transactions.php)
Message: Table 'zoe_pos_system_db.transactions' doesn't exist
Stack trace: #0 C:\Users\Asus\Downloads\Website\api\transactions.php(38): mysqli->query('SELECT t.id, t....')
#1 {main}

Error at 2026-03-28 15:43:02
Message: Table 'zoe_pos_system_db.products' doesn't exist
Stack trace: #0 C:\Users\Asus\Downloads\Website\api\products.php(36): mysqli->query('SELECT p.id, p....')
#1 {main}

Error at 2026-03-28 15:43:02 (transactions.php)
Message: Table 'zoe_pos_system_db.transactions' doesn't exist
Stack trace: #0 C:\Users\Asus\Downloads\Website\api\transactions.php(38): mysqli->query('SELECT t.id, t....')
#1 {main}

Error at 2026-03-28 15:43:04
Message: Table 'zoe_pos_system_db.products' doesn't exist
Stack trace: #0 C:\Users\Asus\Downloads\Website\api\products.php(36): mysqli->query('SELECT p.id, p....')
#1 {main}

Error at 2026-03-28 15:43:04 (transactions.php)
Message: Table 'zoe_pos_system_db.transactions' doesn't exist
Stack trace: #0 C:\Users\Asus\Downloads\Website\api\transactions.php(38): mysqli->query('SELECT t.id, t....')
#1 {main}

Error at 2026-03-28 15:43:04
Message: Table 'zoe_pos_system_db.products' doesn't exist
Stack trace: #0 C:\Users\Asus\Downloads\Website\api\products.php(36): mysqli->query('SELECT p.id, p....')
#1 {main}

Error at 2026-03-28 15:43:04 (transactions.php)
Message: Table 'zoe_pos_system_db.transactions' doesn't exist
Stack trace: #0 C:\Users\Asus\Downloads\Website\api\transactions.php(38): mysqli->query('SELECT t.id, t....')
#1 {main}

Error at 2026-03-28 15:43:05
Message: Table 'zoe_pos_system_db.products' doesn't exist
Stack trace: #0 C:\Users\Asus\Downloads\Website\api\products.php(36): mysqli->query('SELECT p.id, p....')
#1 {main}

Error at 2026-03-28 15:43:06 (transactions.php)
Message: Table 'zoe_pos_system_db.transactions' doesn't exist
Stack trace: #0 C:\Users\Asus\Downloads\Website\api\transactions.php(38): mysqli->query('SELECT t.id, t....')
#1 {main}

Error at 2026-03-28 15:43:06
Message: Table 'zoe_pos_system_db.products' doesn't exist
Stack trace: #0 C:\Users\Asus\Downloads\Website\api\products.php(36): mysqli->query('SELECT p.id, p....')
#1 {main}

Error at 2026-03-28 15:43:06 (transactions.php)
Message: Table 'zoe_pos_system_db.transactions' doesn't exist
Stack trace: #0 C:\Users\Asus\Downloads\Website\api\transactions.php(38): mysqli->query('SELECT t.id, t....')
#1 {main}

Error at 2026-03-28 15:43:07
Message: Table 'zoe_pos_system_db.products' doesn't exist
Stack trace: #0 C:\Users\Asus\Downloads\Website\api\products.php(36): mysqli->query('SELECT p.id, p....')
#1 {main}

Error at 2026-03-28 15:43:08 (transactions.php)
Message: Table 'zoe_pos_system_db.transactions' doesn't exist
Stack trace: #0 C:\Users\Asus\Downloads\Website\api\transactions.php(38): mysqli->query('SELECT t.id, t....')
#1 {main}

Error at 2026-03-28 15:43:08
Message: Table 'zoe_pos_system_db.products' doesn't exist
Stack trace: #0 C:\Users\Asus\Downloads\Website\api\products.php(36): mysqli->query('SELECT p.id, p....')
#1 {main}

Error at 2026-03-28 15:43:08 (transactions.php)
Message: Table 'zoe_pos_system_db.transactions' doesn't exist
Stack trace: #0 C:\Users\Asus\Downloads\Website\api\transactions.php(38): mysqli->query('SELECT t.id, t....')
#1 {main}

Error at 2026-03-28 15:43:09
Message: Table 'zoe_pos_system_db.products' doesn't exist
Stack trace: #0 C:\Users\Asus\Downloads\Website\api\products.php(36): mysqli->query('SELECT p.id, p....')
#1 {main}

Error at 2026-03-28 15:43:09 (transactions.php)
Message: Table 'zoe_pos_system_db.transactions' doesn't exist
Stack trace: #0 C:\Users\Asus\Downloads\Website\api\transactions.php(38): mysqli->query('SELECT t.id, t....')
#1 {main}

Error at 2026-03-28 15:43:10
Message: Table 'zoe_pos_system_db.products' doesn't exist
Stack trace: #0 C:\Users\Asus\Downloads\Website\api\products.php(36): mysqli->query('SELECT p.id, p....')
#1 {main}

Error at 2026-03-28 15:43:10 (transactions.php)
Message: Table 'zoe_pos_system_db.transactions' doesn't exist
Stack trace: #0 C:\Users\Asus\Downloads\Website\api\transactions.php(38): mysqli->query('SELECT t.id, t....')
#1 {main}

Error at 2026-03-28 15:43:11
Message: Table 'zoe_pos_system_db.products' doesn't exist
Stack trace: #0 C:\Users\Asus\Downloads\Website\api\products.php(36): mysqli->query('SELECT p.id, p....')
#1 {main}

Error at 2026-03-28 15:43:11 (transactions.php)
Message: Table 'zoe_pos_system_db.transactions' doesn't exist
Stack trace: #0 C:\Users\Asus\Downloads\Website\api\transactions.php(38): mysqli->query('SELECT t.id, t....')
#1 {main}

Error at 2026-03-28 15:43:12
Message: Table 'zoe_pos_system_db.products' doesn't exist
Stack trace: #0 C:\Users\Asus\Downloads\Website\api\products.php(36): mysqli->query('SELECT p.id, p....')
#1 {main}

Error at 2026-03-28 15:43:13 (transactions.php)
Message: Table 'zoe_pos_system_db.transactions' doesn't exist
Stack trace: #0 C:\Users\Asus\Downloads\Website\api\transactions.php(38): mysqli->query('SELECT t.id, t....')
#1 {main}

Error at 2026-03-28 15:43:13
Message: Table 'zoe_pos_system_db.products' doesn't exist
Stack trace: #0 C:\Users\Asus\Downloads\Website\api\products.php(36): mysqli->query('SELECT p.id, p....')
#1 {main}

Error at 2026-03-28 15:43:13 (transactions.php)
Message: Table 'zoe_pos_system_db.transactions' doesn't exist
Stack trace: #0 C:\Users\Asus\Downloads\Website\api\transactions.php(38): mysqli->query('SELECT t.id, t....')
#1 {main}

Error at 2026-03-28 15:43:14
Message: Table 'zoe_pos_system_db.products' doesn't exist
Stack trace: #0 C:\Users\Asus\Downloads\Website\api\products.php(36): mysqli->query('SELECT p.id, p....')
#1 {main}

Error at 2026-03-28 15:43:14 (transactions.php)
Message: Table 'zoe_pos_system_db.transactions' doesn't exist
Stack trace: #0 C:\Users\Asus\Downloads\Website\api\transactions.php(38): mysqli->query('SELECT t.id, t....')
#1 {main}

Error at 2026-03-28 15:43:16
Message: Table 'zoe_pos_system_db.products' doesn't exist
Stack trace: #0 C:\Users\Asus\Downloads\Website\api\products.php(36): mysqli->query('SELECT p.id, p....')
#1 {main}

Error at 2026-03-28 15:43:16 (transactions.php)
Message: Table 'zoe_pos_system_db.transactions' doesn't exist
Stack trace: #0 C:\Users\Asus\Downloads\Website\api\transactions.php(38): mysqli->query('SELECT t.id, t....')
#1 {main}

Error at 2026-03-28 15:43:16
Message: Table 'zoe_pos_system_db.products' doesn't exist
Stack trace: #0 C:\Users\Asus\Downloads\Website\api\products.php(36): mysqli->query('SELECT p.id, p....')
#1 {main}

Error at 2026-03-28 15:43:16 (transactions.php)
Message: Table 'zoe_pos_system_db.transactions' doesn't exist
Stack trace: #0 C:\Users\Asus\Downloads\Website\api\transactions.php(38): mysqli->query('SELECT t.id, t....')
#1 {main}

Error at 2026-03-28 15:43:17
Message: Table 'zoe_pos_system_db.products' doesn't exist
Stack trace: #0 C:\Users\Asus\Downloads\Website\api\products.php(36): mysqli->query('SELECT p.id, p....')
#1 {main}

Error at 2026-03-28 15:43:17 (transactions.php)
Message: Table 'zoe_pos_system_db.transactions' doesn't exist
Stack trace: #0 C:\Users\Asus\Downloads\Website\api\transactions.php(38): mysqli->query('SELECT t.id, t....')
#1 {main}

Error at 2026-03-28 15:43:18
Message: Table 'zoe_pos_system_db.products' doesn't exist
Stack trace: #0 C:\Users\Asus\Downloads\Website\api\products.php(36): mysqli->query('SELECT p.id, p....')
#1 {main}

Error at 2026-03-28 15:43:19 (transactions.php)
Message: Table 'zoe_pos_system_db.transactions' doesn't exist
Stack trace: #0 C:\Users\Asus\Downloads\Website\api\transactions.php(38): mysqli->query('SELECT t.id, t....')
#1 {main}

Error at 2026-03-28 15:43:19
Message: Table 'zoe_pos_system_db.products' doesn't exist
Stack trace: #0 C:\Users\Asus\Downloads\Website\api\products.php(36): mysqli->query('SELECT p.id, p....')
#1 {main}

Error at 2026-03-28 15:43:20 (transactions.php)
Message: Table 'zoe_pos_system_db.transactions' doesn't exist
Stack trace: #0 C:\Users\Asus\Downloads\Website\api\transactions.php(38): mysqli->query('SELECT t.id, t....')
#1 {main}

Error at 2026-03-28 15:43:20
Message: Table 'zoe_pos_system_db.products' doesn't exist
Stack trace: #0 C:\Users\Asus\Downloads\Website\api\products.php(36): mysqli->query('SELECT p.id, p....')
#1 {main}

Error at 2026-03-28 15:43:20 (transactions.php)
Message: Table 'zoe_pos_system_db.transactions' doesn't exist
Stack trace: #0 C:\Users\Asus\Downloads\Website\api\transactions.php(38): mysqli->query('SELECT t.id, t....')
#1 {main}

Error at 2026-03-28 15:43:21
Message: Table 'zoe_pos_system_db.products' doesn't exist
Stack trace: #0 C:\Users\Asus\Downloads\Website\api\products.php(36): mysqli->query('SELECT p.id, p....')
#1 {main}

Error at 2026-03-28 15:43:22 (transactions.php)
Message: Table 'zoe_pos_system_db.transactions' doesn't exist
Stack trace: #0 C:\Users\Asus\Downloads\Website\api\transactions.php(38): mysqli->query('SELECT t.id, t....')
#1 {main}

Error at 2026-03-28 15:43:22
Message: Table 'zoe_pos_system_db.products' doesn't exist
Stack trace: #0 C:\Users\Asus\Downloads\Website\api\products.php(36): mysqli->query('SELECT p.id, p....')
#1 {main}

Error at 2026-03-28 15:43:22 (transactions.php)
Message: Table 'zoe_pos_system_db.transactions' doesn't exist
Stack trace: #0 C:\Users\Asus\Downloads\Website\api\transactions.php(38): mysqli->query('SELECT t.id, t....')
#1 {main}

Error at 2026-03-28 15:43:23
Message: Table 'zoe_pos_system_db.products' doesn't exist
Stack trace: #0 C:\Users\Asus\Downloads\Website\api\products.php(36): mysqli->query('SELECT p.id, p....')
#1 {main}

Error at 2026-03-28 15:43:23 (transactions.php)
Message: Table 'zoe_pos_system_db.transactions' doesn't exist
Stack trace: #0 C:\Users\Asus\Downloads\Website\api\transactions.php(38): mysqli->query('SELECT t.id, t....')
#1 {main}

Error at 2026-03-28 15:43:24
Message: Table 'zoe_pos_system_db.products' doesn't exist
Stack trace: #0 C:\Users\Asus\Downloads\Website\api\products.php(36): mysqli->query('SELECT p.id, p....')
#1 {main}

Error at 2026-03-28 15:43:24 (transactions.php)
Message: Table 'zoe_pos_system_db.transactions' doesn't exist
Stack trace: #0 C:\Users\Asus\Downloads\Website\api\transactions.php(38): mysqli->query('SELECT t.id, t....')
#1 {main}

Error at 2026-03-28 15:43:25
Message: Table 'zoe_pos_system_db.products' doesn't exist
Stack trace: #0 C:\Users\Asus\Downloads\Website\api\products.php(36): mysqli->query('SELECT p.id, p....')
#1 {main}

Error at 2026-03-28 15:43:25 (transactions.php)
Message: Table 'zoe_pos_system_db.transactions' doesn't exist
Stack trace: #0 C:\Users\Asus\Downloads\Website\api\transactions.php(38): mysqli->query('SELECT t.id, t....')
#1 {main}

Error at 2026-03-28 15:43:26
Message: Table 'zoe_pos_system_db.products' doesn't exist
Stack trace: #0 C:\Users\Asus\Downloads\Website\api\products.php(36): mysqli->query('SELECT p.id, p....')
#1 {main}

Error at 2026-03-28 15:43:26 (transactions.php)
Message: Table 'zoe_pos_system_db.transactions' doesn't exist
Stack trace: #0 C:\Users\Asus\Downloads\Website\api\transactions.php(38): mysqli->query('SELECT t.id, t....')
#1 {main}

Error at 2026-03-28 15:43:27
Message: Table 'zoe_pos_system_db.products' doesn't exist
Stack trace: #0 C:\Users\Asus\Downloads\Website\api\products.php(36): mysqli->query('SELECT p.id, p....')
#1 {main}

Error at 2026-03-28 15:43:27 (transactions.php)
Message: Table 'zoe_pos_system_db.transactions' doesn't exist
Stack trace: #0 C:\Users\Asus\Downloads\Website\api\transactions.php(38): mysqli->query('SELECT t.id, t....')
#1 {main}

Error at 2026-03-28 15:43:28
Message: Table 'zoe_pos_system_db.products' doesn't exist
Stack trace: #0 C:\Users\Asus\Downloads\Website\api\products.php(36): mysqli->query('SELECT p.id, p....')
#1 {main}

Error at 2026-03-28 15:43:28 (transactions.php)
Message: Table 'zoe_pos_system_db.transactions' doesn't exist
Stack trace: #0 C:\Users\Asus\Downloads\Website\api\transactions.php(38): mysqli->query('SELECT t.id, t....')
#1 {main}

Error at 2026-03-28 15:43:29
Message: Table 'zoe_pos_system_db.products' doesn't exist
Stack trace: #0 C:\Users\Asus\Downloads\Website\api\products.php(36): mysqli->query('SELECT p.id, p....')
#1 {main}

Error at 2026-03-28 15:43:29 (transactions.php)
Message: Table 'zoe_pos_system_db.transactions' doesn't exist
Stack trace: #0 C:\Users\Asus\Downloads\Website\api\transactions.php(38): mysqli->query('SELECT t.id, t....')
#1 {main}

Error at 2026-03-28 15:43:30
Message: Table 'zoe_pos_system_db.products' doesn't exist
Stack trace: #0 C:\Users\Asus\Downloads\Website\api\products.php(36): mysqli->query('SELECT p.id, p....')
#1 {main}

Error at 2026-03-28 15:43:30 (transactions.php)
Message: Table 'zoe_pos_system_db.transactions' doesn't exist
Stack trace: #0 C:\Users\Asus\Downloads\Website\api\transactions.php(38): mysqli->query('SELECT t.id, t....')
#1 {main}

Error at 2026-03-28 15:43:31
Message: Table 'zoe_pos_system_db.products' doesn't exist
Stack trace: #0 C:\Users\Asus\Downloads\Website\api\products.php(36): mysqli->query('SELECT p.id, p....')
#1 {main}

Error at 2026-03-28 15:43:31 (transactions.php)
Message: Table 'zoe_pos_system_db.transactions' doesn't exist
Stack trace: #0 C:\Users\Asus\Downloads\Website\api\transactions.php(38): mysqli->query('SELECT t.id, t....')
#1 {main}

Error at 2026-03-28 15:43:32
Message: Table 'zoe_pos_system_db.products' doesn't exist
Stack trace: #0 C:\Users\Asus\Downloads\Website\api\products.php(36): mysqli->query('SELECT p.id, p....')
#1 {main}

Error at 2026-03-28 15:43:32 (transactions.php)
Message: Table 'zoe_pos_system_db.transactions' doesn't exist
Stack trace: #0 C:\Users\Asus\Downloads\Website\api\transactions.php(38): mysqli->query('SELECT t.id, t....')
#1 {main}

Error at 2026-03-28 15:43:33
Message: Table 'zoe_pos_system_db.products' doesn't exist
Stack trace: #0 C:\Users\Asus\Downloads\Website\api\products.php(36): mysqli->query('SELECT p.id, p....')
#1 {main}

Error at 2026-03-28 15:43:33 (transactions.php)
Message: Table 'zoe_pos_system_db.transactions' doesn't exist
Stack trace: #0 C:\Users\Asus\Downloads\Website\api\transactions.php(38): mysqli->query('SELECT t.id, t....')
#1 {main}

Error at 2026-03-28 15:43:34
Message: Table 'zoe_pos_system_db.products' doesn't exist
Stack trace: #0 C:\Users\Asus\Downloads\Website\api\products.php(36): mysqli->query('SELECT p.id, p....')
#1 {main}

Error at 2026-03-28 15:43:34 (transactions.php)
Message: Table 'zoe_pos_system_db.transactions' doesn't exist
Stack trace: #0 C:\Users\Asus\Downloads\Website\api\transactions.php(38): mysqli->query('SELECT t.id, t....')
#1 {main}

Error at 2026-03-28 15:43:35
Message: Table 'zoe_pos_system_db.products' doesn't exist
Stack trace: #0 C:\Users\Asus\Downloads\Website\api\products.php(36): mysqli->query('SELECT p.id, p....')
#1 {main}

Error at 2026-03-28 15:43:35 (transactions.php)
Message: Table 'zoe_pos_system_db.transactions' doesn't exist
Stack trace: #0 C:\Users\Asus\Downloads\Website\api\transactions.php(38): mysqli->query('SELECT t.id, t....')
#1 {main}

Error at 2026-03-28 15:43:36
Message: Table 'zoe_pos_system_db.products' doesn't exist
Stack trace: #0 C:\Users\Asus\Downloads\Website\api\products.php(36): mysqli->query('SELECT p.id, p....')
#1 {main}

Error at 2026-03-28 15:43:36 (transactions.php)
Message: Table 'zoe_pos_system_db.transactions' doesn't exist
Stack trace: #0 C:\Users\Asus\Downloads\Website\api\transactions.php(38): mysqli->query('SELECT t.id, t....')
#1 {main}

Error at 2026-03-28 15:43:37
Message: Table 'zoe_pos_system_db.products' doesn't exist
Stack trace: #0 C:\Users\Asus\Downloads\Website\api\products.php(36): mysqli->query('SELECT p.id, p....')
#1 {main}

Error at 2026-03-28 15:43:37 (transactions.php)
Message: Table 'zoe_pos_system_db.transactions' doesn't exist
Stack trace: #0 C:\Users\Asus\Downloads\Website\api\transactions.php(38): mysqli->query('SELECT t.id, t....')
#1 {main}

Error at 2026-03-28 15:43:38
Message: Table 'zoe_pos_system_db.products' doesn't exist
Stack trace: #0 C:\Users\Asus\Downloads\Website\api\products.php(36): mysqli->query('SELECT p.id, p....')
#1 {main}

Error at 2026-03-28 15:43:38 (transactions.php)
Message: Table 'zoe_pos_system_db.transactions' doesn't exist
Stack trace: #0 C:\Users\Asus\Downloads\Website\api\transactions.php(38): mysqli->query('SELECT t.id, t....')
#1 {main}

Error at 2026-03-28 15:43:39
Message: Table 'zoe_pos_system_db.products' doesn't exist
Stack trace: #0 C:\Users\Asus\Downloads\Website\api\products.php(36): mysqli->query('SELECT p.id, p....')
#1 {main}

Error at 2026-03-28 15:43:39 (transactions.php)
Message: Table 'zoe_pos_system_db.transactions' doesn't exist
Stack trace: #0 C:\Users\Asus\Downloads\Website\api\transactions.php(38): mysqli->query('SELECT t.id, t....')
#1 {main}

Error at 2026-03-28 15:43:39
Message: Table 'zoe_pos_system_db.products' doesn't exist
Stack trace: #0 C:\Users\Asus\Downloads\Website\api\products.php(36): mysqli->query('SELECT p.id, p....')
#1 {main}

Error at 2026-03-28 15:43:39 (transactions.php)
Message: Table 'zoe_pos_system_db.transactions' doesn't exist
Stack trace: #0 C:\Users\Asus\Downloads\Website\api\transactions.php(38): mysqli->query('SELECT t.id, t....')
#1 {main}

Error at 2026-03-28 15:43:39
Message: Table 'zoe_pos_system_db.products' doesn't exist
Stack trace: #0 C:\Users\Asus\Downloads\Website\api\products.php(36): mysqli->query('SELECT p.id, p....')
#1 {main}

Error at 2026-03-28 15:43:39 (transactions.php)
Message: Table 'zoe_pos_system_db.transactions' doesn't exist
Stack trace: #0 C:\Users\Asus\Downloads\Website\api\transactions.php(38): mysqli->query('SELECT t.id, t....')
#1 {main}

Error at 2026-03-28 15:43:40
Message: Table 'zoe_pos_system_db.products' doesn't exist
Stack trace: #0 C:\Users\Asus\Downloads\Website\api\products.php(36): mysqli->query('SELECT p.id, p....')
#1 {main}

Error at 2026-03-28 15:43:40 (transactions.php)
Message: Table 'zoe_pos_system_db.transactions' doesn't exist
Stack trace: #0 C:\Users\Asus\Downloads\Website\api\transactions.php(38): mysqli->query('SELECT t.id, t....')
#1 {main}

Error at 2026-03-28 15:43:41
Message: Table 'zoe_pos_system_db.products' doesn't exist
Stack trace: #0 C:\Users\Asus\Downloads\Website\api\products.php(36): mysqli->query('SELECT p.id, p....')
#1 {main}

Error at 2026-03-28 15:43:41 (transactions.php)
Message: Table 'zoe_pos_system_db.transactions' doesn't exist
Stack trace: #0 C:\Users\Asus\Downloads\Website\api\transactions.php(38): mysqli->query('SELECT t.id, t....')
#1 {main}

Error at 2026-03-28 15:43:42
Message: Table 'zoe_pos_system_db.products' doesn't exist
Stack trace: #0 C:\Users\Asus\Downloads\Website\api\products.php(36): mysqli->query('SELECT p.id, p....')
#1 {main}

Error at 2026-03-28 15:43:42 (transactions.php)
Message: Table 'zoe_pos_system_db.transactions' doesn't exist
Stack trace: #0 C:\Users\Asus\Downloads\Website\api\transactions.php(38): mysqli->query('SELECT t.id, t....')
#1 {main}

Error at 2026-03-28 15:43:43
Message: Table 'zoe_pos_system_db.products' doesn't exist
Stack trace: #0 C:\Users\Asus\Downloads\Website\api\products.php(36): mysqli->query('SELECT p.id, p....')
#1 {main}

Error at 2026-03-28 15:43:43 (transactions.php)
Message: Table 'zoe_pos_system_db.transactions' doesn't exist
Stack trace: #0 C:\Users\Asus\Downloads\Website\api\transactions.php(38): mysqli->query('SELECT t.id, t....')
#1 {main}

Error at 2026-03-28 15:43:44
Message: Table 'zoe_pos_system_db.products' doesn't exist
Stack trace: #0 C:\Users\Asus\Downloads\Website\api\products.php(36): mysqli->query('SELECT p.id, p....')
#1 {main}

Error at 2026-03-28 15:43:44 (transactions.php)
Message: Table 'zoe_pos_system_db.transactions' doesn't exist
Stack trace: #0 C:\Users\Asus\Downloads\Website\api\transactions.php(38): mysqli->query('SELECT t.id, t....')
#1 {main}

Error at 2026-03-28 15:43:45
Message: Table 'zoe_pos_system_db.products' doesn't exist
Stack trace: #0 C:\Users\Asus\Downloads\Website\api\products.php(36): mysqli->query('SELECT p.id, p....')
#1 {main}

Error at 2026-03-28 15:43:46 (transactions.php)
Message: Table 'zoe_pos_system_db.transactions' doesn't exist
Stack trace: #0 C:\Users\Asus\Downloads\Website\api\transactions.php(38): mysqli->query('SELECT t.id, t....')
#1 {main}

Error at 2026-03-28 15:43:46
Message: Table 'zoe_pos_system_db.products' doesn't exist
Stack trace: #0 C:\Users\Asus\Downloads\Website\api\products.php(36): mysqli->query('SELECT p.id, p....')
#1 {main}

Error at 2026-03-28 15:43:46 (transactions.php)
Message: Table 'zoe_pos_system_db.transactions' doesn't exist
Stack trace: #0 C:\Users\Asus\Downloads\Website\api\transactions.php(38): mysqli->query('SELECT t.id, t....')
#1 {main}

Error at 2026-03-28 15:43:47
Message: Table 'zoe_pos_system_db.products' doesn't exist
Stack trace: #0 C:\Users\Asus\Downloads\Website\api\products.php(36): mysqli->query('SELECT p.id, p....')
#1 {main}

Error at 2026-03-28 15:43:47 (transactions.php)
Message: Table 'zoe_pos_system_db.transactions' doesn't exist
Stack trace: #0 C:\Users\Asus\Downloads\Website\api\transactions.php(38): mysqli->query('SELECT t.id, t....')
#1 {main}

Error at 2026-03-28 15:43:48
Message: Table 'zoe_pos_system_db.products' doesn't exist
Stack trace: #0 C:\Users\Asus\Downloads\Website\api\products.php(36): mysqli->query('SELECT p.id, p....')
#1 {main}

Error at 2026-03-28 15:43:48 (transactions.php)
Message: Table 'zoe_pos_system_db.transactions' doesn't exist
Stack trace: #0 C:\Users\Asus\Downloads\Website\api\transactions.php(38): mysqli->query('SELECT t.id, t....')
#1 {main}

Error at 2026-03-28 15:43:49
Message: Table 'zoe_pos_system_db.products' doesn't exist
Stack trace: #0 C:\Users\Asus\Downloads\Website\api\products.php(36): mysqli->query('SELECT p.id, p....')
#1 {main}

Error at 2026-03-28 15:43:49 (transactions.php)
Message: Table 'zoe_pos_system_db.transactions' doesn't exist
Stack trace: #0 C:\Users\Asus\Downloads\Website\api\transactions.php(38): mysqli->query('SELECT t.id, t....')
#1 {main}

Error at 2026-03-28 15:43:50
Message: Table 'zoe_pos_system_db.products' doesn't exist
Stack trace: #0 C:\Users\Asus\Downloads\Website\api\products.php(36): mysqli->query('SELECT p.id, p....')
#1 {main}

Error at 2026-03-28 15:43:50 (transactions.php)
Message: Table 'zoe_pos_system_db.transactions' doesn't exist
Stack trace: #0 C:\Users\Asus\Downloads\Website\api\transactions.php(38): mysqli->query('SELECT t.id, t....')
#1 {main}

Error at 2026-03-28 15:43:52
Message: Table 'zoe_pos_system_db.products' doesn't exist
Stack trace: #0 C:\Users\Asus\Downloads\Website\api\products.php(36): mysqli->query('SELECT p.id, p....')
#1 {main}

Error at 2026-03-28 15:43:52 (transactions.php)
Message: Table 'zoe_pos_system_db.transactions' doesn't exist
Stack trace: #0 C:\Users\Asus\Downloads\Website\api\transactions.php(38): mysqli->query('SELECT t.id, t....')
#1 {main}

Error at 2026-03-28 15:43:52
Message: Table 'zoe_pos_system_db.products' doesn't exist
Stack trace: #0 C:\Users\Asus\Downloads\Website\api\products.php(36): mysqli->query('SELECT p.id, p....')
#1 {main}

Error at 2026-03-28 15:43:52 (transactions.php)
Message: Table 'zoe_pos_system_db.transactions' doesn't exist
Stack trace: #0 C:\Users\Asus\Downloads\Website\api\transactions.php(38): mysqli->query('SELECT t.id, t....')
#1 {main}

Error at 2026-03-28 15:43:53
Message: Table 'zoe_pos_system_db.products' doesn't exist
Stack trace: #0 C:\Users\Asus\Downloads\Website\api\products.php(36): mysqli->query('SELECT p.id, p....')
#1 {main}

Error at 2026-03-28 15:43:54 (transactions.php)
Message: Table 'zoe_pos_system_db.transactions' doesn't exist
Stack trace: #0 C:\Users\Asus\Downloads\Website\api\transactions.php(38): mysqli->query('SELECT t.id, t....')
#1 {main}

Error at 2026-03-28 15:43:54
Message: Table 'zoe_pos_system_db.products' doesn't exist
Stack trace: #0 C:\Users\Asus\Downloads\Website\api\products.php(36): mysqli->query('SELECT p.id, p....')
#1 {main}

Error at 2026-03-28 15:43:54 (transactions.php)
Message: Table 'zoe_pos_system_db.transactions' doesn't exist
Stack trace: #0 C:\Users\Asus\Downloads\Website\api\transactions.php(38): mysqli->query('SELECT t.id, t....')
#1 {main}

Error at 2026-03-28 15:43:55
Message: Table 'zoe_pos_system_db.products' doesn't exist
Stack trace: #0 C:\Users\Asus\Downloads\Website\api\products.php(36): mysqli->query('SELECT p.id, p....')
#1 {main}

Error at 2026-03-28 15:43:55 (transactions.php)
Message: Table 'zoe_pos_system_db.transactions' doesn't exist
Stack trace: #0 C:\Users\Asus\Downloads\Website\api\transactions.php(38): mysqli->query('SELECT t.id, t....')
#1 {main}

Error at 2026-03-28 15:43:56
Message: Table 'zoe_pos_system_db.products' doesn't exist
Stack trace: #0 C:\Users\Asus\Downloads\Website\api\products.php(36): mysqli->query('SELECT p.id, p....')
#1 {main}

Error at 2026-03-28 15:43:56 (transactions.php)
Message: Table 'zoe_pos_system_db.transactions' doesn't exist
Stack trace: #0 C:\Users\Asus\Downloads\Website\api\transactions.php(38): mysqli->query('SELECT t.id, t....')
#1 {main}

Error at 2026-03-28 15:43:57
Message: Table 'zoe_pos_system_db.products' doesn't exist
Stack trace: #0 C:\Users\Asus\Downloads\Website\api\products.php(36): mysqli->query('SELECT p.id, p....')
#1 {main}

Error at 2026-03-28 15:43:57 (transactions.php)
Message: Table 'zoe_pos_system_db.transactions' doesn't exist
Stack trace: #0 C:\Users\Asus\Downloads\Website\api\transactions.php(38): mysqli->query('SELECT t.id, t....')
#1 {main}

Error at 2026-03-28 15:43:58
Message: Table 'zoe_pos_system_db.products' doesn't exist
Stack trace: #0 C:\Users\Asus\Downloads\Website\api\products.php(36): mysqli->query('SELECT p.id, p....')
#1 {main}

Error at 2026-03-28 15:43:58 (transactions.php)
Message: Table 'zoe_pos_system_db.transactions' doesn't exist
Stack trace: #0 C:\Users\Asus\Downloads\Website\api\transactions.php(38): mysqli->query('SELECT t.id, t....')
#1 {main}

Error at 2026-03-28 15:43:59
Message: Table 'zoe_pos_system_db.products' doesn't exist
Stack trace: #0 C:\Users\Asus\Downloads\Website\api\products.php(36): mysqli->query('SELECT p.id, p....')
#1 {main}

Error at 2026-03-28 15:44:00 (transactions.php)
Message: Table 'zoe_pos_system_db.transactions' doesn't exist
Stack trace: #0 C:\Users\Asus\Downloads\Website\api\transactions.php(38): mysqli->query('SELECT t.id, t....')
#1 {main}

Error at 2026-03-28 15:44:00
Message: Table 'zoe_pos_system_db.products' doesn't exist
Stack trace: #0 C:\Users\Asus\Downloads\Website\api\products.php(36): mysqli->query('SELECT p.id, p....')
#1 {main}

Error at 2026-03-28 15:44:00 (transactions.php)
Message: Table 'zoe_pos_system_db.transactions' doesn't exist
Stack trace: #0 C:\Users\Asus\Downloads\Website\api\transactions.php(38): mysqli->query('SELECT t.id, t....')
#1 {main}

Error at 2026-03-28 15:44:01
Message: Table 'zoe_pos_system_db.products' doesn't exist
Stack trace: #0 C:\Users\Asus\Downloads\Website\api\products.php(36): mysqli->query('SELECT p.id, p....')
#1 {main}

Error at 2026-03-28 15:44:01 (transactions.php)
Message: Table 'zoe_pos_system_db.transactions' doesn't exist
Stack trace: #0 C:\Users\Asus\Downloads\Website\api\transactions.php(38): mysqli->query('SELECT t.id, t....')
#1 {main}

Error at 2026-03-28 15:44:01
Message: Table 'zoe_pos_system_db.products' doesn't exist
Stack trace: #0 C:\Users\Asus\Downloads\Website\api\products.php(36): mysqli->query('SELECT p.id, p....')
#1 {main}

Error at 2026-03-28 15:44:01 (transactions.php)
Message: Table 'zoe_pos_system_db.transactions' doesn't exist
Stack trace: #0 C:\Users\Asus\Downloads\Website\api\transactions.php(38): mysqli->query('SELECT t.id, t....')
#1 {main}

Error at 2026-03-28 15:44:01
Message: Table 'zoe_pos_system_db.products' doesn't exist
Stack trace: #0 C:\Users\Asus\Downloads\Website\api\products.php(36): mysqli->query('SELECT p.id, p....')
#1 {main}

Error at 2026-03-28 15:44:01 (transactions.php)
Message: Table 'zoe_pos_system_db.transactions' doesn't exist
Stack trace: #0 C:\Users\Asus\Downloads\Website\api\transactions.php(38): mysqli->query('SELECT t.id, t....')
#1 {main}

Error at 2026-03-28 15:44:02
Message: Table 'zoe_pos_system_db.products' doesn't exist
Stack trace: #0 C:\Users\Asus\Downloads\Website\api\products.php(36): mysqli->query('SELECT p.id, p....')
#1 {main}

Error at 2026-03-28 15:44:02
Message: Table 'zoe_pos_system_db.products' doesn't exist
Stack trace: #0 C:\Users\Asus\Downloads\Website\api\products.php(36): mysqli->query('SELECT p.id, p....')
#1 {main}

Error at 2026-03-28 15:44:02 (transactions.php)
Message: Table 'zoe_pos_system_db.transactions' doesn't exist
Stack trace: #0 C:\Users\Asus\Downloads\Website\api\transactions.php(38): mysqli->query('SELECT t.id, t....')
#1 {main}

Error at 2026-03-28 15:44:02 (transactions.php)
Message: Table 'zoe_pos_system_db.transactions' doesn't exist
Stack trace: #0 C:\Users\Asus\Downloads\Website\api\transactions.php(38): mysqli->query('SELECT t.id, t....')
#1 {main}

Error at 2026-03-28 15:44:03
Message: Table 'zoe_pos_system_db.products' doesn't exist
Stack trace: #0 C:\Users\Asus\Downloads\Website\api\products.php(36): mysqli->query('SELECT p.id, p....')
#1 {main}

Error at 2026-03-28 15:44:03 (transactions.php)
Message: Table 'zoe_pos_system_db.transactions' doesn't exist
Stack trace: #0 C:\Users\Asus\Downloads\Website\api\transactions.php(38): mysqli->query('SELECT t.id, t....')
#1 {main}

Error at 2026-03-28 15:44:03 (transactions.php)
Message: Table 'zoe_pos_system_db.transactions' doesn't exist
Stack trace: #0 C:\Users\Asus\Downloads\Website\api\transactions.php(38): mysqli->query('SELECT t.id, t....')
#1 {main}

Error at 2026-03-28 15:44:03
Message: Table 'zoe_pos_system_db.products' doesn't exist
Stack trace: #0 C:\Users\Asus\Downloads\Website\api\products.php(36): mysqli->query('SELECT p.id, p....')
#1 {main}

Error at 2026-03-28 15:44:03 (transactions.php)
Message: Table 'zoe_pos_system_db.transactions' doesn't exist
Stack trace: #0 C:\Users\Asus\Downloads\Website\api\transactions.php(38): mysqli->query('SELECT t.id, t....')
#1 {main}

Error at 2026-03-28 15:44:04
Message: Table 'zoe_pos_system_db.products' doesn't exist
Stack trace: #0 C:\Users\Asus\Downloads\Website\api\products.php(36): mysqli->query('SELECT p.id, p....')
#1 {main}

Error at 2026-03-28 15:44:04
Message: Table 'zoe_pos_system_db.products' doesn't exist
Stack trace: #0 C:\Users\Asus\Downloads\Website\api\products.php(36): mysqli->query('SELECT p.id, p....')
#1 {main}

Error at 2026-03-28 15:44:04 (transactions.php)
Message: Table 'zoe_pos_system_db.transactions' doesn't exist
Stack trace: #0 C:\Users\Asus\Downloads\Website\api\transactions.php(38): mysqli->query('SELECT t.id, t....')
#1 {main}

Error at 2026-03-28 15:44:04 (transactions.php)
Message: Table 'zoe_pos_system_db.transactions' doesn't exist
Stack trace: #0 C:\Users\Asus\Downloads\Website\api\transactions.php(38): mysqli->query('SELECT t.id, t....')
#1 {main}

Error at 2026-03-28 15:44:05
Message: Table 'zoe_pos_system_db.products' doesn't exist
Stack trace: #0 C:\Users\Asus\Downloads\Website\api\products.php(36): mysqli->query('SELECT p.id, p....')
#1 {main}

Error at 2026-03-28 15:44:05 (transactions.php)
Message: Table 'zoe_pos_system_db.transactions' doesn't exist
Stack trace: #0 C:\Users\Asus\Downloads\Website\api\transactions.php(38): mysqli->query('SELECT t.id, t....')
#1 {main}

Error at 2026-03-28 15:44:05
Message: Table 'zoe_pos_system_db.products' doesn't exist
Stack trace: #0 C:\Users\Asus\Downloads\Website\api\products.php(36): mysqli->query('SELECT p.id, p....')
#1 {main}

Error at 2026-03-28 15:44:05 (transactions.php)
Message: Table 'zoe_pos_system_db.transactions' doesn't exist
Stack trace: #0 C:\Users\Asus\Downloads\Website\api\transactions.php(38): mysqli->query('SELECT t.id, t....')
#1 {main}

Error at 2026-03-28 15:44:06
Message: Table 'zoe_pos_system_db.products' doesn't exist
Stack trace: #0 C:\Users\Asus\Downloads\Website\api\products.php(36): mysqli->query('SELECT p.id, p....')
#1 {main}

Error at 2026-03-28 15:44:06
Message: Table 'zoe_pos_system_db.products' doesn't exist
Stack trace: #0 C:\Users\Asus\Downloads\Website\api\products.php(36): mysqli->query('SELECT p.id, p....')
#1 {main}

Error at 2026-03-28 15:44:06 (transactions.php)
Message: Table 'zoe_pos_system_db.transactions' doesn't exist
Stack trace: #0 C:\Users\Asus\Downloads\Website\api\transactions.php(38): mysqli->query('SELECT t.id, t....')
#1 {main}

Error at 2026-03-28 15:44:06 (transactions.php)
Message: Table 'zoe_pos_system_db.transactions' doesn't exist
Stack trace: #0 C:\Users\Asus\Downloads\Website\api\transactions.php(38): mysqli->query('SELECT t.id, t....')
#1 {main}

Error at 2026-03-28 15:44:07
Message: Table 'zoe_pos_system_db.products' doesn't exist
Stack trace: #0 C:\Users\Asus\Downloads\Website\api\products.php(36): mysqli->query('SELECT p.id, p....')
#1 {main}

Error at 2026-03-28 15:44:07 (transactions.php)
Message: Table 'zoe_pos_system_db.transactions' doesn't exist
Stack trace: #0 C:\Users\Asus\Downloads\Website\api\transactions.php(38): mysqli->query('SELECT t.id, t....')
#1 {main}

Error at 2026-03-28 15:44:07
Message: Table 'zoe_pos_system_db.products' doesn't exist
Stack trace: #0 C:\Users\Asus\Downloads\Website\api\products.php(36): mysqli->query('SELECT p.id, p....')
#1 {main}

Error at 2026-03-28 15:44:07 (transactions.php)
Message: Table 'zoe_pos_system_db.transactions' doesn't exist
Stack trace: #0 C:\Users\Asus\Downloads\Website\api\transactions.php(38): mysqli->query('SELECT t.id, t....')
#1 {main}

Error at 2026-03-28 15:44:08
Message: Table 'zoe_pos_system_db.products' doesn't exist
Stack trace: #0 C:\Users\Asus\Downloads\Website\api\products.php(36): mysqli->query('SELECT p.id, p....')
#1 {main}

Error at 2026-03-28 15:44:08
Message: Table 'zoe_pos_system_db.products' doesn't exist
Stack trace: #0 C:\Users\Asus\Downloads\Website\api\products.php(36): mysqli->query('SELECT p.id, p....')
#1 {main}

Error at 2026-03-28 15:44:08 (transactions.php)
Message: Table 'zoe_pos_system_db.transactions' doesn't exist
Stack trace: #0 C:\Users\Asus\Downloads\Website\api\transactions.php(38): mysqli->query('SELECT t.id, t....')
#1 {main}

Error at 2026-03-28 15:44:09
Message: Table 'zoe_pos_system_db.products' doesn't exist
Stack trace: #0 C:\Users\Asus\Downloads\Website\api\products.php(36): mysqli->query('SELECT p.id, p....')
#1 {main}

Error at 2026-03-28 15:44:09 (transactions.php)
Message: Table 'zoe_pos_system_db.transactions' doesn't exist
Stack trace: #0 C:\Users\Asus\Downloads\Website\api\transactions.php(38): mysqli->query('SELECT t.id, t....')
#1 {main}

Error at 2026-03-28 15:44:10
Message: Table 'zoe_pos_system_db.products' doesn't exist
Stack trace: #0 C:\Users\Asus\Downloads\Website\api\products.php(36): mysqli->query('SELECT p.id, p....')
#1 {main}

Error at 2026-03-28 15:44:10 (transactions.php)
Message: Table 'zoe_pos_system_db.transactions' doesn't exist
Stack trace: #0 C:\Users\Asus\Downloads\Website\api\transactions.php(38): mysqli->query('SELECT t.id, t....')
#1 {main}

Error at 2026-03-28 15:44:11
Message: Table 'zoe_pos_system_db.products' doesn't exist
Stack trace: #0 C:\Users\Asus\Downloads\Website\api\products.php(36): mysqli->query('SELECT p.id, p....')
#1 {main}

Error at 2026-03-28 15:44:11 (transactions.php)
Message: Table 'zoe_pos_system_db.transactions' doesn't exist
Stack trace: #0 C:\Users\Asus\Downloads\Website\api\transactions.php(38): mysqli->query('SELECT t.id, t....')
#1 {main}

Error at 2026-03-28 15:44:12
Message: Table 'zoe_pos_system_db.products' doesn't exist
Stack trace: #0 C:\Users\Asus\Downloads\Website\api\products.php(36): mysqli->query('SELECT p.id, p....')
#1 {main}

Error at 2026-03-28 15:44:12 (transactions.php)
Message: Table 'zoe_pos_system_db.transactions' doesn't exist
Stack trace: #0 C:\Users\Asus\Downloads\Website\api\transactions.php(38): mysqli->query('SELECT t.id, t....')
#1 {main}

Error at 2026-03-28 15:44:13
Message: Table 'zoe_pos_system_db.products' doesn't exist
Stack trace: #0 C:\Users\Asus\Downloads\Website\api\products.php(36): mysqli->query('SELECT p.id, p....')
#1 {main}

Error at 2026-03-28 15:44:14 (transactions.php)
Message: Table 'zoe_pos_system_db.transactions' doesn't exist
Stack trace: #0 C:\Users\Asus\Downloads\Website\api\transactions.php(38): mysqli->query('SELECT t.id, t....')
#1 {main}

Error at 2026-03-28 15:44:14
Message: Table 'zoe_pos_system_db.products' doesn't exist
Stack trace: #0 C:\Users\Asus\Downloads\Website\api\products.php(36): mysqli->query('SELECT p.id, p....')
#1 {main}

Error at 2026-03-28 15:44:14 (transactions.php)
Message: Table 'zoe_pos_system_db.transactions' doesn't exist
Stack trace: #0 C:\Users\Asus\Downloads\Website\api\transactions.php(38): mysqli->query('SELECT t.id, t....')
#1 {main}

Error at 2026-03-28 15:44:15
Message: Table 'zoe_pos_system_db.products' doesn't exist
Stack trace: #0 C:\Users\Asus\Downloads\Website\api\products.php(36): mysqli->query('SELECT p.id, p....')
#1 {main}

Error at 2026-03-28 15:44:15 (transactions.php)
Message: Table 'zoe_pos_system_db.transactions' doesn't exist
Stack trace: #0 C:\Users\Asus\Downloads\Website\api\transactions.php(38): mysqli->query('SELECT t.id, t....')
#1 {main}

Error at 2026-03-28 15:44:16
Message: Table 'zoe_pos_system_db.products' doesn't exist
Stack trace: #0 C:\Users\Asus\Downloads\Website\api\products.php(36): mysqli->query('SELECT p.id, p....')
#1 {main}

Error at 2026-03-28 15:44:16 (transactions.php)
Message: Table 'zoe_pos_system_db.transactions' doesn't exist
Stack trace: #0 C:\Users\Asus\Downloads\Website\api\transactions.php(38): mysqli->query('SELECT t.id, t....')
#1 {main}

Error at 2026-03-28 15:44:17
Message: Table 'zoe_pos_system_db.products' doesn't exist
Stack trace: #0 C:\Users\Asus\Downloads\Website\api\products.php(36): mysqli->query('SELECT p.id, p....')
#1 {main}

Error at 2026-03-28 15:44:18 (transactions.php)
Message: Table 'zoe_pos_system_db.transactions' doesn't exist
Stack trace: #0 C:\Users\Asus\Downloads\Website\api\transactions.php(38): mysqli->query('SELECT t.id, t....')
#1 {main}

Error at 2026-03-28 15:44:18
Message: Table 'zoe_pos_system_db.products' doesn't exist
Stack trace: #0 C:\Users\Asus\Downloads\Website\api\products.php(36): mysqli->query('SELECT p.id, p....')
#1 {main}

Error at 2026-03-28 15:44:18 (transactions.php)
Message: Table 'zoe_pos_system_db.transactions' doesn't exist
Stack trace: #0 C:\Users\Asus\Downloads\Website\api\transactions.php(38): mysqli->query('SELECT t.id, t....')
#1 {main}

Error at 2026-03-28 15:44:19
Message: Table 'zoe_pos_system_db.products' doesn't exist
Stack trace: #0 C:\Users\Asus\Downloads\Website\api\products.php(36): mysqli->query('SELECT p.id, p....')
#1 {main}

Error at 2026-03-28 15:44:19 (transactions.php)
Message: Table 'zoe_pos_system_db.transactions' doesn't exist
Stack trace: #0 C:\Users\Asus\Downloads\Website\api\transactions.php(38): mysqli->query('SELECT t.id, t....')
#1 {main}

Error at 2026-03-28 15:44:20
Message: Table 'zoe_pos_system_db.products' doesn't exist
Stack trace: #0 C:\Users\Asus\Downloads\Website\api\products.php(36): mysqli->query('SELECT p.id, p....')
#1 {main}

Error at 2026-03-28 15:44:20 (transactions.php)
Message: Table 'zoe_pos_system_db.transactions' doesn't exist
Stack trace: #0 C:\Users\Asus\Downloads\Website\api\transactions.php(38): mysqli->query('SELECT t.id, t....')
#1 {main}

Error at 2026-03-28 15:44:21
Message: Table 'zoe_pos_system_db.products' doesn't exist
Stack trace: #0 C:\Users\Asus\Downloads\Website\api\products.php(36): mysqli->query('SELECT p.id, p....')
#1 {main}

Error at 2026-03-28 15:44:22 (transactions.php)
Message: Table 'zoe_pos_system_db.transactions' doesn't exist
Stack trace: #0 C:\Users\Asus\Downloads\Website\api\transactions.php(38): mysqli->query('SELECT t.id, t....')
#1 {main}

Error at 2026-03-28 15:44:22
Message: Table 'zoe_pos_system_db.products' doesn't exist
Stack trace: #0 C:\Users\Asus\Downloads\Website\api\products.php(36): mysqli->query('SELECT p.id, p....')
#1 {main}

Error at 2026-03-28 15:44:22 (transactions.php)
Message: Table 'zoe_pos_system_db.transactions' doesn't exist
Stack trace: #0 C:\Users\Asus\Downloads\Website\api\transactions.php(38): mysqli->query('SELECT t.id, t....')
#1 {main}

Error at 2026-03-28 15:44:23
Message: Table 'zoe_pos_system_db.products' doesn't exist
Stack trace: #0 C:\Users\Asus\Downloads\Website\api\products.php(36): mysqli->query('SELECT p.id, p....')
#1 {main}

Error at 2026-03-28 15:44:23 (transactions.php)
Message: Table 'zoe_pos_system_db.transactions' doesn't exist
Stack trace: #0 C:\Users\Asus\Downloads\Website\api\transactions.php(38): mysqli->query('SELECT t.id, t....')
#1 {main}

Error at 2026-03-28 15:44:24
Message: Table 'zoe_pos_system_db.products' doesn't exist
Stack trace: #0 C:\Users\Asus\Downloads\Website\api\products.php(36): mysqli->query('SELECT p.id, p....')
#1 {main}

Error at 2026-03-28 15:44:24 (transactions.php)
Message: Table 'zoe_pos_system_db.transactions' doesn't exist
Stack trace: #0 C:\Users\Asus\Downloads\Website\api\transactions.php(38): mysqli->query('SELECT t.id, t....')
#1 {main}

Error at 2026-03-28 15:44:25
Message: Table 'zoe_pos_system_db.products' doesn't exist
Stack trace: #0 C:\Users\Asus\Downloads\Website\api\products.php(36): mysqli->query('SELECT p.id, p....')
#1 {main}

Error at 2026-03-28 15:44:26 (transactions.php)
Message: Table 'zoe_pos_system_db.transactions' doesn't exist
Stack trace: #0 C:\Users\Asus\Downloads\Website\api\transactions.php(38): mysqli->query('SELECT t.id, t....')
#1 {main}

Error at 2026-03-28 15:44:26
Message: Table 'zoe_pos_system_db.products' doesn't exist
Stack trace: #0 C:\Users\Asus\Downloads\Website\api\products.php(36): mysqli->query('SELECT p.id, p....')
#1 {main}

Error at 2026-03-28 15:44:26 (transactions.php)
Message: Table 'zoe_pos_system_db.transactions' doesn't exist
Stack trace: #0 C:\Users\Asus\Downloads\Website\api\transactions.php(38): mysqli->query('SELECT t.id, t....')
#1 {main}

Error at 2026-03-28 15:44:27
Message: Table 'zoe_pos_system_db.products' doesn't exist
Stack trace: #0 C:\Users\Asus\Downloads\Website\api\products.php(36): mysqli->query('SELECT p.id, p....')
#1 {main}

Error at 2026-03-28 15:44:27 (transactions.php)
Message: Table 'zoe_pos_system_db.transactions' doesn't exist
Stack trace: #0 C:\Users\Asus\Downloads\Website\api\transactions.php(38): mysqli->query('SELECT t.id, t....')
#1 {main}

Error at 2026-03-28 15:44:28
Message: Table 'zoe_pos_system_db.products' doesn't exist
Stack trace: #0 C:\Users\Asus\Downloads\Website\api\products.php(36): mysqli->query('SELECT p.id, p....')
#1 {main}

Error at 2026-03-28 15:44:28 (transactions.php)
Message: Table 'zoe_pos_system_db.transactions' doesn't exist
Stack trace: #0 C:\Users\Asus\Downloads\Website\api\transactions.php(38): mysqli->query('SELECT t.id, t....')
#1 {main}

Error at 2026-03-28 15:44:29
Message: Table 'zoe_pos_system_db.products' doesn't exist
Stack trace: #0 C:\Users\Asus\Downloads\Website\api\products.php(36): mysqli->query('SELECT p.id, p....')
#1 {main}

Error at 2026-03-28 15:44:29 (transactions.php)
Message: Table 'zoe_pos_system_db.transactions' doesn't exist
Stack trace: #0 C:\Users\Asus\Downloads\Website\api\transactions.php(38): mysqli->query('SELECT t.id, t....')
#1 {main}

Error at 2026-03-28 15:44:30
Message: Table 'zoe_pos_system_db.products' doesn't exist
Stack trace: #0 C:\Users\Asus\Downloads\Website\api\products.php(36): mysqli->query('SELECT p.id, p....')
#1 {main}

Error at 2026-03-28 15:44:30 (transactions.php)
Message: Table 'zoe_pos_system_db.transactions' doesn't exist
Stack trace: #0 C:\Users\Asus\Downloads\Website\api\transactions.php(38): mysqli->query('SELECT t.id, t....')
#1 {main}

Error at 2026-03-28 15:44:31
Message: Table 'zoe_pos_system_db.products' doesn't exist
Stack trace: #0 C:\Users\Asus\Downloads\Website\api\products.php(36): mysqli->query('SELECT p.id, p....')
#1 {main}

Error at 2026-03-28 15:44:31 (transactions.php)
Message: Table 'zoe_pos_system_db.transactions' doesn't exist
Stack trace: #0 C:\Users\Asus\Downloads\Website\api\transactions.php(38): mysqli->query('SELECT t.id, t....')
#1 {main}

Error at 2026-03-28 15:44:32
Message: Table 'zoe_pos_system_db.products' doesn't exist
Stack trace: #0 C:\Users\Asus\Downloads\Website\api\products.php(36): mysqli->query('SELECT p.id, p....')
#1 {main}

Error at 2026-03-28 15:44:32 (transactions.php)
Message: Table 'zoe_pos_system_db.transactions' doesn't exist
Stack trace: #0 C:\Users\Asus\Downloads\Website\api\transactions.php(38): mysqli->query('SELECT t.id, t....')
#1 {main}

Error at 2026-03-28 15:44:33
Message: Table 'zoe_pos_system_db.products' doesn't exist
Stack trace: #0 C:\Users\Asus\Downloads\Website\api\products.php(36): mysqli->query('SELECT p.id, p....')
#1 {main}

Error at 2026-03-28 15:44:33 (transactions.php)
Message: Table 'zoe_pos_system_db.transactions' doesn't exist
Stack trace: #0 C:\Users\Asus\Downloads\Website\api\transactions.php(38): mysqli->query('SELECT t.id, t....')
#1 {main}

Error at 2026-03-28 15:44:34
Message: Table 'zoe_pos_system_db.products' doesn't exist
Stack trace: #0 C:\Users\Asus\Downloads\Website\api\products.php(36): mysqli->query('SELECT p.id, p....')
#1 {main}

Error at 2026-03-28 15:44:34 (transactions.php)
Message: Table 'zoe_pos_system_db.transactions' doesn't exist
Stack trace: #0 C:\Users\Asus\Downloads\Website\api\transactions.php(38): mysqli->query('SELECT t.id, t....')
#1 {main}

Error at 2026-03-28 15:44:35
Message: Table 'zoe_pos_system_db.products' doesn't exist
Stack trace: #0 C:\Users\Asus\Downloads\Website\api\products.php(36): mysqli->query('SELECT p.id, p....')
#1 {main}

Error at 2026-03-28 15:44:36 (transactions.php)
Message: Table 'zoe_pos_system_db.transactions' doesn't exist
Stack trace: #0 C:\Users\Asus\Downloads\Website\api\transactions.php(38): mysqli->query('SELECT t.id, t....')
#1 {main}

Error at 2026-03-28 15:44:36
Message: Table 'zoe_pos_system_db.products' doesn't exist
Stack trace: #0 C:\Users\Asus\Downloads\Website\api\products.php(36): mysqli->query('SELECT p.id, p....')
#1 {main}

Error at 2026-03-28 15:44:36 (transactions.php)
Message: Table 'zoe_pos_system_db.transactions' doesn't exist
Stack trace: #0 C:\Users\Asus\Downloads\Website\api\transactions.php(38): mysqli->query('SELECT t.id, t....')
#1 {main}

Error at 2026-03-28 15:44:37
Message: Table 'zoe_pos_system_db.products' doesn't exist
Stack trace: #0 C:\Users\Asus\Downloads\Website\api\products.php(36): mysqli->query('SELECT p.id, p....')
#1 {main}

Error at 2026-03-28 15:44:37 (transactions.php)
Message: Table 'zoe_pos_system_db.transactions' doesn't exist
Stack trace: #0 C:\Users\Asus\Downloads\Website\api\transactions.php(38): mysqli->query('SELECT t.id, t....')
#1 {main}

Error at 2026-03-28 15:44:38
Message: Table 'zoe_pos_system_db.products' doesn't exist
Stack trace: #0 C:\Users\Asus\Downloads\Website\api\products.php(36): mysqli->query('SELECT p.id, p....')
#1 {main}

Error at 2026-03-28 15:44:38 (transactions.php)
Message: Table 'zoe_pos_system_db.transactions' doesn't exist
Stack trace: #0 C:\Users\Asus\Downloads\Website\api\transactions.php(38): mysqli->query('SELECT t.id, t....')
#1 {main}

Error at 2026-03-28 15:44:39
Message: Table 'zoe_pos_system_db.products' doesn't exist
Stack trace: #0 C:\Users\Asus\Downloads\Website\api\products.php(36): mysqli->query('SELECT p.id, p....')
#1 {main}

Error at 2026-03-28 15:44:39 (transactions.php)
Message: Table 'zoe_pos_system_db.transactions' doesn't exist
Stack trace: #0 C:\Users\Asus\Downloads\Website\api\transactions.php(38): mysqli->query('SELECT t.id, t....')
#1 {main}

Error at 2026-03-28 15:44:39
Message: Table 'zoe_pos_system_db.products' doesn't exist
Stack trace: #0 C:\Users\Asus\Downloads\Website\api\products.php(36): mysqli->query('SELECT p.id, p....')
#1 {main}

Error at 2026-03-28 15:44:39 (transactions.php)
Message: Table 'zoe_pos_system_db.transactions' doesn't exist
Stack trace: #0 C:\Users\Asus\Downloads\Website\api\transactions.php(38): mysqli->query('SELECT t.id, t....')
#1 {main}

Error at 2026-03-28 15:44:40
Message: Table 'zoe_pos_system_db.products' doesn't exist
Stack trace: #0 C:\Users\Asus\Downloads\Website\api\products.php(36): mysqli->query('SELECT p.id, p....')
#1 {main}

Error at 2026-03-28 15:44:40 (transactions.php)
Message: Table 'zoe_pos_system_db.transactions' doesn't exist
Stack trace: #0 C:\Users\Asus\Downloads\Website\api\transactions.php(38): mysqli->query('SELECT t.id, t....')
#1 {main}

Error at 2026-03-28 15:44:41
Message: Table 'zoe_pos_system_db.products' doesn't exist
Stack trace: #0 C:\Users\Asus\Downloads\Website\api\products.php(36): mysqli->query('SELECT p.id, p....')
#1 {main}

Error at 2026-03-28 15:44:41 (transactions.php)
Message: Table 'zoe_pos_system_db.transactions' doesn't exist
Stack trace: #0 C:\Users\Asus\Downloads\Website\api\transactions.php(38): mysqli->query('SELECT t.id, t....')
#1 {main}

Error at 2026-03-28 15:44:42
Message: Table 'zoe_pos_system_db.products' doesn't exist
Stack trace: #0 C:\Users\Asus\Downloads\Website\api\products.php(36): mysqli->query('SELECT p.id, p....')
#1 {main}

Error at 2026-03-28 15:44:43 (transactions.php)
Message: Table 'zoe_pos_system_db.transactions' doesn't exist
Stack trace: #0 C:\Users\Asus\Downloads\Website\api\transactions.php(38): mysqli->query('SELECT t.id, t....')
#1 {main}

Error at 2026-03-28 15:44:43
Message: Table 'zoe_pos_system_db.products' doesn't exist
Stack trace: #0 C:\Users\Asus\Downloads\Website\api\products.php(36): mysqli->query('SELECT p.id, p....')
#1 {main}

Error at 2026-03-28 15:44:43 (transactions.php)
Message: Table 'zoe_pos_system_db.transactions' doesn't exist
Stack trace: #0 C:\Users\Asus\Downloads\Website\api\transactions.php(38): mysqli->query('SELECT t.id, t....')
#1 {main}

Error at 2026-03-28 15:44:44
Message: Table 'zoe_pos_system_db.products' doesn't exist
Stack trace: #0 C:\Users\Asus\Downloads\Website\api\products.php(36): mysqli->query('SELECT p.id, p....')
#1 {main}

Error at 2026-03-28 15:44:44 (transactions.php)
Message: Table 'zoe_pos_system_db.transactions' doesn't exist
Stack trace: #0 C:\Users\Asus\Downloads\Website\api\transactions.php(38): mysqli->query('SELECT t.id, t....')
#1 {main}

Error at 2026-03-28 15:44:45
Message: Table 'zoe_pos_system_db.products' doesn't exist
Stack trace: #0 C:\Users\Asus\Downloads\Website\api\products.php(36): mysqli->query('SELECT p.id, p....')
#1 {main}

Error at 2026-03-28 15:44:45 (transactions.php)
Message: Table 'zoe_pos_system_db.transactions' doesn't exist
Stack trace: #0 C:\Users\Asus\Downloads\Website\api\transactions.php(38): mysqli->query('SELECT t.id, t....')
#1 {main}

Error at 2026-03-28 15:44:46
Message: Table 'zoe_pos_system_db.products' doesn't exist
Stack trace: #0 C:\Users\Asus\Downloads\Website\api\products.php(36): mysqli->query('SELECT p.id, p....')
#1 {main}

Error at 2026-03-28 15:44:47 (transactions.php)
Message: Table 'zoe_pos_system_db.transactions' doesn't exist
Stack trace: #0 C:\Users\Asus\Downloads\Website\api\transactions.php(38): mysqli->query('SELECT t.id, t....')
#1 {main}

Error at 2026-03-28 15:44:47
Message: Table 'zoe_pos_system_db.products' doesn't exist
Stack trace: #0 C:\Users\Asus\Downloads\Website\api\products.php(36): mysqli->query('SELECT p.id, p....')
#1 {main}

Error at 2026-03-28 15:44:47 (transactions.php)
Message: Table 'zoe_pos_system_db.transactions' doesn't exist
Stack trace: #0 C:\Users\Asus\Downloads\Website\api\transactions.php(38): mysqli->query('SELECT t.id, t....')
#1 {main}

Error at 2026-03-28 15:44:48
Message: Table 'zoe_pos_system_db.products' doesn't exist
Stack trace: #0 C:\Users\Asus\Downloads\Website\api\products.php(36): mysqli->query('SELECT p.id, p....')
#1 {main}

Error at 2026-03-28 15:44:48 (transactions.php)
Message: Table 'zoe_pos_system_db.transactions' doesn't exist
Stack trace: #0 C:\Users\Asus\Downloads\Website\api\transactions.php(38): mysqli->query('SELECT t.id, t....')
#1 {main}

Error at 2026-03-28 15:44:49
Message: Table 'zoe_pos_system_db.products' doesn't exist
Stack trace: #0 C:\Users\Asus\Downloads\Website\api\products.php(36): mysqli->query('SELECT p.id, p....')
#1 {main}

Error at 2026-03-28 15:44:49 (transactions.php)
Message: Table 'zoe_pos_system_db.transactions' doesn't exist
Stack trace: #0 C:\Users\Asus\Downloads\Website\api\transactions.php(38): mysqli->query('SELECT t.id, t....')
#1 {main}

Error at 2026-03-28 15:44:50
Message: Table 'zoe_pos_system_db.products' doesn't exist
Stack trace: #0 C:\Users\Asus\Downloads\Website\api\products.php(36): mysqli->query('SELECT p.id, p....')
#1 {main}

Error at 2026-03-28 15:44:50 (transactions.php)
Message: Table 'zoe_pos_system_db.transactions' doesn't exist
Stack trace: #0 C:\Users\Asus\Downloads\Website\api\transactions.php(38): mysqli->query('SELECT t.id, t....')
#1 {main}

Error at 2026-03-28 15:44:51
Message: Table 'zoe_pos_system_db.products' doesn't exist
Stack trace: #0 C:\Users\Asus\Downloads\Website\api\products.php(36): mysqli->query('SELECT p.id, p....')
#1 {main}

Error at 2026-03-28 15:44:51 (transactions.php)
Message: Table 'zoe_pos_system_db.transactions' doesn't exist
Stack trace: #0 C:\Users\Asus\Downloads\Website\api\transactions.php(38): mysqli->query('SELECT t.id, t....')
#1 {main}

Error at 2026-03-28 15:44:52
Message: Table 'zoe_pos_system_db.products' doesn't exist
Stack trace: #0 C:\Users\Asus\Downloads\Website\api\products.php(36): mysqli->query('SELECT p.id, p....')
#1 {main}

Error at 2026-03-28 15:44:52 (transactions.php)
Message: Table 'zoe_pos_system_db.transactions' doesn't exist
Stack trace: #0 C:\Users\Asus\Downloads\Website\api\transactions.php(38): mysqli->query('SELECT t.id, t....')
#1 {main}

Error at 2026-03-28 15:44:53
Message: Table 'zoe_pos_system_db.products' doesn't exist
Stack trace: #0 C:\Users\Asus\Downloads\Website\api\products.php(36): mysqli->query('SELECT p.id, p....')
#1 {main}

Error at 2026-03-28 15:44:53 (transactions.php)
Message: Table 'zoe_pos_system_db.transactions' doesn't exist
Stack trace: #0 C:\Users\Asus\Downloads\Website\api\transactions.php(38): mysqli->query('SELECT t.id, t....')
#1 {main}

Error at 2026-03-28 15:44:54
Message: Table 'zoe_pos_system_db.products' doesn't exist
Stack trace: #0 C:\Users\Asus\Downloads\Website\api\products.php(36): mysqli->query('SELECT p.id, p....')
#1 {main}

Error at 2026-03-28 15:44:54 (transactions.php)
Message: Table 'zoe_pos_system_db.transactions' doesn't exist
Stack trace: #0 C:\Users\Asus\Downloads\Website\api\transactions.php(38): mysqli->query('SELECT t.id, t....')
#1 {main}

Error at 2026-03-28 15:44:55
Message: Table 'zoe_pos_system_db.products' doesn't exist
Stack trace: #0 C:\Users\Asus\Downloads\Website\api\products.php(36): mysqli->query('SELECT p.id, p....')
#1 {main}

Error at 2026-03-28 15:44:56 (transactions.php)
Message: Table 'zoe_pos_system_db.transactions' doesn't exist
Stack trace: #0 C:\Users\Asus\Downloads\Website\api\transactions.php(38): mysqli->query('SELECT t.id, t....')
#1 {main}

Error at 2026-03-28 15:44:56
Message: Table 'zoe_pos_system_db.products' doesn't exist
Stack trace: #0 C:\Users\Asus\Downloads\Website\api\products.php(36): mysqli->query('SELECT p.id, p....')
#1 {main}

Error at 2026-03-28 15:44:56 (transactions.php)
Message: Table 'zoe_pos_system_db.transactions' doesn't exist
Stack trace: #0 C:\Users\Asus\Downloads\Website\api\transactions.php(38): mysqli->query('SELECT t.id, t....')
#1 {main}

Error at 2026-03-28 15:44:57
Message: Table 'zoe_pos_system_db.products' doesn't exist
Stack trace: #0 C:\Users\Asus\Downloads\Website\api\products.php(36): mysqli->query('SELECT p.id, p....')
#1 {main}

Error at 2026-03-28 15:44:57 (transactions.php)
Message: Table 'zoe_pos_system_db.transactions' doesn't exist
Stack trace: #0 C:\Users\Asus\Downloads\Website\api\transactions.php(38): mysqli->query('SELECT t.id, t....')
#1 {main}

Error at 2026-03-28 15:44:58
Message: Table 'zoe_pos_system_db.products' doesn't exist
Stack trace: #0 C:\Users\Asus\Downloads\Website\api\products.php(36): mysqli->query('SELECT p.id, p....')
#1 {main}

Error at 2026-03-28 15:44:58 (transactions.php)
Message: Table 'zoe_pos_system_db.transactions' doesn't exist
Stack trace: #0 C:\Users\Asus\Downloads\Website\api\transactions.php(38): mysqli->query('SELECT t.id, t....')
#1 {main}

Error at 2026-03-28 15:44:59
Message: Table 'zoe_pos_system_db.products' doesn't exist
Stack trace: #0 C:\Users\Asus\Downloads\Website\api\products.php(36): mysqli->query('SELECT p.id, p....')
#1 {main}

Error at 2026-03-28 15:44:59 (transactions.php)
Message: Table 'zoe_pos_system_db.transactions' doesn't exist
Stack trace: #0 C:\Users\Asus\Downloads\Website\api\transactions.php(38): mysqli->query('SELECT t.id, t....')
#1 {main}

Error at 2026-03-28 15:45:00
Message: Table 'zoe_pos_system_db.products' doesn't exist
Stack trace: #0 C:\Users\Asus\Downloads\Website\api\products.php(36): mysqli->query('SELECT p.id, p....')
#1 {main}

Error at 2026-03-28 15:45:00 (transactions.php)
Message: Table 'zoe_pos_system_db.transactions' doesn't exist
Stack trace: #0 C:\Users\Asus\Downloads\Website\api\transactions.php(38): mysqli->query('SELECT t.id, t....')
#1 {main}

Error at 2026-03-28 15:45:01
Message: Table 'zoe_pos_system_db.products' doesn't exist
Stack trace: #0 C:\Users\Asus\Downloads\Website\api\products.php(36): mysqli->query('SELECT p.id, p....')
#1 {main}

Error at 2026-03-28 15:45:01 (transactions.php)
Message: Table 'zoe_pos_system_db.transactions' doesn't exist
Stack trace: #0 C:\Users\Asus\Downloads\Website\api\transactions.php(38): mysqli->query('SELECT t.id, t....')
#1 {main}

Error at 2026-03-28 15:45:02
Message: Table 'zoe_pos_system_db.products' doesn't exist
Stack trace: #0 C:\Users\Asus\Downloads\Website\api\products.php(36): mysqli->query('SELECT p.id, p....')
#1 {main}

Error at 2026-03-28 15:45:02 (transactions.php)
Message: Table 'zoe_pos_system_db.transactions' doesn't exist
Stack trace: #0 C:\Users\Asus\Downloads\Website\api\transactions.php(38): mysqli->query('SELECT t.id, t....')
#1 {main}

Error at 2026-03-28 15:45:04
Message: Table 'zoe_pos_system_db.products' doesn't exist
Stack trace: #0 C:\Users\Asus\Downloads\Website\api\products.php(36): mysqli->query('SELECT p.id, p....')
#1 {main}

Error at 2026-03-28 15:45:04 (transactions.php)
Message: Table 'zoe_pos_system_db.transactions' doesn't exist
Stack trace: #0 C:\Users\Asus\Downloads\Website\api\transactions.php(38): mysqli->query('SELECT t.id, t....')
#1 {main}

Error at 2026-03-28 15:45:04
Message: Table 'zoe_pos_system_db.products' doesn't exist
Stack trace: #0 C:\Users\Asus\Downloads\Website\api\products.php(36): mysqli->query('SELECT p.id, p....')
#1 {main}

Error at 2026-03-28 15:45:04 (transactions.php)
Message: Table 'zoe_pos_system_db.transactions' doesn't exist
Stack trace: #0 C:\Users\Asus\Downloads\Website\api\transactions.php(38): mysqli->query('SELECT t.id, t....')
#1 {main}

Error at 2026-03-28 15:45:06
Message: Table 'zoe_pos_system_db.products' doesn't exist
Stack trace: #0 C:\Users\Asus\Downloads\Website\api\products.php(36): mysqli->query('SELECT p.id, p....')
#1 {main}

Error at 2026-03-28 15:45:06 (transactions.php)
Message: Table 'zoe_pos_system_db.transactions' doesn't exist
Stack trace: #0 C:\Users\Asus\Downloads\Website\api\transactions.php(38): mysqli->query('SELECT t.id, t....')
#1 {main}

Error at 2026-03-28 15:45:06
Message: Table 'zoe_pos_system_db.products' doesn't exist
Stack trace: #0 C:\Users\Asus\Downloads\Website\api\products.php(36): mysqli->query('SELECT p.id, p....')
#1 {main}

Error at 2026-03-28 15:45:06 (transactions.php)
Message: Table 'zoe_pos_system_db.transactions' doesn't exist
Stack trace: #0 C:\Users\Asus\Downloads\Website\api\transactions.php(38): mysqli->query('SELECT t.id, t....')
#1 {main}

Error at 2026-03-28 15:45:07
Message: Table 'zoe_pos_system_db.products' doesn't exist
Stack trace: #0 C:\Users\Asus\Downloads\Website\api\products.php(36): mysqli->query('SELECT p.id, p....')
#1 {main}

Error at 2026-03-28 15:45:08 (transactions.php)
Message: Table 'zoe_pos_system_db.transactions' doesn't exist
Stack trace: #0 C:\Users\Asus\Downloads\Website\api\transactions.php(38): mysqli->query('SELECT t.id, t....')
#1 {main}

Error at 2026-03-28 15:45:08
Message: Table 'zoe_pos_system_db.products' doesn't exist
Stack trace: #0 C:\Users\Asus\Downloads\Website\api\products.php(36): mysqli->query('SELECT p.id, p....')
#1 {main}

Error at 2026-03-28 15:45:08 (transactions.php)
Message: Table 'zoe_pos_system_db.transactions' doesn't exist
Stack trace: #0 C:\Users\Asus\Downloads\Website\api\transactions.php(38): mysqli->query('SELECT t.id, t....')
#1 {main}

Error at 2026-03-28 15:45:09
Message: Table 'zoe_pos_system_db.products' doesn't exist
Stack trace: #0 C:\Users\Asus\Downloads\Website\api\products.php(36): mysqli->query('SELECT p.id, p....')
#1 {main}

Error at 2026-03-28 15:45:09 (transactions.php)
Message: Table 'zoe_pos_system_db.transactions' doesn't exist
Stack trace: #0 C:\Users\Asus\Downloads\Website\api\transactions.php(38): mysqli->query('SELECT t.id, t....')
#1 {main}

Error at 2026-03-28 15:45:10
Message: Table 'zoe_pos_system_db.products' doesn't exist
Stack trace: #0 C:\Users\Asus\Downloads\Website\api\products.php(36): mysqli->query('SELECT p.id, p....')
#1 {main}

Error at 2026-03-28 15:45:10 (transactions.php)
Message: Table 'zoe_pos_system_db.transactions' doesn't exist
Stack trace: #0 C:\Users\Asus\Downloads\Website\api\transactions.php(38): mysqli->query('SELECT t.id, t....')
#1 {main}

Error at 2026-03-28 15:45:11
Message: Table 'zoe_pos_system_db.products' doesn't exist
Stack trace: #0 C:\Users\Asus\Downloads\Website\api\products.php(36): mysqli->query('SELECT p.id, p....')
#1 {main}

Error at 2026-03-28 15:45:12 (transactions.php)
Message: Table 'zoe_pos_system_db.transactions' doesn't exist
Stack trace: #0 C:\Users\Asus\Downloads\Website\api\transactions.php(38): mysqli->query('SELECT t.id, t....')
#1 {main}

Error at 2026-03-28 15:45:12
Message: Table 'zoe_pos_system_db.products' doesn't exist
Stack trace: #0 C:\Users\Asus\Downloads\Website\api\products.php(36): mysqli->query('SELECT p.id, p....')
#1 {main}

Error at 2026-03-28 15:45:12 (transactions.php)
Message: Table 'zoe_pos_system_db.transactions' doesn't exist
Stack trace: #0 C:\Users\Asus\Downloads\Website\api\transactions.php(38): mysqli->query('SELECT t.id, t....')
#1 {main}

Error at 2026-03-28 15:45:13
Message: Table 'zoe_pos_system_db.products' doesn't exist
Stack trace: #0 C:\Users\Asus\Downloads\Website\api\products.php(36): mysqli->query('SELECT p.id, p....')
#1 {main}

Error at 2026-03-28 15:45:14 (transactions.php)
Message: Table 'zoe_pos_system_db.transactions' doesn't exist
Stack trace: #0 C:\Users\Asus\Downloads\Website\api\transactions.php(38): mysqli->query('SELECT t.id, t....')
#1 {main}

Error at 2026-03-28 15:45:14
Message: Table 'zoe_pos_system_db.products' doesn't exist
Stack trace: #0 C:\Users\Asus\Downloads\Website\api\products.php(36): mysqli->query('SELECT p.id, p....')
#1 {main}

Error at 2026-03-28 15:45:15 (transactions.php)
Message: Table 'zoe_pos_system_db.transactions' doesn't exist
Stack trace: #0 C:\Users\Asus\Downloads\Website\api\transactions.php(38): mysqli->query('SELECT t.id, t....')
#1 {main}

Error at 2026-03-28 15:45:15
Message: Table 'zoe_pos_system_db.products' doesn't exist
Stack trace: #0 C:\Users\Asus\Downloads\Website\api\products.php(36): mysqli->query('SELECT p.id, p....')
#1 {main}

Error at 2026-03-28 15:45:15 (transactions.php)
Message: Table 'zoe_pos_system_db.transactions' doesn't exist
Stack trace: #0 C:\Users\Asus\Downloads\Website\api\transactions.php(38): mysqli->query('SELECT t.id, t....')
#1 {main}

Error at 2026-03-28 15:45:16
Message: Table 'zoe_pos_system_db.products' doesn't exist
Stack trace: #0 C:\Users\Asus\Downloads\Website\api\products.php(36): mysqli->query('SELECT p.id, p....')
#1 {main}

Error at 2026-03-28 15:45:17 (transactions.php)
Message: Table 'zoe_pos_system_db.transactions' doesn't exist
Stack trace: #0 C:\Users\Asus\Downloads\Website\api\transactions.php(38): mysqli->query('SELECT t.id, t....')
#1 {main}

Error at 2026-03-28 15:45:17
Message: Table 'zoe_pos_system_db.products' doesn't exist
Stack trace: #0 C:\Users\Asus\Downloads\Website\api\products.php(36): mysqli->query('SELECT p.id, p....')
#1 {main}

Error at 2026-03-28 15:45:17 (transactions.php)
Message: Table 'zoe_pos_system_db.transactions' doesn't exist
Stack trace: #0 C:\Users\Asus\Downloads\Website\api\transactions.php(38): mysqli->query('SELECT t.id, t....')
#1 {main}

Error at 2026-03-28 15:45:18
Message: Table 'zoe_pos_system_db.products' doesn't exist
Stack trace: #0 C:\Users\Asus\Downloads\Website\api\products.php(36): mysqli->query('SELECT p.id, p....')
#1 {main}

Error at 2026-03-28 15:45:18 (transactions.php)
Message: Table 'zoe_pos_system_db.transactions' doesn't exist
Stack trace: #0 C:\Users\Asus\Downloads\Website\api\transactions.php(38): mysqli->query('SELECT t.id, t....')
#1 {main}

Error at 2026-03-28 15:45:19
Message: Table 'zoe_pos_system_db.products' doesn't exist
Stack trace: #0 C:\Users\Asus\Downloads\Website\api\products.php(36): mysqli->query('SELECT p.id, p....')
#1 {main}

Error at 2026-03-28 15:45:19 (transactions.php)
Message: Table 'zoe_pos_system_db.transactions' doesn't exist
Stack trace: #0 C:\Users\Asus\Downloads\Website\api\transactions.php(38): mysqli->query('SELECT t.id, t....')
#1 {main}

Error at 2026-03-28 15:45:20
Message: Table 'zoe_pos_system_db.products' doesn't exist
Stack trace: #0 C:\Users\Asus\Downloads\Website\api\products.php(36): mysqli->query('SELECT p.id, p....')
#1 {main}

Error at 2026-03-28 15:45:21 (transactions.php)
Message: Table 'zoe_pos_system_db.transactions' doesn't exist
Stack trace: #0 C:\Users\Asus\Downloads\Website\api\transactions.php(38): mysqli->query('SELECT t.id, t....')
#1 {main}

Error at 2026-03-28 15:45:21
Message: Table 'zoe_pos_system_db.products' doesn't exist
Stack trace: #0 C:\Users\Asus\Downloads\Website\api\products.php(36): mysqli->query('SELECT p.id, p....')
#1 {main}

Error at 2026-03-28 15:45:21 (transactions.php)
Message: Table 'zoe_pos_system_db.transactions' doesn't exist
Stack trace: #0 C:\Users\Asus\Downloads\Website\api\transactions.php(38): mysqli->query('SELECT t.id, t....')
#1 {main}

Error at 2026-03-28 15:45:22
Message: Table 'zoe_pos_system_db.products' doesn't exist
Stack trace: #0 C:\Users\Asus\Downloads\Website\api\products.php(36): mysqli->query('SELECT p.id, p....')
#1 {main}

Error at 2026-03-28 15:45:22 (transactions.php)
Message: Table 'zoe_pos_system_db.transactions' doesn't exist
Stack trace: #0 C:\Users\Asus\Downloads\Website\api\transactions.php(38): mysqli->query('SELECT t.id, t....')
#1 {main}

Error at 2026-03-28 15:45:23
Message: Table 'zoe_pos_system_db.products' doesn't exist
Stack trace: #0 C:\Users\Asus\Downloads\Website\api\products.php(36): mysqli->query('SELECT p.id, p....')
#1 {main}

Error at 2026-03-28 15:45:23 (transactions.php)
Message: Table 'zoe_pos_system_db.transactions' doesn't exist
Stack trace: #0 C:\Users\Asus\Downloads\Website\api\transactions.php(38): mysqli->query('SELECT t.id, t....')
#1 {main}

Error at 2026-03-28 15:45:24
Message: Table 'zoe_pos_system_db.products' doesn't exist
Stack trace: #0 C:\Users\Asus\Downloads\Website\api\products.php(36): mysqli->query('SELECT p.id, p....')
#1 {main}

Error at 2026-03-28 15:45:24 (transactions.php)
Message: Table 'zoe_pos_system_db.transactions' doesn't exist
Stack trace: #0 C:\Users\Asus\Downloads\Website\api\transactions.php(38): mysqli->query('SELECT t.id, t....')
#1 {main}

Error at 2026-03-28 15:45:25 (transactions.php)
Message: Table 'zoe_pos_system_db.transactions' doesn't exist
Stack trace: #0 C:\Users\Asus\Downloads\Website\api\transactions.php(38): mysqli->query('SELECT t.id, t....')
#1 {main}

Error at 2026-03-28 15:45:25
Message: Table 'zoe_pos_system_db.products' doesn't exist
Stack trace: #0 C:\Users\Asus\Downloads\Website\api\products.php(36): mysqli->query('SELECT p.id, p....')
#1 {main}

Error at 2026-03-28 15:45:25
Message: Table 'zoe_pos_system_db.products' doesn't exist
Stack trace: #0 C:\Users\Asus\Downloads\Website\api\products.php(36): mysqli->query('SELECT p.id, p....')
#1 {main}

Error at 2026-03-28 15:45:25 (transactions.php)
Message: Table 'zoe_pos_system_db.transactions' doesn't exist
Stack trace: #0 C:\Users\Asus\Downloads\Website\api\transactions.php(38): mysqli->query('SELECT t.id, t....')
#1 {main}

Error at 2026-03-28 15:45:26 (transactions.php)
Message: Table 'zoe_pos_system_db.transactions' doesn't exist
Stack trace: #0 C:\Users\Asus\Downloads\Website\api\transactions.php(38): mysqli->query('SELECT t.id, t....')
#1 {main}

Error at 2026-03-28 15:45:26
Message: Table 'zoe_pos_system_db.products' doesn't exist
Stack trace: #0 C:\Users\Asus\Downloads\Website\api\products.php(36): mysqli->query('SELECT p.id, p....')
#1 {main}

Error at 2026-03-28 15:45:26
Message: Table 'zoe_pos_system_db.products' doesn't exist
Stack trace: #0 C:\Users\Asus\Downloads\Website\api\products.php(36): mysqli->query('SELECT p.id, p....')
#1 {main}

Error at 2026-03-28 15:45:26 (transactions.php)
Message: Table 'zoe_pos_system_db.transactions' doesn't exist
Stack trace: #0 C:\Users\Asus\Downloads\Website\api\transactions.php(38): mysqli->query('SELECT t.id, t....')
#1 {main}

Error at 2026-03-28 15:45:26 (transactions.php)
Message: Table 'zoe_pos_system_db.transactions' doesn't exist
Stack trace: #0 C:\Users\Asus\Downloads\Website\api\transactions.php(38): mysqli->query('SELECT t.id, t....')
#1 {main}

Error at 2026-03-28 15:45:27
Message: Table 'zoe_pos_system_db.products' doesn't exist
Stack trace: #0 C:\Users\Asus\Downloads\Website\api\products.php(36): mysqli->query('SELECT p.id, p....')
#1 {main}

Error at 2026-03-28 15:45:27 (transactions.php)
Message: Table 'zoe_pos_system_db.transactions' doesn't exist
Stack trace: #0 C:\Users\Asus\Downloads\Website\api\transactions.php(38): mysqli->query('SELECT t.id, t....')
#1 {main}

Error at 2026-03-28 15:45:27
Message: Table 'zoe_pos_system_db.products' doesn't exist
Stack trace: #0 C:\Users\Asus\Downloads\Website\api\products.php(36): mysqli->query('SELECT p.id, p....')
#1 {main}

Error at 2026-03-28 15:45:27 (transactions.php)
Message: Table 'zoe_pos_system_db.transactions' doesn't exist
Stack trace: #0 C:\Users\Asus\Downloads\Website\api\transactions.php(38): mysqli->query('SELECT t.id, t....')
#1 {main}

Error at 2026-03-28 15:45:28
Message: Table 'zoe_pos_system_db.products' doesn't exist
Stack trace: #0 C:\Users\Asus\Downloads\Website\api\products.php(36): mysqli->query('SELECT p.id, p....')
#1 {main}

Error at 2026-03-28 15:45:28
Message: Table 'zoe_pos_system_db.products' doesn't exist
Stack trace: #0 C:\Users\Asus\Downloads\Website\api\products.php(36): mysqli->query('SELECT p.id, p....')
#1 {main}

Error at 2026-03-28 15:45:28 (transactions.php)
Message: Table 'zoe_pos_system_db.transactions' doesn't exist
Stack trace: #0 C:\Users\Asus\Downloads\Website\api\transactions.php(38): mysqli->query('SELECT t.id, t....')
#1 {main}

Error at 2026-03-28 15:45:28 (transactions.php)
Message: Table 'zoe_pos_system_db.transactions' doesn't exist
Stack trace: #0 C:\Users\Asus\Downloads\Website\api\transactions.php(38): mysqli->query('SELECT t.id, t....')
#1 {main}

Error at 2026-03-28 15:45:29
Message: Table 'zoe_pos_system_db.products' doesn't exist
Stack trace: #0 C:\Users\Asus\Downloads\Website\api\products.php(36): mysqli->query('SELECT p.id, p....')
#1 {main}

Error at 2026-03-28 15:45:29 (transactions.php)
Message: Table 'zoe_pos_system_db.transactions' doesn't exist
Stack trace: #0 C:\Users\Asus\Downloads\Website\api\transactions.php(38): mysqli->query('SELECT t.id, t....')
#1 {main}

Error at 2026-03-28 15:45:29
Message: Table 'zoe_pos_system_db.products' doesn't exist
Stack trace: #0 C:\Users\Asus\Downloads\Website\api\products.php(36): mysqli->query('SELECT p.id, p....')
#1 {main}

Error at 2026-03-28 15:45:29 (transactions.php)
Message: Table 'zoe_pos_system_db.transactions' doesn't exist
Stack trace: #0 C:\Users\Asus\Downloads\Website\api\transactions.php(38): mysqli->query('SELECT t.id, t....')
#1 {main}

Error at 2026-03-28 15:45:30
Message: Table 'zoe_pos_system_db.products' doesn't exist
Stack trace: #0 C:\Users\Asus\Downloads\Website\api\products.php(36): mysqli->query('SELECT p.id, p....')
#1 {main}

Error at 2026-03-28 15:45:31 (transactions.php)
Message: Table 'zoe_pos_system_db.transactions' doesn't exist
Stack trace: #0 C:\Users\Asus\Downloads\Website\api\transactions.php(38): mysqli->query('SELECT t.id, t....')
#1 {main}

Error at 2026-03-28 15:45:31
Message: Table 'zoe_pos_system_db.products' doesn't exist
Stack trace: #0 C:\Users\Asus\Downloads\Website\api\products.php(36): mysqli->query('SELECT p.id, p....')
#1 {main}

Error at 2026-03-28 15:45:31 (transactions.php)
Message: Table 'zoe_pos_system_db.transactions' doesn't exist
Stack trace: #0 C:\Users\Asus\Downloads\Website\api\transactions.php(38): mysqli->query('SELECT t.id, t....')
#1 {main}

Error at 2026-03-28 15:45:31
Message: Table 'zoe_pos_system_db.products' doesn't exist
Stack trace: #0 C:\Users\Asus\Downloads\Website\api\products.php(36): mysqli->query('SELECT p.id, p....')
#1 {main}

Error at 2026-03-28 15:45:31 (transactions.php)
Message: Table 'zoe_pos_system_db.transactions' doesn't exist
Stack trace: #0 C:\Users\Asus\Downloads\Website\api\transactions.php(38): mysqli->query('SELECT t.id, t....')
#1 {main}

Error at 2026-03-28 15:45:32
Message: Table 'zoe_pos_system_db.products' doesn't exist
Stack trace: #0 C:\Users\Asus\Downloads\Website\api\products.php(36): mysqli->query('SELECT p.id, p....')
#1 {main}

Error at 2026-03-28 15:45:32 (transactions.php)
Message: Table 'zoe_pos_system_db.transactions' doesn't exist
Stack trace: #0 C:\Users\Asus\Downloads\Website\api\transactions.php(38): mysqli->query('SELECT t.id, t....')
#1 {main}

Error at 2026-03-28 15:45:32
Message: Table 'zoe_pos_system_db.products' doesn't exist
Stack trace: #0 C:\Users\Asus\Downloads\Website\api\products.php(36): mysqli->query('SELECT p.id, p....')
#1 {main}

Error at 2026-03-28 15:45:32 (transactions.php)
Message: Table 'zoe_pos_system_db.transactions' doesn't exist
Stack trace: #0 C:\Users\Asus\Downloads\Website\api\transactions.php(38): mysqli->query('SELECT t.id, t....')
#1 {main}

Error at 2026-03-28 15:45:33
Message: Table 'zoe_pos_system_db.products' doesn't exist
Stack trace: #0 C:\Users\Asus\Downloads\Website\api\products.php(36): mysqli->query('SELECT p.id, p....')
#1 {main}

Error at 2026-03-28 15:45:33 (transactions.php)
Message: Table 'zoe_pos_system_db.transactions' doesn't exist
Stack trace: #0 C:\Users\Asus\Downloads\Website\api\transactions.php(38): mysqli->query('SELECT t.id, t....')
#1 {main}

Error at 2026-03-28 15:45:33
Message: Table 'zoe_pos_system_db.products' doesn't exist
Stack trace: #0 C:\Users\Asus\Downloads\Website\api\products.php(36): mysqli->query('SELECT p.id, p....')
#1 {main}

Error at 2026-03-28 15:45:33 (transactions.php)
Message: Table 'zoe_pos_system_db.transactions' doesn't exist
Stack trace: #0 C:\Users\Asus\Downloads\Website\api\transactions.php(38): mysqli->query('SELECT t.id, t....')
#1 {main}

Error at 2026-03-28 15:45:34
Message: Table 'zoe_pos_system_db.products' doesn't exist
Stack trace: #0 C:\Users\Asus\Downloads\Website\api\products.php(36): mysqli->query('SELECT p.id, p....')
#1 {main}

Error at 2026-03-28 15:45:34 (transactions.php)
Message: Table 'zoe_pos_system_db.transactions' doesn't exist
Stack trace: #0 C:\Users\Asus\Downloads\Website\api\transactions.php(38): mysqli->query('SELECT t.id, t....')
#1 {main}

Error at 2026-03-28 15:45:34
Message: Table 'zoe_pos_system_db.products' doesn't exist
Stack trace: #0 C:\Users\Asus\Downloads\Website\api\products.php(36): mysqli->query('SELECT p.id, p....')
#1 {main}

Error at 2026-03-28 15:45:34 (transactions.php)
Message: Table 'zoe_pos_system_db.transactions' doesn't exist
Stack trace: #0 C:\Users\Asus\Downloads\Website\api\transactions.php(38): mysqli->query('SELECT t.id, t....')
#1 {main}

Error at 2026-03-28 15:45:35
Message: Table 'zoe_pos_system_db.products' doesn't exist
Stack trace: #0 C:\Users\Asus\Downloads\Website\api\products.php(36): mysqli->query('SELECT p.id, p....')
#1 {main}

Error at 2026-03-28 15:45:35 (transactions.php)
Message: Table 'zoe_pos_system_db.transactions' doesn't exist
Stack trace: #0 C:\Users\Asus\Downloads\Website\api\transactions.php(38): mysqli->query('SELECT t.id, t....')
#1 {main}

Error at 2026-03-28 15:45:35
Message: Table 'zoe_pos_system_db.products' doesn't exist
Stack trace: #0 C:\Users\Asus\Downloads\Website\api\products.php(36): mysqli->query('SELECT p.id, p....')
#1 {main}

Error at 2026-03-28 15:45:35 (transactions.php)
Message: Table 'zoe_pos_system_db.transactions' doesn't exist
Stack trace: #0 C:\Users\Asus\Downloads\Website\api\transactions.php(38): mysqli->query('SELECT t.id, t....')
#1 {main}

Error at 2026-03-28 15:45:36
Message: Table 'zoe_pos_system_db.products' doesn't exist
Stack trace: #0 C:\Users\Asus\Downloads\Website\api\products.php(36): mysqli->query('SELECT p.id, p....')
#1 {main}

Error at 2026-03-28 15:45:36 (transactions.php)
Message: Table 'zoe_pos_system_db.transactions' doesn't exist
Stack trace: #0 C:\Users\Asus\Downloads\Website\api\transactions.php(38): mysqli->query('SELECT t.id, t....')
#1 {main}

Error at 2026-03-28 15:45:36
Message: Table 'zoe_pos_system_db.products' doesn't exist
Stack trace: #0 C:\Users\Asus\Downloads\Website\api\products.php(36): mysqli->query('SELECT p.id, p....')
#1 {main}

Error at 2026-03-28 15:45:36 (transactions.php)
Message: Table 'zoe_pos_system_db.transactions' doesn't exist
Stack trace: #0 C:\Users\Asus\Downloads\Website\api\transactions.php(38): mysqli->query('SELECT t.id, t....')
#1 {main}

Error at 2026-03-28 15:45:37
Message: Table 'zoe_pos_system_db.products' doesn't exist
Stack trace: #0 C:\Users\Asus\Downloads\Website\api\products.php(36): mysqli->query('SELECT p.id, p....')
#1 {main}

Error at 2026-03-28 15:45:37 (transactions.php)
Message: Table 'zoe_pos_system_db.transactions' doesn't exist
Stack trace: #0 C:\Users\Asus\Downloads\Website\api\transactions.php(38): mysqli->query('SELECT t.id, t....')
#1 {main}

Error at 2026-03-28 15:45:37
Message: Table 'zoe_pos_system_db.products' doesn't exist
Stack trace: #0 C:\Users\Asus\Downloads\Website\api\products.php(36): mysqli->query('SELECT p.id, p....')
#1 {main}

Error at 2026-03-28 15:45:37 (transactions.php)
Message: Table 'zoe_pos_system_db.transactions' doesn't exist
Stack trace: #0 C:\Users\Asus\Downloads\Website\api\transactions.php(38): mysqli->query('SELECT t.id, t....')
#1 {main}

Error at 2026-03-28 15:45:38
Message: Table 'zoe_pos_system_db.products' doesn't exist
Stack trace: #0 C:\Users\Asus\Downloads\Website\api\products.php(36): mysqli->query('SELECT p.id, p....')
#1 {main}

Error at 2026-03-28 15:45:38 (transactions.php)
Message: Table 'zoe_pos_system_db.transactions' doesn't exist
Stack trace: #0 C:\Users\Asus\Downloads\Website\api\transactions.php(38): mysqli->query('SELECT t.id, t....')
#1 {main}

Error at 2026-03-28 15:45:38
Message: Table 'zoe_pos_system_db.products' doesn't exist
Stack trace: #0 C:\Users\Asus\Downloads\Website\api\products.php(36): mysqli->query('SELECT p.id, p....')
#1 {main}

Error at 2026-03-28 15:45:39 (transactions.php)
Message: Table 'zoe_pos_system_db.transactions' doesn't exist
Stack trace: #0 C:\Users\Asus\Downloads\Website\api\transactions.php(38): mysqli->query('SELECT t.id, t....')
#1 {main}

Error at 2026-03-28 15:45:39
Message: Table 'zoe_pos_system_db.products' doesn't exist
Stack trace: #0 C:\Users\Asus\Downloads\Website\api\products.php(36): mysqli->query('SELECT p.id, p....')
#1 {main}

Error at 2026-03-28 15:45:39 (transactions.php)
Message: Table 'zoe_pos_system_db.transactions' doesn't exist
Stack trace: #0 C:\Users\Asus\Downloads\Website\api\transactions.php(38): mysqli->query('SELECT t.id, t....')
#1 {main}

Error at 2026-03-28 15:45:39
Message: Table 'zoe_pos_system_db.products' doesn't exist
Stack trace: #0 C:\Users\Asus\Downloads\Website\api\products.php(36): mysqli->query('SELECT p.id, p....')
#1 {main}

Error at 2026-03-28 15:45:39 (transactions.php)
Message: Table 'zoe_pos_system_db.transactions' doesn't exist
Stack trace: #0 C:\Users\Asus\Downloads\Website\api\transactions.php(38): mysqli->query('SELECT t.id, t....')
#1 {main}

Error at 2026-03-28 15:45:39
Message: Table 'zoe_pos_system_db.products' doesn't exist
Stack trace: #0 C:\Users\Asus\Downloads\Website\api\products.php(36): mysqli->query('SELECT p.id, p....')
#1 {main}

Error at 2026-03-28 15:45:39 (transactions.php)
Message: Table 'zoe_pos_system_db.transactions' doesn't exist
Stack trace: #0 C:\Users\Asus\Downloads\Website\api\transactions.php(38): mysqli->query('SELECT t.id, t....')
#1 {main}

Error at 2026-03-28 15:45:40 (transactions.php)
Message: Table 'zoe_pos_system_db.transactions' doesn't exist
Stack trace: #0 C:\Users\Asus\Downloads\Website\api\transactions.php(38): mysqli->query('SELECT t.id, t....')
#1 {main}

Error at 2026-03-28 15:45:40
Message: Table 'zoe_pos_system_db.products' doesn't exist
Stack trace: #0 C:\Users\Asus\Downloads\Website\api\products.php(36): mysqli->query('SELECT p.id, p....')
#1 {main}

Error at 2026-03-28 15:45:40
Message: Table 'zoe_pos_system_db.products' doesn't exist
Stack trace: #0 C:\Users\Asus\Downloads\Website\api\products.php(36): mysqli->query('SELECT p.id, p....')
#1 {main}

Error at 2026-03-28 15:45:40 (transactions.php)
Message: Table 'zoe_pos_system_db.transactions' doesn't exist
Stack trace: #0 C:\Users\Asus\Downloads\Website\api\transactions.php(38): mysqli->query('SELECT t.id, t....')
#1 {main}

Error at 2026-03-28 15:45:41
Message: Table 'zoe_pos_system_db.products' doesn't exist
Stack trace: #0 C:\Users\Asus\Downloads\Website\api\products.php(36): mysqli->query('SELECT p.id, p....')
#1 {main}

Error at 2026-03-28 15:45:41 (transactions.php)
Message: Table 'zoe_pos_system_db.transactions' doesn't exist
Stack trace: #0 C:\Users\Asus\Downloads\Website\api\transactions.php(38): mysqli->query('SELECT t.id, t....')
#1 {main}

Error at 2026-03-28 15:45:41
Message: Table 'zoe_pos_system_db.products' doesn't exist
Stack trace: #0 C:\Users\Asus\Downloads\Website\api\products.php(36): mysqli->query('SELECT p.id, p....')
#1 {main}

Error at 2026-03-28 15:45:42 (transactions.php)
Message: Table 'zoe_pos_system_db.transactions' doesn't exist
Stack trace: #0 C:\Users\Asus\Downloads\Website\api\transactions.php(38): mysqli->query('SELECT t.id, t....')
#1 {main}

Error at 2026-03-28 15:45:42
Message: Table 'zoe_pos_system_db.products' doesn't exist
Stack trace: #0 C:\Users\Asus\Downloads\Website\api\products.php(36): mysqli->query('SELECT p.id, p....')
#1 {main}

Error at 2026-03-28 15:45:42 (transactions.php)
Message: Table 'zoe_pos_system_db.transactions' doesn't exist
Stack trace: #0 C:\Users\Asus\Downloads\Website\api\transactions.php(38): mysqli->query('SELECT t.id, t....')
#1 {main}

Error at 2026-03-28 15:45:42
Message: Table 'zoe_pos_system_db.products' doesn't exist
Stack trace: #0 C:\Users\Asus\Downloads\Website\api\products.php(36): mysqli->query('SELECT p.id, p....')
#1 {main}

Error at 2026-03-28 15:45:42 (transactions.php)
Message: Table 'zoe_pos_system_db.transactions' doesn't exist
Stack trace: #0 C:\Users\Asus\Downloads\Website\api\transactions.php(38): mysqli->query('SELECT t.id, t....')
#1 {main}

Error at 2026-03-28 15:45:43
Message: Table 'zoe_pos_system_db.products' doesn't exist
Stack trace: #0 C:\Users\Asus\Downloads\Website\api\products.php(36): mysqli->query('SELECT p.id, p....')
#1 {main}

Error at 2026-03-28 15:45:43 (transactions.php)
Message: Table 'zoe_pos_system_db.transactions' doesn't exist
Stack trace: #0 C:\Users\Asus\Downloads\Website\api\transactions.php(38): mysqli->query('SELECT t.id, t....')
#1 {main}

Error at 2026-03-28 15:45:43
Message: Table 'zoe_pos_system_db.products' doesn't exist
Stack trace: #0 C:\Users\Asus\Downloads\Website\api\products.php(36): mysqli->query('SELECT p.id, p....')
#1 {main}

Error at 2026-03-28 15:45:43 (transactions.php)
Message: Table 'zoe_pos_system_db.transactions' doesn't exist
Stack trace: #0 C:\Users\Asus\Downloads\Website\api\transactions.php(38): mysqli->query('SELECT t.id, t....')
#1 {main}

Error at 2026-03-28 15:45:44
Message: Table 'zoe_pos_system_db.products' doesn't exist
Stack trace: #0 C:\Users\Asus\Downloads\Website\api\products.php(36): mysqli->query('SELECT p.id, p....')
#1 {main}

Error at 2026-03-28 15:45:44 (transactions.php)
Message: Table 'zoe_pos_system_db.transactions' doesn't exist
Stack trace: #0 C:\Users\Asus\Downloads\Website\api\transactions.php(38): mysqli->query('SELECT t.id, t....')
#1 {main}

Error at 2026-03-28 15:45:44
Message: Table 'zoe_pos_system_db.products' doesn't exist
Stack trace: #0 C:\Users\Asus\Downloads\Website\api\products.php(36): mysqli->query('SELECT p.id, p....')
#1 {main}

Error at 2026-03-28 15:45:44 (transactions.php)
Message: Table 'zoe_pos_system_db.transactions' doesn't exist
Stack trace: #0 C:\Users\Asus\Downloads\Website\api\transactions.php(38): mysqli->query('SELECT t.id, t....')
#1 {main}

Error at 2026-03-28 15:45:45
Message: Table 'zoe_pos_system_db.products' doesn't exist
Stack trace: #0 C:\Users\Asus\Downloads\Website\api\products.php(36): mysqli->query('SELECT p.id, p....')
#1 {main}

Error at 2026-03-28 15:45:45 (transactions.php)
Message: Table 'zoe_pos_system_db.transactions' doesn't exist
Stack trace: #0 C:\Users\Asus\Downloads\Website\api\transactions.php(38): mysqli->query('SELECT t.id, t....')
#1 {main}

Error at 2026-03-28 15:45:45
Message: Table 'zoe_pos_system_db.products' doesn't exist
Stack trace: #0 C:\Users\Asus\Downloads\Website\api\products.php(36): mysqli->query('SELECT p.id, p....')
#1 {main}

Error at 2026-03-28 15:45:45 (transactions.php)
Message: Table 'zoe_pos_system_db.transactions' doesn't exist
Stack trace: #0 C:\Users\Asus\Downloads\Website\api\transactions.php(38): mysqli->query('SELECT t.id, t....')
#1 {main}

Error at 2026-03-28 15:45:46
Message: Table 'zoe_pos_system_db.products' doesn't exist
Stack trace: #0 C:\Users\Asus\Downloads\Website\api\products.php(36): mysqli->query('SELECT p.id, p....')
#1 {main}

Error at 2026-03-28 15:45:46 (transactions.php)
Message: Table 'zoe_pos_system_db.transactions' doesn't exist
Stack trace: #0 C:\Users\Asus\Downloads\Website\api\transactions.php(38): mysqli->query('SELECT t.id, t....')
#1 {main}

Error at 2026-03-28 15:45:46
Message: Table 'zoe_pos_system_db.products' doesn't exist
Stack trace: #0 C:\Users\Asus\Downloads\Website\api\products.php(36): mysqli->query('SELECT p.id, p....')
#1 {main}

Error at 2026-03-28 15:45:46 (transactions.php)
Message: Table 'zoe_pos_system_db.transactions' doesn't exist
Stack trace: #0 C:\Users\Asus\Downloads\Website\api\transactions.php(38): mysqli->query('SELECT t.id, t....')
#1 {main}

Error at 2026-03-28 15:45:47
Message: Table 'zoe_pos_system_db.products' doesn't exist
Stack trace: #0 C:\Users\Asus\Downloads\Website\api\products.php(36): mysqli->query('SELECT p.id, p....')
#1 {main}

Error at 2026-03-28 15:45:47 (transactions.php)
Message: Table 'zoe_pos_system_db.transactions' doesn't exist
Stack trace: #0 C:\Users\Asus\Downloads\Website\api\transactions.php(38): mysqli->query('SELECT t.id, t....')
#1 {main}

Error at 2026-03-28 15:45:47
Message: Table 'zoe_pos_system_db.products' doesn't exist
Stack trace: #0 C:\Users\Asus\Downloads\Website\api\products.php(36): mysqli->query('SELECT p.id, p....')
#1 {main}

Error at 2026-03-28 15:45:47 (transactions.php)
Message: Table 'zoe_pos_system_db.transactions' doesn't exist
Stack trace: #0 C:\Users\Asus\Downloads\Website\api\transactions.php(38): mysqli->query('SELECT t.id, t....')
#1 {main}

Error at 2026-03-28 15:45:48
Message: Table 'zoe_pos_system_db.products' doesn't exist
Stack trace: #0 C:\Users\Asus\Downloads\Website\api\products.php(36): mysqli->query('SELECT p.id, p....')
#1 {main}

Error at 2026-03-28 15:45:48 (transactions.php)
Message: Table 'zoe_pos_system_db.transactions' doesn't exist
Stack trace: #0 C:\Users\Asus\Downloads\Website\api\transactions.php(38): mysqli->query('SELECT t.id, t....')
#1 {main}

Error at 2026-03-28 15:45:48
Message: Table 'zoe_pos_system_db.products' doesn't exist
Stack trace: #0 C:\Users\Asus\Downloads\Website\api\products.php(36): mysqli->query('SELECT p.id, p....')
#1 {main}

Error at 2026-03-28 15:45:48 (transactions.php)
Message: Table 'zoe_pos_system_db.transactions' doesn't exist
Stack trace: #0 C:\Users\Asus\Downloads\Website\api\transactions.php(38): mysqli->query('SELECT t.id, t....')
#1 {main}

Error at 2026-03-28 15:45:49
Message: Table 'zoe_pos_system_db.products' doesn't exist
Stack trace: #0 C:\Users\Asus\Downloads\Website\api\products.php(36): mysqli->query('SELECT p.id, p....')
#1 {main}

Error at 2026-03-28 15:45:49 (transactions.php)
Message: Table 'zoe_pos_system_db.transactions' doesn't exist
Stack trace: #0 C:\Users\Asus\Downloads\Website\api\transactions.php(38): mysqli->query('SELECT t.id, t....')
#1 {main}

Error at 2026-03-28 15:45:49
Message: Table 'zoe_pos_system_db.products' doesn't exist
Stack trace: #0 C:\Users\Asus\Downloads\Website\api\products.php(36): mysqli->query('SELECT p.id, p....')
#1 {main}

Error at 2026-03-28 15:45:49 (transactions.php)
Message: Table 'zoe_pos_system_db.transactions' doesn't exist
Stack trace: #0 C:\Users\Asus\Downloads\Website\api\transactions.php(38): mysqli->query('SELECT t.id, t....')
#1 {main}

Error at 2026-03-28 15:45:50
Message: Table 'zoe_pos_system_db.products' doesn't exist
Stack trace: #0 C:\Users\Asus\Downloads\Website\api\products.php(36): mysqli->query('SELECT p.id, p....')
#1 {main}

Error at 2026-03-28 15:45:50 (transactions.php)
Message: Table 'zoe_pos_system_db.transactions' doesn't exist
Stack trace: #0 C:\Users\Asus\Downloads\Website\api\transactions.php(38): mysqli->query('SELECT t.id, t....')
#1 {main}

Error at 2026-03-28 15:45:50
Message: Table 'zoe_pos_system_db.products' doesn't exist
Stack trace: #0 C:\Users\Asus\Downloads\Website\api\products.php(36): mysqli->query('SELECT p.id, p....')
#1 {main}

Error at 2026-03-28 15:45:51 (transactions.php)
Message: Table 'zoe_pos_system_db.transactions' doesn't exist
Stack trace: #0 C:\Users\Asus\Downloads\Website\api\transactions.php(38): mysqli->query('SELECT t.id, t....')
#1 {main}

Error at 2026-03-28 15:45:51
Message: Table 'zoe_pos_system_db.products' doesn't exist
Stack trace: #0 C:\Users\Asus\Downloads\Website\api\products.php(36): mysqli->query('SELECT p.id, p....')
#1 {main}

Error at 2026-03-28 15:45:51 (transactions.php)
Message: Table 'zoe_pos_system_db.transactions' doesn't exist
Stack trace: #0 C:\Users\Asus\Downloads\Website\api\transactions.php(38): mysqli->query('SELECT t.id, t....')
#1 {main}

Error at 2026-03-28 15:45:51
Message: Table 'zoe_pos_system_db.products' doesn't exist
Stack trace: #0 C:\Users\Asus\Downloads\Website\api\products.php(36): mysqli->query('SELECT p.id, p....')
#1 {main}

Error at 2026-03-28 15:45:51 (transactions.php)
Message: Table 'zoe_pos_system_db.transactions' doesn't exist
Stack trace: #0 C:\Users\Asus\Downloads\Website\api\transactions.php(38): mysqli->query('SELECT t.id, t....')
#1 {main}

Error at 2026-03-28 15:45:52
Message: Table 'zoe_pos_system_db.products' doesn't exist
Stack trace: #0 C:\Users\Asus\Downloads\Website\api\products.php(36): mysqli->query('SELECT p.id, p....')
#1 {main}

Error at 2026-03-28 15:45:52 (transactions.php)
Message: Table 'zoe_pos_system_db.transactions' doesn't exist
Stack trace: #0 C:\Users\Asus\Downloads\Website\api\transactions.php(38): mysqli->query('SELECT t.id, t....')
#1 {main}

Error at 2026-03-28 15:45:52
Message: Table 'zoe_pos_system_db.products' doesn't exist
Stack trace: #0 C:\Users\Asus\Downloads\Website\api\products.php(36): mysqli->query('SELECT p.id, p....')
#1 {main}

Error at 2026-03-28 15:45:52 (transactions.php)
Message: Table 'zoe_pos_system_db.transactions' doesn't exist
Stack trace: #0 C:\Users\Asus\Downloads\Website\api\transactions.php(38): mysqli->query('SELECT t.id, t....')
#1 {main}

Error at 2026-03-28 15:45:53
Message: Table 'zoe_pos_system_db.products' doesn't exist
Stack trace: #0 C:\Users\Asus\Downloads\Website\api\products.php(36): mysqli->query('SELECT p.id, p....')
#1 {main}

Error at 2026-03-28 15:45:53 (transactions.php)
Message: Table 'zoe_pos_system_db.transactions' doesn't exist
Stack trace: #0 C:\Users\Asus\Downloads\Website\api\transactions.php(38): mysqli->query('SELECT t.id, t....')
#1 {main}

Error at 2026-03-28 15:45:53
Message: Table 'zoe_pos_system_db.products' doesn't exist
Stack trace: #0 C:\Users\Asus\Downloads\Website\api\products.php(36): mysqli->query('SELECT p.id, p....')
#1 {main}

Error at 2026-03-28 15:45:53 (transactions.php)
Message: Table 'zoe_pos_system_db.transactions' doesn't exist
Stack trace: #0 C:\Users\Asus\Downloads\Website\api\transactions.php(38): mysqli->query('SELECT t.id, t....')
#1 {main}

Error at 2026-03-28 15:45:54
Message: Table 'zoe_pos_system_db.products' doesn't exist
Stack trace: #0 C:\Users\Asus\Downloads\Website\api\products.php(36): mysqli->query('SELECT p.id, p....')
#1 {main}

Error at 2026-03-28 15:45:54 (transactions.php)
Message: Table 'zoe_pos_system_db.transactions' doesn't exist
Stack trace: #0 C:\Users\Asus\Downloads\Website\api\transactions.php(38): mysqli->query('SELECT t.id, t....')
#1 {main}

Error at 2026-03-28 15:45:54
Message: Table 'zoe_pos_system_db.products' doesn't exist
Stack trace: #0 C:\Users\Asus\Downloads\Website\api\products.php(36): mysqli->query('SELECT p.id, p....')
#1 {main}

Error at 2026-03-28 15:45:55 (transactions.php)
Message: Table 'zoe_pos_system_db.transactions' doesn't exist
Stack trace: #0 C:\Users\Asus\Downloads\Website\api\transactions.php(38): mysqli->query('SELECT t.id, t....')
#1 {main}

Error at 2026-03-28 15:45:55
Message: Table 'zoe_pos_system_db.products' doesn't exist
Stack trace: #0 C:\Users\Asus\Downloads\Website\api\products.php(36): mysqli->query('SELECT p.id, p....')
#1 {main}

Error at 2026-03-28 15:45:55 (transactions.php)
Message: Table 'zoe_pos_system_db.transactions' doesn't exist
Stack trace: #0 C:\Users\Asus\Downloads\Website\api\transactions.php(38): mysqli->query('SELECT t.id, t....')
#1 {main}

Error at 2026-03-28 15:45:55
Message: Table 'zoe_pos_system_db.products' doesn't exist
Stack trace: #0 C:\Users\Asus\Downloads\Website\api\products.php(36): mysqli->query('SELECT p.id, p....')
#1 {main}

Error at 2026-03-28 15:45:55 (transactions.php)
Message: Table 'zoe_pos_system_db.transactions' doesn't exist
Stack trace: #0 C:\Users\Asus\Downloads\Website\api\transactions.php(38): mysqli->query('SELECT t.id, t....')
#1 {main}

Error at 2026-03-28 15:45:56
Message: Table 'zoe_pos_system_db.products' doesn't exist
Stack trace: #0 C:\Users\Asus\Downloads\Website\api\products.php(36): mysqli->query('SELECT p.id, p....')
#1 {main}

Error at 2026-03-28 15:45:56 (transactions.php)
Message: Table 'zoe_pos_system_db.transactions' doesn't exist
Stack trace: #0 C:\Users\Asus\Downloads\Website\api\transactions.php(38): mysqli->query('SELECT t.id, t....')
#1 {main}

Error at 2026-03-28 15:45:56
Message: Table 'zoe_pos_system_db.products' doesn't exist
Stack trace: #0 C:\Users\Asus\Downloads\Website\api\products.php(36): mysqli->query('SELECT p.id, p....')
#1 {main}

Error at 2026-03-28 15:45:56 (transactions.php)
Message: Table 'zoe_pos_system_db.transactions' doesn't exist
Stack trace: #0 C:\Users\Asus\Downloads\Website\api\transactions.php(38): mysqli->query('SELECT t.id, t....')
#1 {main}

Error at 2026-03-28 15:45:57
Message: Table 'zoe_pos_system_db.products' doesn't exist
Stack trace: #0 C:\Users\Asus\Downloads\Website\api\products.php(36): mysqli->query('SELECT p.id, p....')
#1 {main}

Error at 2026-03-28 15:45:57 (transactions.php)
Message: Table 'zoe_pos_system_db.transactions' doesn't exist
Stack trace: #0 C:\Users\Asus\Downloads\Website\api\transactions.php(38): mysqli->query('SELECT t.id, t....')
#1 {main}

Error at 2026-03-28 15:45:57
Message: Table 'zoe_pos_system_db.products' doesn't exist
Stack trace: #0 C:\Users\Asus\Downloads\Website\api\products.php(36): mysqli->query('SELECT p.id, p....')
#1 {main}

Error at 2026-03-28 15:45:57 (transactions.php)
Message: Table 'zoe_pos_system_db.transactions' doesn't exist
Stack trace: #0 C:\Users\Asus\Downloads\Website\api\transactions.php(38): mysqli->query('SELECT t.id, t....')
#1 {main}

Error at 2026-03-28 15:45:58
Message: Table 'zoe_pos_system_db.products' doesn't exist
Stack trace: #0 C:\Users\Asus\Downloads\Website\api\products.php(36): mysqli->query('SELECT p.id, p....')
#1 {main}

Error at 2026-03-28 15:45:58 (transactions.php)
Message: Table 'zoe_pos_system_db.transactions' doesn't exist
Stack trace: #0 C:\Users\Asus\Downloads\Website\api\transactions.php(38): mysqli->query('SELECT t.id, t....')
#1 {main}

Error at 2026-03-28 15:45:58
Message: Table 'zoe_pos_system_db.products' doesn't exist
Stack trace: #0 C:\Users\Asus\Downloads\Website\api\products.php(36): mysqli->query('SELECT p.id, p....')
#1 {main}

Error at 2026-03-28 15:45:58 (transactions.php)
Message: Table 'zoe_pos_system_db.transactions' doesn't exist
Stack trace: #0 C:\Users\Asus\Downloads\Website\api\transactions.php(38): mysqli->query('SELECT t.id, t....')
#1 {main}

Error at 2026-03-28 15:45:59
Message: Table 'zoe_pos_system_db.products' doesn't exist
Stack trace: #0 C:\Users\Asus\Downloads\Website\api\products.php(36): mysqli->query('SELECT p.id, p....')
#1 {main}

Error at 2026-03-28 15:45:59 (transactions.php)
Message: Table 'zoe_pos_system_db.transactions' doesn't exist
Stack trace: #0 C:\Users\Asus\Downloads\Website\api\transactions.php(38): mysqli->query('SELECT t.id, t....')
#1 {main}

Error at 2026-03-28 15:45:59
Message: Table 'zoe_pos_system_db.products' doesn't exist
Stack trace: #0 C:\Users\Asus\Downloads\Website\api\products.php(36): mysqli->query('SELECT p.id, p....')
#1 {main}

Error at 2026-03-28 15:45:59 (transactions.php)
Message: Table 'zoe_pos_system_db.transactions' doesn't exist
Stack trace: #0 C:\Users\Asus\Downloads\Website\api\transactions.php(38): mysqli->query('SELECT t.id, t....')
#1 {main}

Error at 2026-03-28 15:46:00
Message: Table 'zoe_pos_system_db.products' doesn't exist
Stack trace: #0 C:\Users\Asus\Downloads\Website\api\products.php(36): mysqli->query('SELECT p.id, p....')
#1 {main}

Error at 2026-03-28 15:46:00 (transactions.php)
Message: Table 'zoe_pos_system_db.transactions' doesn't exist
Stack trace: #0 C:\Users\Asus\Downloads\Website\api\transactions.php(38): mysqli->query('SELECT t.id, t....')
#1 {main}

Error at 2026-03-28 15:46:00
Message: Table 'zoe_pos_system_db.products' doesn't exist
Stack trace: #0 C:\Users\Asus\Downloads\Website\api\products.php(36): mysqli->query('SELECT p.id, p....')
#1 {main}

Error at 2026-03-28 15:46:00 (transactions.php)
Message: Table 'zoe_pos_system_db.transactions' doesn't exist
Stack trace: #0 C:\Users\Asus\Downloads\Website\api\transactions.php(38): mysqli->query('SELECT t.id, t....')
#1 {main}

Error at 2026-03-28 15:46:01
Message: Table 'zoe_pos_system_db.products' doesn't exist
Stack trace: #0 C:\Users\Asus\Downloads\Website\api\products.php(36): mysqli->query('SELECT p.id, p....')
#1 {main}

Error at 2026-03-28 15:46:01 (transactions.php)
Message: Table 'zoe_pos_system_db.transactions' doesn't exist
Stack trace: #0 C:\Users\Asus\Downloads\Website\api\transactions.php(38): mysqli->query('SELECT t.id, t....')
#1 {main}

Error at 2026-03-28 15:46:01
Message: Table 'zoe_pos_system_db.products' doesn't exist
Stack trace: #0 C:\Users\Asus\Downloads\Website\api\products.php(36): mysqli->query('SELECT p.id, p....')
#1 {main}

Error at 2026-03-28 15:46:02 (transactions.php)
Message: Table 'zoe_pos_system_db.transactions' doesn't exist
Stack trace: #0 C:\Users\Asus\Downloads\Website\api\transactions.php(38): mysqli->query('SELECT t.id, t....')
#1 {main}

Error at 2026-03-28 15:46:02
Message: Table 'zoe_pos_system_db.products' doesn't exist
Stack trace: #0 C:\Users\Asus\Downloads\Website\api\products.php(36): mysqli->query('SELECT p.id, p....')
#1 {main}

Error at 2026-03-28 15:46:02 (transactions.php)
Message: Table 'zoe_pos_system_db.transactions' doesn't exist
Stack trace: #0 C:\Users\Asus\Downloads\Website\api\transactions.php(38): mysqli->query('SELECT t.id, t....')
#1 {main}

Error at 2026-03-28 15:46:02
Message: Table 'zoe_pos_system_db.products' doesn't exist
Stack trace: #0 C:\Users\Asus\Downloads\Website\api\products.php(36): mysqli->query('SELECT p.id, p....')
#1 {main}

Error at 2026-03-28 15:46:02 (transactions.php)
Message: Table 'zoe_pos_system_db.transactions' doesn't exist
Stack trace: #0 C:\Users\Asus\Downloads\Website\api\transactions.php(38): mysqli->query('SELECT t.id, t....')
#1 {main}

Error at 2026-03-28 15:46:03
Message: Table 'zoe_pos_system_db.products' doesn't exist
Stack trace: #0 C:\Users\Asus\Downloads\Website\api\products.php(36): mysqli->query('SELECT p.id, p....')
#1 {main}

Error at 2026-03-28 15:46:03 (transactions.php)
Message: Table 'zoe_pos_system_db.transactions' doesn't exist
Stack trace: #0 C:\Users\Asus\Downloads\Website\api\transactions.php(38): mysqli->query('SELECT t.id, t....')
#1 {main}

Error at 2026-03-28 15:46:03
Message: Table 'zoe_pos_system_db.products' doesn't exist
Stack trace: #0 C:\Users\Asus\Downloads\Website\api\products.php(36): mysqli->query('SELECT p.id, p....')
#1 {main}

Error at 2026-03-28 15:46:03 (transactions.php)
Message: Table 'zoe_pos_system_db.transactions' doesn't exist
Stack trace: #0 C:\Users\Asus\Downloads\Website\api\transactions.php(38): mysqli->query('SELECT t.id, t....')
#1 {main}

Error at 2026-03-28 15:46:04
Message: Table 'zoe_pos_system_db.products' doesn't exist
Stack trace: #0 C:\Users\Asus\Downloads\Website\api\products.php(36): mysqli->query('SELECT p.id, p....')
#1 {main}

Error at 2026-03-28 15:46:04 (transactions.php)
Message: Table 'zoe_pos_system_db.transactions' doesn't exist
Stack trace: #0 C:\Users\Asus\Downloads\Website\api\transactions.php(38): mysqli->query('SELECT t.id, t....')
#1 {main}

Error at 2026-03-28 15:46:04
Message: Table 'zoe_pos_system_db.products' doesn't exist
Stack trace: #0 C:\Users\Asus\Downloads\Website\api\products.php(36): mysqli->query('SELECT p.id, p....')
#1 {main}

Error at 2026-03-28 15:46:05 (transactions.php)
Message: Table 'zoe_pos_system_db.transactions' doesn't exist
Stack trace: #0 C:\Users\Asus\Downloads\Website\api\transactions.php(38): mysqli->query('SELECT t.id, t....')
#1 {main}

Error at 2026-03-28 15:46:05
Message: Table 'zoe_pos_system_db.products' doesn't exist
Stack trace: #0 C:\Users\Asus\Downloads\Website\api\products.php(36): mysqli->query('SELECT p.id, p....')
#1 {main}

Error at 2026-03-28 15:46:05 (transactions.php)
Message: Table 'zoe_pos_system_db.transactions' doesn't exist
Stack trace: #0 C:\Users\Asus\Downloads\Website\api\transactions.php(38): mysqli->query('SELECT t.id, t....')
#1 {main}

Error at 2026-03-28 15:46:05
Message: Table 'zoe_pos_system_db.products' doesn't exist
Stack trace: #0 C:\Users\Asus\Downloads\Website\api\products.php(36): mysqli->query('SELECT p.id, p....')
#1 {main}

Error at 2026-03-28 15:46:05 (transactions.php)
Message: Table 'zoe_pos_system_db.transactions' doesn't exist
Stack trace: #0 C:\Users\Asus\Downloads\Website\api\transactions.php(38): mysqli->query('SELECT t.id, t....')
#1 {main}

Error at 2026-03-28 15:46:06
Message: Table 'zoe_pos_system_db.products' doesn't exist
Stack trace: #0 C:\Users\Asus\Downloads\Website\api\products.php(36): mysqli->query('SELECT p.id, p....')
#1 {main}

Error at 2026-03-28 15:46:06 (transactions.php)
Message: Table 'zoe_pos_system_db.transactions' doesn't exist
Stack trace: #0 C:\Users\Asus\Downloads\Website\api\transactions.php(38): mysqli->query('SELECT t.id, t....')
#1 {main}

Error at 2026-03-28 15:46:06
Message: Table 'zoe_pos_system_db.products' doesn't exist
Stack trace: #0 C:\Users\Asus\Downloads\Website\api\products.php(36): mysqli->query('SELECT p.id, p....')
#1 {main}

Error at 2026-03-28 15:46:06 (transactions.php)
Message: Table 'zoe_pos_system_db.transactions' doesn't exist
Stack trace: #0 C:\Users\Asus\Downloads\Website\api\transactions.php(38): mysqli->query('SELECT t.id, t....')
#1 {main}

Error at 2026-03-28 15:46:07
Message: Table 'zoe_pos_system_db.products' doesn't exist
Stack trace: #0 C:\Users\Asus\Downloads\Website\api\products.php(36): mysqli->query('SELECT p.id, p....')
#1 {main}

Error at 2026-03-28 15:46:07 (transactions.php)
Message: Table 'zoe_pos_system_db.transactions' doesn't exist
Stack trace: #0 C:\Users\Asus\Downloads\Website\api\transactions.php(38): mysqli->query('SELECT t.id, t....')
#1 {main}

Error at 2026-03-28 15:46:07
Message: Table 'zoe_pos_system_db.products' doesn't exist
Stack trace: #0 C:\Users\Asus\Downloads\Website\api\products.php(36): mysqli->query('SELECT p.id, p....')
#1 {main}

Error at 2026-03-28 15:46:07 (transactions.php)
Message: Table 'zoe_pos_system_db.transactions' doesn't exist
Stack trace: #0 C:\Users\Asus\Downloads\Website\api\transactions.php(38): mysqli->query('SELECT t.id, t....')
#1 {main}

Error at 2026-03-28 15:46:08
Message: Table 'zoe_pos_system_db.products' doesn't exist
Stack trace: #0 C:\Users\Asus\Downloads\Website\api\products.php(36): mysqli->query('SELECT p.id, p....')
#1 {main}

Error at 2026-03-28 15:46:08 (transactions.php)
Message: Table 'zoe_pos_system_db.transactions' doesn't exist
Stack trace: #0 C:\Users\Asus\Downloads\Website\api\transactions.php(38): mysqli->query('SELECT t.id, t....')
#1 {main}

Error at 2026-03-28 15:46:08
Message: Table 'zoe_pos_system_db.products' doesn't exist
Stack trace: #0 C:\Users\Asus\Downloads\Website\api\products.php(36): mysqli->query('SELECT p.id, p....')
#1 {main}

Error at 2026-03-28 15:46:08 (transactions.php)
Message: Table 'zoe_pos_system_db.transactions' doesn't exist
Stack trace: #0 C:\Users\Asus\Downloads\Website\api\transactions.php(38): mysqli->query('SELECT t.id, t....')
#1 {main}

Error at 2026-03-28 15:46:09
Message: Table 'zoe_pos_system_db.products' doesn't exist
Stack trace: #0 C:\Users\Asus\Downloads\Website\api\products.php(36): mysqli->query('SELECT p.id, p....')
#1 {main}

Error at 2026-03-28 15:46:09 (transactions.php)
Message: Table 'zoe_pos_system_db.transactions' doesn't exist
Stack trace: #0 C:\Users\Asus\Downloads\Website\api\transactions.php(38): mysqli->query('SELECT t.id, t....')
#1 {main}

Error at 2026-03-28 15:46:09
Message: Table 'zoe_pos_system_db.products' doesn't exist
Stack trace: #0 C:\Users\Asus\Downloads\Website\api\products.php(36): mysqli->query('SELECT p.id, p....')
#1 {main}

Error at 2026-03-28 15:46:09 (transactions.php)
Message: Table 'zoe_pos_system_db.transactions' doesn't exist
Stack trace: #0 C:\Users\Asus\Downloads\Website\api\transactions.php(38): mysqli->query('SELECT t.id, t....')
#1 {main}

Error at 2026-03-28 15:46:10
Message: Table 'zoe_pos_system_db.products' doesn't exist
Stack trace: #0 C:\Users\Asus\Downloads\Website\api\products.php(36): mysqli->query('SELECT p.id, p....')
#1 {main}

Error at 2026-03-28 15:46:10 (transactions.php)
Message: Table 'zoe_pos_system_db.transactions' doesn't exist
Stack trace: #0 C:\Users\Asus\Downloads\Website\api\transactions.php(38): mysqli->query('SELECT t.id, t....')
#1 {main}

Error at 2026-03-28 15:46:10
Message: Table 'zoe_pos_system_db.products' doesn't exist
Stack trace: #0 C:\Users\Asus\Downloads\Website\api\products.php(36): mysqli->query('SELECT p.id, p....')
#1 {main}

Error at 2026-03-28 15:46:11 (transactions.php)
Message: Table 'zoe_pos_system_db.transactions' doesn't exist
Stack trace: #0 C:\Users\Asus\Downloads\Website\api\transactions.php(38): mysqli->query('SELECT t.id, t....')
#1 {main}

Error at 2026-03-28 15:46:11
Message: Table 'zoe_pos_system_db.products' doesn't exist
Stack trace: #0 C:\Users\Asus\Downloads\Website\api\products.php(36): mysqli->query('SELECT p.id, p....')
#1 {main}

Error at 2026-03-28 15:46:11 (transactions.php)
Message: Table 'zoe_pos_system_db.transactions' doesn't exist
Stack trace: #0 C:\Users\Asus\Downloads\Website\api\transactions.php(38): mysqli->query('SELECT t.id, t....')
#1 {main}

Error at 2026-03-28 15:46:11
Message: Table 'zoe_pos_system_db.products' doesn't exist
Stack trace: #0 C:\Users\Asus\Downloads\Website\api\products.php(36): mysqli->query('SELECT p.id, p....')
#1 {main}

Error at 2026-03-28 15:46:11 (transactions.php)
Message: Table 'zoe_pos_system_db.transactions' doesn't exist
Stack trace: #0 C:\Users\Asus\Downloads\Website\api\transactions.php(38): mysqli->query('SELECT t.id, t....')
#1 {main}

Error at 2026-03-28 15:46:12
Message: Table 'zoe_pos_system_db.products' doesn't exist
Stack trace: #0 C:\Users\Asus\Downloads\Website\api\products.php(36): mysqli->query('SELECT p.id, p....')
#1 {main}

Error at 2026-03-28 15:46:12 (transactions.php)
Message: Table 'zoe_pos_system_db.transactions' doesn't exist
Stack trace: #0 C:\Users\Asus\Downloads\Website\api\transactions.php(38): mysqli->query('SELECT t.id, t....')
#1 {main}

Error at 2026-03-28 15:46:12
Message: Table 'zoe_pos_system_db.products' doesn't exist
Stack trace: #0 C:\Users\Asus\Downloads\Website\api\products.php(36): mysqli->query('SELECT p.id, p....')
#1 {main}

Error at 2026-03-28 15:46:13 (transactions.php)
Message: Table 'zoe_pos_system_db.transactions' doesn't exist
Stack trace: #0 C:\Users\Asus\Downloads\Website\api\transactions.php(38): mysqli->query('SELECT t.id, t....')
#1 {main}

Error at 2026-03-28 15:46:13
Message: Table 'zoe_pos_system_db.products' doesn't exist
Stack trace: #0 C:\Users\Asus\Downloads\Website\api\products.php(36): mysqli->query('SELECT p.id, p....')
#1 {main}

Error at 2026-03-28 15:46:13 (transactions.php)
Message: Table 'zoe_pos_system_db.transactions' doesn't exist
Stack trace: #0 C:\Users\Asus\Downloads\Website\api\transactions.php(38): mysqli->query('SELECT t.id, t....')
#1 {main}

Error at 2026-03-28 15:46:13
Message: Table 'zoe_pos_system_db.products' doesn't exist
Stack trace: #0 C:\Users\Asus\Downloads\Website\api\products.php(36): mysqli->query('SELECT p.id, p....')
#1 {main}

Error at 2026-03-28 15:46:13 (transactions.php)
Message: Table 'zoe_pos_system_db.transactions' doesn't exist
Stack trace: #0 C:\Users\Asus\Downloads\Website\api\transactions.php(38): mysqli->query('SELECT t.id, t....')
#1 {main}

Error at 2026-03-28 15:46:14
Message: Table 'zoe_pos_system_db.products' doesn't exist
Stack trace: #0 C:\Users\Asus\Downloads\Website\api\products.php(36): mysqli->query('SELECT p.id, p....')
#1 {main}

Error at 2026-03-28 15:46:14 (transactions.php)
Message: Table 'zoe_pos_system_db.transactions' doesn't exist
Stack trace: #0 C:\Users\Asus\Downloads\Website\api\transactions.php(38): mysqli->query('SELECT t.id, t....')
#1 {main}

Error at 2026-03-28 15:46:14
Message: Table 'zoe_pos_system_db.products' doesn't exist
Stack trace: #0 C:\Users\Asus\Downloads\Website\api\products.php(36): mysqli->query('SELECT p.id, p....')
#1 {main}

Error at 2026-03-28 15:46:14 (transactions.php)
Message: Table 'zoe_pos_system_db.transactions' doesn't exist
Stack trace: #0 C:\Users\Asus\Downloads\Website\api\transactions.php(38): mysqli->query('SELECT t.id, t....')
#1 {main}

Error at 2026-03-28 15:46:15
Message: Table 'zoe_pos_system_db.products' doesn't exist
Stack trace: #0 C:\Users\Asus\Downloads\Website\api\products.php(36): mysqli->query('SELECT p.id, p....')
#1 {main}

Error at 2026-03-28 15:46:15 (transactions.php)
Message: Table 'zoe_pos_system_db.transactions' doesn't exist
Stack trace: #0 C:\Users\Asus\Downloads\Website\api\transactions.php(38): mysqli->query('SELECT t.id, t....')
#1 {main}

Error at 2026-03-28 15:46:15
Message: Table 'zoe_pos_system_db.products' doesn't exist
Stack trace: #0 C:\Users\Asus\Downloads\Website\api\products.php(36): mysqli->query('SELECT p.id, p....')
#1 {main}

Error at 2026-03-28 15:46:16 (transactions.php)
Message: Table 'zoe_pos_system_db.transactions' doesn't exist
Stack trace: #0 C:\Users\Asus\Downloads\Website\api\transactions.php(38): mysqli->query('SELECT t.id, t....')
#1 {main}

Error at 2026-03-28 15:46:16
Message: Table 'zoe_pos_system_db.products' doesn't exist
Stack trace: #0 C:\Users\Asus\Downloads\Website\api\products.php(36): mysqli->query('SELECT p.id, p....')
#1 {main}

Error at 2026-03-28 15:46:16 (transactions.php)
Message: Table 'zoe_pos_system_db.transactions' doesn't exist
Stack trace: #0 C:\Users\Asus\Downloads\Website\api\transactions.php(38): mysqli->query('SELECT t.id, t....')
#1 {main}

Error at 2026-03-28 15:46:16
Message: Table 'zoe_pos_system_db.products' doesn't exist
Stack trace: #0 C:\Users\Asus\Downloads\Website\api\products.php(36): mysqli->query('SELECT p.id, p....')
#1 {main}

Error at 2026-03-28 15:46:16 (transactions.php)
Message: Table 'zoe_pos_system_db.transactions' doesn't exist
Stack trace: #0 C:\Users\Asus\Downloads\Website\api\transactions.php(38): mysqli->query('SELECT t.id, t....')
#1 {main}

Error at 2026-03-28 15:46:17
Message: Table 'zoe_pos_system_db.products' doesn't exist
Stack trace: #0 C:\Users\Asus\Downloads\Website\api\products.php(36): mysqli->query('SELECT p.id, p....')
#1 {main}

Error at 2026-03-28 15:46:17 (transactions.php)
Message: Table 'zoe_pos_system_db.transactions' doesn't exist
Stack trace: #0 C:\Users\Asus\Downloads\Website\api\transactions.php(38): mysqli->query('SELECT t.id, t....')
#1 {main}

Error at 2026-03-28 15:46:18
Message: Table 'zoe_pos_system_db.products' doesn't exist
Stack trace: #0 C:\Users\Asus\Downloads\Website\api\products.php(36): mysqli->query('SELECT p.id, p....')
#1 {main}

Error at 2026-03-28 15:46:18 (transactions.php)
Message: Table 'zoe_pos_system_db.transactions' doesn't exist
Stack trace: #0 C:\Users\Asus\Downloads\Website\api\transactions.php(38): mysqli->query('SELECT t.id, t....')
#1 {main}

Error at 2026-03-28 15:46:18
Message: Table 'zoe_pos_system_db.products' doesn't exist
Stack trace: #0 C:\Users\Asus\Downloads\Website\api\products.php(36): mysqli->query('SELECT p.id, p....')
#1 {main}

Error at 2026-03-28 15:46:18 (transactions.php)
Message: Table 'zoe_pos_system_db.transactions' doesn't exist
Stack trace: #0 C:\Users\Asus\Downloads\Website\api\transactions.php(38): mysqli->query('SELECT t.id, t....')
#1 {main}

Error at 2026-03-28 15:46:18
Message: Table 'zoe_pos_system_db.products' doesn't exist
Stack trace: #0 C:\Users\Asus\Downloads\Website\api\products.php(36): mysqli->query('SELECT p.id, p....')
#1 {main}

Error at 2026-03-28 15:46:18 (transactions.php)
Message: Table 'zoe_pos_system_db.transactions' doesn't exist
Stack trace: #0 C:\Users\Asus\Downloads\Website\api\transactions.php(38): mysqli->query('SELECT t.id, t....')
#1 {main}

Error at 2026-03-28 15:46:19
Message: Table 'zoe_pos_system_db.products' doesn't exist
Stack trace: #0 C:\Users\Asus\Downloads\Website\api\products.php(36): mysqli->query('SELECT p.id, p....')
#1 {main}

Error at 2026-04-03 14:01:26
Message: Unknown column 'p.new_batch_quantity' in 'field list'
Stack trace: #0 C:\Users\Asus\Downloads\Website\api\products.php(36): mysqli->query('SELECT p.id, p....')
#1 {main}

